{
  "train_loss": [
    2.102748254623413,
    1.9361608435058595,
    1.8540607446670532,
    1.7899189652252196,
    1.7437229187393188,
    1.711529369430542,
    1.683713793373108,
    1.658473705177307,
    1.6344918567276001,
    1.6147776763153077,
    1.5933705972671508,
    1.5780740592193603,
    1.5608692608642578,
    1.5474131145858765,
    1.5315266232299805,
    1.5156896979904175,
    1.5006719205093384,
    1.4864182903289795,
    1.4707109547805786,
    1.4527680871963502,
    1.4414885494613647,
    1.4202718677139283,
    1.4100252868270875,
    1.3935394060134887,
    1.377180322189331,
    1.3570714446258545,
    1.3403970029449463,
    1.3215611338043214,
    1.3069096050262452,
    1.2852567877960206,
    1.2648359552764892,
    1.2436759127426147,
    1.236662653541565,
    1.2112871941757202,
    1.1980216408538817,
    1.182312654800415,
    1.1592565642547608,
    1.1462972986602784,
    1.1316427249145509,
    1.1221179271316528,
    1.1102527910995483,
    1.095176350288391,
    1.087535394668579,
    1.0788556042861939,
    1.0709992702102662,
    1.0708571029281617,
    1.0629133905410766,
    1.063422702331543,
    1.0614313842964171,
    1.0547794742584229
  ],
  "train_acc": [
    25.962,
    34.756,
    39.544,
    43.008,
    45.42,
    47.154,
    48.252,
    49.8,
    50.634,
    51.634,
    52.734,
    53.468,
    54.172,
    54.564,
    55.106,
    55.726,
    56.372,
    56.874,
    57.284,
    57.854,
    58.206,
    58.838,
    59.146,
    59.59,
    59.96,
    60.644,
    61.072,
    61.472,
    61.65,
    62.448,
    62.762,
    63.102,
    63.322,
    64.078,
    64.348,
    64.638,
    65.362,
    65.71,
    66.02,
    66.228,
    66.56,
    66.956,
    67.088,
    67.412,
    67.534,
    67.524,
    67.836,
    67.76,
    67.674,
    68.092
  ],
  "test_loss": [
    1.631572308921814,
    1.4556744171142577,
    1.307463542366028,
    1.222866329574585,
    1.1562678609848023,
    1.1233389101028441,
    1.0993662868499756,
    1.0554842475891113,
    1.022749528312683,
    1.0378626706123353,
    1.0003234159469605,
    0.981089912033081,
    0.9710812621116638,
    0.9562978658676148,
    0.9558101685523986,
    0.9169022753715516,
    0.9370773464202881,
    0.9364241165161132,
    0.896694912815094,
    0.9254717206001282,
    0.9298746710777283,
    0.9156758358001709,
    0.9029763375282288,
    0.910137173461914,
    0.9118418535232544,
    0.9020510845184326,
    0.9090743282318116,
    0.9332024978637695,
    0.9246881541252137,
    0.9224486005783081,
    0.9181550503730774,
    0.9399321605682373,
    0.9370627388954162,
    0.9581977462768555,
    0.9680633478164673,
    0.9586510587692261,
    0.9575626630783081,
    0.9694132997512818,
    0.9896575841903686,
    0.9840023471832275,
    0.9858435152053833,
    0.9930353452682495,
    1.0085768867492675,
    1.0024782523155213,
    1.0064912809371949,
    1.0139714136123656,
    1.0158513132095337,
    1.0098584183692931,
    1.012342198562622,
    1.0182243700027467
  ],
  "test_acc": [
    43.55,
    52.63,
    58.44,
    62.67,
    65.31,
    67.18,
    68.84,
    70.29,
    71.32,
    71.22,
    72.41,
    73.78,
    73.91,
    74.31,
    75.26,
    74.75,
    75.4,
    75.11,
    75.94,
    75.9,
    75.61,
    75.66,
    75.71,
    76.04,
    75.86,
    75.54,
    75.56,
    75.22,
    75.77,
    75.35,
    75.4,
    74.58,
    74.54,
    74.36,
    73.85,
    74.15,
    74.14,
    73.47,
    73.07,
    73.58,
    73.2,
    73.06,
    72.83,
    72.89,
    72.51,
    72.55,
    72.41,
    72.77,
    72.44,
    72.47
  ],
  "learning_rate": [
    0.0001,
    9.990133642141359e-05,
    9.96057350657239e-05,
    9.911436253643444e-05,
    9.842915805643155e-05,
    9.755282581475769e-05,
    9.648882429441257e-05,
    9.524135262330098e-05,
    9.381533400219317e-05,
    9.221639627510075e-05,
    9.045084971874735e-05,
    8.852566213878945e-05,
    8.644843137107056e-05,
    8.422735529643442e-05,
    8.187119948743447e-05,
    7.938926261462366e-05,
    7.679133974894982e-05,
    7.408768370508575e-05,
    7.128896457825361e-05,
    6.840622763423389e-05,
    6.545084971874736e-05,
    6.243449435824272e-05,
    5.9369065729286224e-05,
    5.626666167821521e-05,
    5.3139525976465657e-05,
    4.999999999999998e-05,
    4.6860474023534314e-05,
    4.3733338321784775e-05,
    4.063093427071375e-05,
    3.756550564175724e-05,
    3.454915028125263e-05,
    3.1593772365766105e-05,
    2.8711035421746357e-05,
    2.591231629491422e-05,
    2.3208660251050148e-05,
    2.061073738537634e-05,
    1.8128800512565503e-05,
    1.5772644703565555e-05,
    1.3551568628929426e-05,
    1.1474337861210536e-05,
    9.549150281252626e-06,
    7.783603724899252e-06,
    6.184665997806817e-06,
    4.75864737669903e-06,
    3.5111757055874303e-06,
    2.4471741852423216e-06,
    1.5708419435684504e-06,
    8.856374635655631e-07,
    3.942649342761114e-07,
    9.866357858642197e-08
  ],
  "epoch_time": [
    4.8034093379974365,
    4.459173679351807,
    4.488010406494141,
    4.47803258895874,
    4.423220157623291,
    4.5020363330841064,
    4.51617693901062,
    4.573608636856079,
    4.519359111785889,
    4.489962816238403,
    4.390979766845703,
    4.484691381454468,
    4.481322526931763,
    4.43987774848938,
    4.500943422317505,
    4.439886569976807,
    4.479755878448486,
    4.519944667816162,
    4.449437618255615,
    4.506934642791748,
    4.431920528411865,
    4.476032733917236,
    4.469515323638916,
    4.45366907119751,
    4.4599220752716064,
    4.406694650650024,
    4.488085031509399,
    4.471989870071411,
    4.434121131896973,
    4.454366445541382,
    4.3901047706604,
    4.482328414916992,
    4.416489839553833,
    4.480759620666504,
    4.480822563171387,
    4.510945081710815,
    4.43421196937561,
    4.417818546295166,
    4.440196514129639,
    4.457163095474243,
    4.49252462387085,
    4.466979265213013,
    4.444504737854004,
    4.432128429412842,
    4.448200941085815,
    4.443419933319092,
    4.452408790588379,
    4.497746229171753,
    4.503158092498779,
    4.497814655303955
  ]
}