{
  "train_loss": [
    1.7112225108718873,
    1.3297900457763672,
    1.1921951373291015,
    1.1318013969421388,
    1.0945087476921083,
    1.0861067569732665,
    1.049027063293457,
    1.006472257976532,
    0.9822908234024048,
    0.9514740735244751,
    0.9365114552688598,
    0.9146554415893555,
    0.8960132194519043,
    0.8818833438491821,
    0.866112575378418,
    0.8568739407730103,
    0.8569385465812683,
    0.841276483001709,
    0.8407746138000488,
    0.8262849872589111,
    0.8231905654907227,
    0.8149389556884765,
    0.8062992991828919,
    0.7967087246704102,
    0.8006606943321228,
    0.7922467472839355,
    0.7853630450439453,
    0.7855364843368531,
    0.7798541196441651,
    0.7713252326774597,
    0.7620268448829651,
    0.7555484870529174,
    0.757204045753479,
    0.7475778570365905,
    0.747552486629486,
    0.7423145988845825,
    0.7369921237564087,
    0.732400373954773,
    0.7272706576156617,
    0.7245497050476074,
    0.7105868268394471,
    0.7067277985763549,
    0.6951877699279785,
    0.6978515118789673,
    0.6881413234710694,
    0.6861713230514527,
    0.6785923481559754,
    0.6794769820594787,
    0.6677008631134034,
    0.6587922858047486,
    0.6558294524383544,
    0.6525550951194763,
    0.6446579084777831,
    0.6389539646530151,
    0.6292264192008972,
    0.623337906703949,
    0.619906303062439,
    0.6120522703933716,
    0.605204799156189,
    0.5973856637191772,
    0.5943004083633423,
    0.5835557885169983,
    0.5733149306297303,
    0.5734228620529175,
    0.5691188382625579,
    0.5592952694702148,
    0.5475999420166016,
    0.5461054287719727,
    0.5359696389961243,
    0.5296108387374878,
    0.5178722099971771,
    0.5174461003303528,
    0.5072336465454101,
    0.4999506477165222,
    0.48881094120025637,
    0.4887011354446411,
    0.4773187634277344,
    0.4713671837234497,
    0.46426428133010866,
    0.45596492312431336,
    0.4499187523269653,
    0.44592595869064333,
    0.43607217423439026,
    0.43000059241294863,
    0.4232384160614014,
    0.42047659116744995,
    0.41448608688354494,
    0.4072705438518524,
    0.40181880562782285,
    0.40210094024658205,
    0.396483124332428,
    0.39001308862686157,
    0.3900218422317505,
    0.38589677417755125,
    0.38431858090400695,
    0.38538983961105344,
    0.3826403368282318,
    0.378300819606781,
    0.3789393120861054,
    0.37090313718795775
  ],
  "train_acc": [
    37.356,
    51.784,
    57.844,
    60.492,
    62.048,
    62.78,
    64.728,
    66.246,
    66.954,
    68.212,
    68.6,
    69.176,
    70.048,
    70.574,
    70.978,
    71.128,
    71.352,
    71.954,
    71.8,
    72.43,
    72.578,
    72.684,
    72.85,
    73.362,
    72.996,
    73.434,
    73.652,
    73.604,
    73.9,
    74.172,
    74.486,
    74.774,
    74.706,
    74.978,
    74.734,
    75.106,
    75.24,
    75.418,
    75.746,
    75.902,
    76.368,
    76.586,
    76.96,
    76.67,
    77.24,
    77.072,
    77.36,
    77.324,
    78.022,
    78.086,
    78.302,
    78.304,
    78.324,
    78.93,
    79.114,
    79.502,
    79.468,
    79.652,
    79.898,
    80.36,
    80.41,
    80.714,
    80.974,
    81.086,
    81.274,
    81.606,
    81.796,
    81.868,
    82.474,
    82.554,
    82.866,
    82.842,
    83.49,
    83.676,
    83.854,
    83.924,
    84.362,
    84.538,
    84.76,
    85.092,
    85.212,
    85.592,
    85.858,
    85.86,
    86.278,
    86.406,
    86.64,
    86.838,
    87.026,
    86.824,
    87.106,
    87.454,
    87.426,
    87.446,
    87.596,
    87.574,
    87.558,
    87.838,
    87.704,
    88.23
  ],
  "test_loss": [
    1.4345372492790223,
    1.278845376586914,
    1.1000499646186828,
    1.180267942905426,
    1.0809060657501222,
    1.1658349500656129,
    1.2426339220046998,
    1.0654244108200073,
    1.171883765411377,
    1.0419147874832153,
    0.9102636112213135,
    1.0200899277687072,
    0.9511853053092957,
    1.017387242603302,
    0.8860808390617371,
    0.8466710540771485,
    0.8659046490669251,
    0.9450432473659516,
    1.0286609820365906,
    0.8723498893737793,
    0.8896847634315491,
    0.8086142907142639,
    0.8319745953559875,
    0.933173398399353,
    0.8295914999008178,
    0.8279605128288269,
    0.7752271866798401,
    0.8328134449005127,
    0.84468754529953,
    0.8426605381965637,
    0.8023668732643128,
    0.7956208591461181,
    1.0148894822120667,
    0.7570367441177368,
    0.756569501209259,
    0.859628010559082,
    0.7640683102607727,
    0.7595592777252197,
    0.7885669711589813,
    0.6978331370353699,
    0.7355538349151611,
    0.7311798811912537,
    0.7018573650360107,
    0.7658230590820313,
    0.715353168296814,
    0.7006807728767395,
    0.6862215839862823,
    0.7785481543540954,
    0.654447275686264,
    0.7407730360984802,
    0.6580125283241272,
    0.6582076578617096,
    0.700114811706543,
    0.6340018084526062,
    0.6471843235015869,
    0.6419253548145294,
    0.6598367567062378,
    0.6236514563560486,
    0.611857470035553,
    0.6366573263168335,
    0.6003099955558777,
    0.6054055617332459,
    0.6107765717983246,
    0.5754688532829285,
    0.5863359614372253,
    0.6120761664867401,
    0.5891368055343628,
    0.5770846290588378,
    0.5499278855800629,
    0.5745985885620117,
    0.5593266932010651,
    0.5348791855335235,
    0.5407132845401764,
    0.5292043390274048,
    0.5355458693981171,
    0.5239057560443878,
    0.5465587465286255,
    0.5205278393030167,
    0.5246748646974564,
    0.5161637589931488,
    0.5185634280204773,
    0.5045587753772736,
    0.49540761041641235,
    0.4976364729881287,
    0.49448521728515626,
    0.4936039710998535,
    0.48821110043525695,
    0.4903970251560211,
    0.48351819734573365,
    0.4951903657913208,
    0.4858890594959259,
    0.4842974550247192,
    0.47779510979652406,
    0.4762526075839996,
    0.47934202094078066,
    0.4754717905044556,
    0.4773098855018616,
    0.47719133129119873,
    0.47727431750297544,
    0.4763596873283386
  ],
  "test_acc": [
    47.86,
    55.8,
    61.49,
    59.9,
    63.0,
    60.69,
    59.36,
    64.09,
    61.23,
    64.22,
    68.93,
    66.0,
    67.92,
    66.21,
    70.45,
    71.96,
    70.59,
    68.03,
    65.8,
    70.49,
    70.1,
    72.77,
    72.17,
    68.68,
    71.46,
    71.84,
    73.87,
    71.88,
    71.99,
    71.81,
    73.32,
    72.77,
    66.86,
    74.53,
    75.1,
    71.69,
    74.13,
    74.15,
    73.53,
    76.82,
    75.39,
    75.78,
    76.36,
    74.49,
    76.06,
    76.57,
    76.98,
    73.7,
    77.63,
    75.15,
    78.01,
    78.06,
    76.94,
    78.56,
    78.06,
    78.78,
    77.9,
    79.24,
    79.67,
    78.77,
    79.81,
    80.07,
    79.8,
    81.04,
    80.82,
    79.47,
    80.39,
    80.83,
    82.09,
    81.29,
    81.28,
    82.06,
    81.93,
    82.64,
    82.55,
    82.7,
    81.74,
    83.13,
    82.55,
    83.12,
    82.86,
    82.97,
    83.39,
    83.2,
    83.52,
    83.81,
    83.85,
    83.79,
    83.85,
    83.73,
    83.9,
    83.97,
    84.21,
    84.15,
    84.03,
    84.11,
    84.12,
    83.9,
    84.17,
    84.14
  ],