{
  "train_loss": [
    4.432501469268799,
    4.1327957029724125,
    3.90694259475708,
    3.7029438275146482,
    3.516847527770996,
    3.392729852371216,
    3.3099319200897215,
    3.2114752917480467,
    3.145976159515381,
    3.0960926238250734,
    3.0528473066711426,
    3.009500196456909,
    2.977711824493408,
    2.941891251373291,
    2.921951522216797,
    2.889449401245117,
    2.877273209075928,
    2.8506104709625246,
    2.840922250518799,
    2.8253286178588866,
    2.809703784713745,
    2.778739941558838,
    2.76460029586792,
    2.7591618088531495,
    2.739568893203735,
    2.734493295288086,
    2.730541786956787,
    2.7140918264770506,
    2.695913579711914,
    2.684201628112793,
    2.684533018875122,
    2.6654049811553957,
    2.6515043257141113,
    2.6448813874816897,
    2.6315457526397705,
    2.6246273713684083,
    2.620374492340088,
    2.610371093444824,
    2.5909511263275147,
    2.583040087814331,
    2.5723492472839355,
    2.569747162322998,
    2.5527134846496584,
    2.5393800052642823,
    2.533306018066406,
    2.5174626585388182,
    2.5096400241088865,
    2.4944806967926025,
    2.492262236328125,
    2.481177510375977,
    2.4673351235198973,
    2.455692148284912,
    2.4493273416137695,
    2.4317801636505125,
    2.4226062249755858,
    2.4136901413726806,
    2.3964527423095703,
    2.389753246612549,
    2.3796733866882325,
    2.3737477807617187,
    2.349042914505005,
    2.342456245803833,
    2.328455142745972,
    2.315448285980225,
    2.3079063227844236,
    2.2987906672668457,
    2.2873647624206543,
    2.27050475440979,
    2.271712822418213,
    2.24528555267334,
    2.2408334518432618,
    2.223645043334961,
    2.211991965942383,
    2.2024608460998536,
    2.191582198944092,
    2.1800495706176757,
    2.173898881378174,
    2.164713823547363,
    2.148973790435791,
    2.1425361628723145,
    2.1274213903045656,
    2.12071345123291,
    2.1038419494628906,
    2.099028829193115,
    2.086763779296875,
    2.078870401992798,
    2.077048548126221,
    2.0605162474060057,
    2.066002986526489,
    2.052220433807373,
    2.0469517570495603,
    2.0411235450744627,
    2.036575654067993,
    2.0375264638519286,
    2.0330747158813476,
    2.02596215801239,
    2.0217514918518065,
    2.0398826446533205,
    2.026468104095459,
    2.0281715228271486
  ],
  "train_acc": [
    4.174,
    8.558,
    12.718,
    17.03,
    21.228,
    23.952,
    25.666,
    28.28,
    30.028,
    31.49,
    32.672,
    33.758,
    34.402,
    35.528,
    35.976,
    37.062,
    37.46,
    38.154,
    38.362,
    39.018,
    39.39,
    40.242,
    40.674,
    40.59,
    41.208,
    41.464,
    41.508,
    41.966,
    42.54,
    42.956,
    42.808,
    43.552,
    43.77,
    44.29,
    44.314,
    44.658,
    44.762,
    45.23,
    45.408,
    45.924,
    46.23,
    46.084,
    46.472,
    46.894,
    47.204,
    47.69,
    47.812,
    48.51,
    48.412,
    48.548,
    49.232,
    49.726,
    50.032,
    50.074,
    50.562,
    50.992,
    51.74,
    51.476,
    51.532,
    52.15,
    52.67,
    52.61,
    53.324,
    54.046,
    53.78,
    54.308,
    54.422,
    55.112,
    55.178,
    55.904,
    56.192,
    56.552,
    56.952,
    57.24,
    57.452,
    57.874,
    58.122,
    58.122,
    58.742,
    58.852,
    59.56,
    59.71,
    60.15,
    60.516,
    60.856,
    60.862,
    61.086,
    61.768,
    61.528,
    61.932,
    62.052,
    62.146,
    62.484,
    62.284,
    62.598,
    62.946,
    62.696,
    62.192,
    62.766,
    62.604
  ],
  "train_acc5": [
    15.46,
    27.51,
    36.08,
    43.174,
    49.558,
    53.582,
    56.438,
    59.48,
    61.028,
    62.59,
    63.61,
    64.954,
    65.846,
    66.83,
    67.322,
    68.09,
    68.394,
    69.02,
    69.36,
    69.836,
    70.272,
    70.944,
    71.24,
    71.516,
    71.828,
    71.944,
    72.028,
    72.694,
    73.232,
    73.39,
    73.31,
    74.102,
    73.962,
    74.192,
    74.478,
    74.718,
    74.722,
    75.062,
    75.632,
    75.58,
    75.9,
    75.904,
    76.198,
    76.81,
    76.688,
    77.114,
    77.114,
    77.658,
    77.694,
    77.828,
    78.33,
    78.552,
    78.816,
    78.798,
    79.492,
    79.388,
    79.548,
    79.968,
    80.366,
    80.398,
    80.98,
    81.094,
    81.316,
    81.438,
    81.698,
    81.638,
    82.02,
    82.536,
    82.444,
    82.81,
    83.056,
    83.384,
    83.546,
    83.768,
    83.942,
    84.122,
    84.458,
    84.362,
    84.92,
    84.992,
    85.232,
    85.326,
    85.73,
    85.678,
    85.998,
    86.034,
    86.222,
    86.474,
    86.286,
    86.55,
    86.7,
    86.972,
    86.916,
    86.882,
    86.916,
    86.966,
    87.222,
    86.692,
    87.002,
    86.968
  ],
  "test_loss": [
    4.450957421875,
    4.143507802200317,
    3.9810468544006348,
    3.5447937660217286,
    3.230304334259033,
    3.1337007400512698,
    2.957390016937256,
    3.1568005981445313,
    2.8022634628295897,
    3.0501084930419924,
    2.778059817123413,
    2.7845842193603514,
    2.663175863647461,
    2.6036838523864745,
    2.6300156352996824,
    2.5856107418060303,
    2.4325693267822266,
    2.4789601173400877,
    2.3793589179992676,
    2.3736772548675535,
    2.4272641975402833,
    2.4930930015563963,
    2.373320386505127,
    2.422807373046875,
    2.3787736751556396,
    2.3310495960235595,
    2.2816942001342775,
    2.292862551498413,
    2.3868726921081542,
    2.3094132888793943,
    2.3727790588378905,
    2.2828414459228514,
    2.2757006740570067,
    2.25176300239563,
    2.2704003803253174,
    2.287001375579834,
    2.1938288589477537,
    2.159198910522461,
    2.2027977199554445,
    2.1383708221435547,
    2.1664662563323973,
    2.117795079231262,
    2.120961061859131,
    2.123544638824463,
    2.1564270683288576,
    2.097027939224243,
    2.1219148345947265,
    2.066147916030884,
    2.0832079290390015,
    2.0810424907684326,
    2.0766294090271,
    2.064449773788452,
    2.0418843421936037,
    2.043033240509033,
    2.001072921180725,
    2.0435283569335936,
    2.033998770904541,
    1.9958063159942627,
    1.9845624603271483,
    1.968219376373291,
    1.946391152191162,
    1.9234385105133056,
    1.9307006175994874,
    1.9205185749053955,
    1.9165856521606446,
    1.9041159893035888,
    1.8962387279510498,
    1.8797472206115722,
    1.8767934293746948,
    1.8960363063812256,
    1.8886983009338378,
    1.8812709117889403,
    1.8382013511657715,
    1.8402402153015136,
    1.8270348833084107,
    1.8244233741760254,
    1.83916912651062,
    1.8086433765411376,
    1.8043703567504883,
    1.8003189178466796,
    1.789223684310913,
    1.784306650352478,
    1.7741031574249269,
    1.7756532484054566,
    1.7650816066741943,
    1.7651623844146729,
    1.7589591545104981,
    1.7433781930923462,
    1.7446401605606079,
    1.7449441539764405,
    1.7428530628204346,
    1.7396534326553346,
    1.735260817527771,
    1.734325804901123,
    1.7378311023712159,
    1.7355829788208008,
    1.734576460647583,
    1.7338982467651367,
    1.736090735244751,
    1.7340771127700805
  ],