{
  "train_loss": [
    4.318017707366943,
    3.9951286433410647,
    3.7134248915863037,
    3.502910773010254,
    3.336933828125,
    3.196135553894043,
    3.091422876434326,
    3.004700292816162,
    2.920577147979736,
    2.8610880096435545,
    2.7951470335388184,
    2.743580074005127,
    2.695829691467285,
    2.6545531134033205,
    2.619621209487915,
    2.590594684524536,
    2.557810642929077,
    2.5306935639953614,
    2.495024776687622,
    2.465466308441162,
    2.4398764461517333,
    2.422515415725708,
    2.4006963177490235,
    2.3802488264465334,
    2.368823070678711,
    2.3446771555328367,
    2.3293228984069825,
    2.3079836852264406,
    2.2884884746551513,
    2.28633141204834,
    2.2689465782165525,
    2.247741875,
    2.2331265940856935,
    2.2227137155151366,
    2.203378030548096,
    2.1971700520324706,
    2.1802512441253663,
    2.1701310822296143,
    2.157774004058838,
    2.150927564544678,
    2.1358373649597167,
    2.126786438217163,
    2.115311089859009,
    2.106408774108887,
    2.0945915654754637,
    2.0878437770080565,
    2.069940060195923,
    2.063876893386841,
    2.0593850772857665,
    2.0458999631500245,
    2.045768557281494,
    2.034489116973877,
    2.0156072370147706,
    2.0140791719055176,
    2.0071235665893554,
    1.9977220657348633,
    1.981092735786438,
    1.9809878846740723,
    1.9803073484039306,
    1.954368955001831,
    1.9643415914916993,
    1.9587517869567872,
    1.9430147731018066,
    1.9356273834228515,
    1.939527315826416,
    1.9291604331970216,
    1.9219039827728273,
    1.917884887237549,
    1.9059200199127198,
    1.9070371536254882,
    1.901115052871704,
    1.8969631645965577,
    1.8891161152648925,
    1.8895182243347168,
    1.8811724431610108,
    1.874058003463745,
    1.8810237654495239,
    1.8679152437591553,
    1.8634348975372315,
    1.8566341747283936,
    1.8532213832092286,
    1.8505303991699218,
    1.8496363485717773,
    1.8492824179840088,
    1.8436089615249633,
    1.8467656757354736,
    1.8500951009368896,
    1.8365926612091064,
    1.8354945698547362,
    1.8430617542266845,
    1.8330579610443116,
    1.8306487715911866,
    1.8338218492126466,
    1.8327193320846558,
    1.8327278564071656,
    1.8273327015304566,
    1.8352507865524292,
    1.8312969570159912,
    1.8288437001037599,
    1.8273090714645386
  ],
  "train_acc": [
    5.422,
    10.882,
    16.35,
    21.13,
    25.33,
    28.9,
    31.494,
    33.806,
    35.95,
    37.85,
    39.5,
    41.06,
    42.406,
    43.42,
    44.768,
    45.222,
    46.452,
    47.302,
    48.166,
    49.17,
    49.962,
    50.368,
    50.844,
    51.596,
    52.178,
    52.852,
    53.232,
    53.902,
    54.602,
    54.52,
    55.142,
    55.75,
    56.048,
    56.484,
    57.046,
    57.302,
    57.744,
    57.948,
    58.314,
    58.698,
    59.234,
    59.59,
    59.906,
    59.904,
    60.426,
    60.488,
    61.144,
    61.336,
    61.208,
    62.276,
    62.046,
    62.428,
    63.164,
    63.082,
    63.218,
    63.682,
    64.28,
    64.066,
    64.05,
    64.832,
    64.414,
    64.74,
    65.298,
    65.462,
    65.376,
    65.81,
    65.956,
    66.07,
    66.532,
    66.652,
    66.62,
    66.938,
    67.194,
    67.148,
    67.44,
    67.654,
    67.336,
    67.73,
    67.754,
    67.868,
    68.32,
    68.294,
    68.592,
    68.678,
    68.608,
    68.642,
    68.342,
    68.636,
    68.974,
    68.598,
    68.962,
    68.818,
    68.98,
    69.064,
    69.042,
    69.206,
    68.82,
    69.062,
    69.3,
    69.188
  ],
  "train_acc5": [
    19.63,
    32.264,
    42.572,
    49.672,
    54.932,
    59.112,
    62.094,
    64.606,
    67.096,
    68.532,
    70.286,
    71.784,
    72.63,
    73.606,
    74.55,
    75.078,
    75.728,
    76.498,
    77.422,
    77.824,
    78.558,
    78.978,
    79.358,
    79.824,
    80.156,
    80.578,
    80.832,
    81.328,
    81.904,
    81.84,
    82.024,
    82.722,
    82.906,
    83.132,
    83.624,
    83.426,
    83.948,
    84.068,
    84.44,
    84.464,
    84.75,
    84.91,
    85.064,
    85.376,
    85.498,
    85.652,
    86.094,
    86.114,
    86.206,
    86.386,
    86.53,
    86.724,
    87.14,
    87.028,
    87.268,
    87.26,
    87.734,
    87.682,
    87.814,
    88.31,
    88.128,
    88.036,
    88.358,
    88.68,
    88.386,
    88.618,
    88.664,
    88.86,
    89.056,
    88.868,
    89.052,
    89.146,
    89.24,
    89.28,
    89.392,
    89.462,
    89.226,
    89.67,
    89.848,
    89.916,
    89.876,
    89.936,
    89.89,
    89.78,
    90.04,
    89.998,
    89.944,
    90.168,
    90.246,
    90.154,
    90.148,
    90.286,
    90.08,
    90.25,
    90.034,
    90.382,
    90.11,
    90.144,
    90.336,
    90.494
  ],
  "test_loss": [
    4.038301063537598,
    3.71084634475708,
    3.4876449871063233,
    3.1897334407806395,
    3.027683441543579,
    2.877187491989136,
    2.651159611129761,
    2.6275766647338865,
    2.5482986793518068,
    2.449936740112305,
    2.399450168609619,
    2.377787900543213,
    2.31877707901001,
    2.3089940254211427,
    2.2682408628463744,
    2.2162590663909914,
    2.173827731323242,
    2.16653130607605,
    2.114199341583252,
    2.0971047386169435,
    2.08726647644043,
    2.059642981719971,
    2.0350404968261717,
    2.029381085586548,
    2.028235907745361,
    2.0323770622253416,
    1.9958891723632812,
    1.975711965560913,
    2.0009726974487303,
    1.9602688884735107,
    1.9451110717773437,
    1.9370207695007324,
    1.904619981765747,
    1.9129767545700074,
    1.901258486175537,
    1.9032857213974,
    1.890584846687317,
    1.8709274055480958,
    1.8558567665100099,
    1.8679637680053711,
    1.848880414390564,
    1.8544547597885133,
    1.8670287506103516,
    1.838024668121338,
    1.8190493690490723,
    1.8393967609405517,
    1.8324191390991211,
    1.8013794048309326,
    1.8158060152053832,
    1.7950875484466553,
    1.783950661468506,
    1.7941250007629395,
    1.792911408805847,
    1.7862099193572998,
    1.7819318071365355,
    1.7799582847595214,
    1.7707190006256104,
    1.7678493099212647,
    1.7542720600128174,
    1.7564895416259765,
    1.751216096496582,
    1.7557881345748902,
    1.7424009368896485,
    1.7508298511505127,
    1.739652743911743,
    1.7342231666564942,
    1.7365394422531129,
    1.7301534572601318,
    1.7302803413391112,
    1.725475837135315,
    1.7271337787628174,
    1.7273238285064698,
    1.7208801986694335,
    1.7150294025421142,
    1.7179953617095947,
    1.713401509475708,
    1.7125443927764892,
    1.710755089187622,
    1.7135137588500977,
    1.7090172626495361,
    1.7032943752288818,
    1.7083649644851684,
    1.7045179622650146,
    1.7067828224182129,
    1.7034069580078126,
    1.7019510879516602,
    1.6997849811553956,
    1.6976000072479247,
    1.695047236251831,
    1.6993428060531617,
    1.6987143367767334,
    1.6921515045166016,
    1.693072716140747,
    1.693003077316284,
    1.6928501985549926,
    1.6931434051513672,
    1.6931973770141602,
    1.692543512916565,
    1.6964013471603394,
    1.6953040060043334
  ],