{
  "train_loss": [
    1.398886720046997
  ],
  "train_acc": [
    49.902
  ],
  "test_loss": [
    1.0222987697601318
  ],
  "test_acc": [
    64.66
  ],
  "learning_rate": [
    0.001
  ],
  "epoch_time": [
    86.02622079849243
  ]
}