{
  "train_loss": [
    1.7050167350006105,
    1.3303516135406495,
    1.204189771347046,
    1.1501049510574342,
    1.1076677056884765,
    1.0873918863677978,
    1.0492606476593018,
    1.0074912804794312,
    0.9738663646697998,
    0.9432674936294556,
    0.9140064307975769,
    0.9003842799568176,
    0.8930961793708801,
    0.8673062697982789,
    0.8609890327453613,
    0.8591310084152222,
    0.8445173249435425,
    0.8374395560836791,
    0.8299529488372803,
    0.8226335486793518,
    0.8258350100708007,
    0.8130785257148743,
    0.8002639358520508,
    0.7928070562553405,
    0.7879123221206665,
    0.7860110343551636,
    0.7834037862014771,
    0.7790992534828186,
    0.7750426183700562,
    0.767767661895752,
    0.7622897514724731,
    0.7560521398925781,
    0.7525334888458252,
    0.7408733204269409,
    0.7428163840675354,
    0.7426600420761108,
    0.7222339513969421,
    0.7205102741622925,
    0.7161206686592102,
    0.7108746113395691,
    0.712207303905487,
    0.7001233340644837,
    0.6949328430747986,
    0.6917614930343627,
    0.6811944508743286,
    0.6770064345169068,
    0.6719967107772827,
    0.6655238956069947,
    0.6565930585670471,
    0.6533221955490113,
    0.6431829093551635,
    0.6430670513534545,
    0.637502060508728,
    0.6253274395179749,
    0.6144547975730896,
    0.6164400205039978,
    0.609089166469574,
    0.6032742321205139,
    0.5955935202026367,
    0.5919147386360168,
    0.5786707815551758,
    0.5771403283309936,
    0.5725236538505554,
    0.5589467000389099,
    0.5513199878692627,
    0.5466412443733215,
    0.5443144625663757,
    0.5346372882270813,
    0.5257186782073975,
    0.5149793446159363,
    0.509813847694397,
    0.49991503847122193,
    0.4903248627090454,
    0.48479932534217834,
    0.48270463477134706,
    0.4691926843929291,
    0.4615613379478455,
    0.46108892040252686,
    0.44693541872024534,
    0.4405139588260651,
    0.43737119283676146,
    0.4300029047012329,
    0.4206156527805328,
    0.4153152672576904,
    0.4122606965827942,
    0.40495652777671814,
    0.40285111631393433,
    0.3920165035629272,
    0.38798243205070493,
    0.3776946601295471,
    0.38252804859161377,
    0.3742916588306427,
    0.37477461236953735,
    0.3694266826915741,
    0.36972350788116454,
    0.36731676490783693,
    0.36067734338760377,
    0.3650408086204529,
    0.3620029551124573,
    0.3606968247795105
  ],
  "train_acc": [
    37.748,
    52.224,
    57.272,
    59.74,
    61.682,
    63.02,
    64.62,
    66.376,
    67.346,
    68.384,
    69.294,
    69.766,
    70.196,
    70.816,
    71.314,
    71.332,
    71.68,
    72.07,
    72.28,
    72.654,
    72.29,
    72.866,
    73.328,
    73.544,
    73.734,
    73.788,
    73.984,
    73.946,
    74.304,
    74.396,
    74.488,
    74.908,
    74.81,
    75.208,
    75.396,
    75.278,
    75.944,
    75.912,
    76.182,
    76.284,
    76.246,
    76.828,
    77.072,
    76.988,
    77.24,
    77.422,
    77.938,
    77.92,
    78.276,
    78.516,
    78.652,
    78.54,
    78.862,
    79.436,
    79.632,
    79.638,
    79.822,
    80.248,
    80.164,
    80.494,
    80.824,
    81.13,
    81.072,
    81.656,
    81.9,
    82.122,
    82.094,
    82.474,
    82.732,
    82.96,
    83.356,
    83.514,
    84.076,
    84.2,
    84.312,
    84.836,
    85.002,
    85.06,
    85.538,
    85.668,
    85.964,
    85.976,
    86.296,
    86.61,
    86.684,
    86.914,
    87.096,
    87.302,
    87.484,
    87.864,
    87.682,
    87.986,
    87.886,
    88.172,
    88.054,
    88.172,
    88.468,
    88.356,
    88.398,
    88.406
  ],
  "test_loss": [
    1.3847122892379762,
    1.3284013557434082,
    1.2041488218307494,
    1.482611826324463,
    1.2316337217330933,
    1.3137069665908814,
    1.0279139455795288,
    1.076909035873413,
    0.9745358030319213,
    1.0666967432022094,
    0.9681531183242797,
    0.9572242963790893,
    0.9316620052337646,
    0.9233161353111267,
    0.8503842632293701,
    0.9828350343704224,
    0.9422293642044067,
    0.8894444114685058,
    0.8453131274223328,
    0.826498974609375,
    0.8823686364650727,
    0.818975848865509,
    0.8200260755538941,
    0.7658907109737396,
    0.8159023222923278,
    0.8114497835159302,
    0.9329774773597718,
    0.7724287040710449,
    0.814905435180664,
    0.8001908155441284,
    0.7338611533164978,
    0.809401319694519,
    0.7784255945205688,
    0.7632315385341645,
    0.7917924779415131,
    0.7631935564994812,
    0.7616853220939637,
    0.721686489391327,
    0.8233022430419922,
    0.7494770846366883,
    0.7954193720340729,
    0.8120034156322479,
    0.8121458800315857,
    0.7571338152885437,
    0.6782168942928314,
    0.7083174213409423,
    0.6886447658538818,
    0.667130589056015,
    0.7059634237766266,
    0.6723754776000976,
    0.6440203440666199,
    0.6632394821166993,
    0.6597903031826019,
    0.7052796734333038,
    0.6487391025543213,
    0.6778527186393738,
    0.6123990308761597,
    0.6289207580566406,
    0.6140958518981934,
    0.5901390009403229,
    0.6061974674701691,
    0.6024568340778351,
    0.5708368694782258,
    0.5969567350387573,
    0.5835483770370483,
    0.586122579908371,
    0.6206303232192993,
    0.5548523541927337,
    0.566563318014145,
    0.5597810441493988,
    0.5664160067081452,
    0.5435583128452302,
    0.5569430826663971,
    0.5329369956493377,
    0.5359835599422454,
    0.5564945963859558,
    0.5140370235204696,
    0.5175741124629974,
    0.530759610080719,
    0.5014574245929718,
    0.514969495177269,
    0.5074846571683884,
    0.4969001989364624,
    0.4875184347391128,
    0.4922275059700012,
    0.48921060540676115,
    0.4785566134214401,
    0.49022214682102205,
    0.47399046807289125,
    0.4775149967432022,
    0.4812532315015793,
    0.4784756151199341,
    0.4734108387231827,
    0.47440888521671293,
    0.4727972898006439,
    0.4727680186271668,
    0.4712420416593552,
    0.4715007481336594,
    0.47243449873924254,
    0.47211778004169463
  ],
  "test_acc": [
    50.21,
    53.73,
    58.13,
    50.46,
    58.14,
    56.84,
    65.64,
    63.41,
    66.87,
    64.75,
    67.31,
    68.53,
    68.04,
    68.88,
    71.18,
    67.73,
    69.23,
    70.22,
    71.63,
    72.21,
    70.41,
    71.95,
    72.57,
    74.14,
    72.83,
    73.17,
    70.01,
    74.25,
    72.37,
    73.08,
    75.31,
    72.68,
    73.46,
    74.1,
    73.67,
    74.84,
    74.48,
    75.73,
    72.24,
    75.04,
    73.52,
    72.68,
    73.57,
    74.7,
    77.09,
    75.74,
    76.85,
    77.85,
    76.34,
    77.33,
    78.39,
    77.72,
    78.3,
    76.95,
    78.02,
    77.38,
    79.62,
    78.9,
    79.58,
    80.4,
    79.83,
    80.52,
    81.18,
    80.22,
    80.5,
    80.76,
    79.38,
    81.68,
    81.4,
    81.54,
    81.26,
    81.95,
    81.82,
    82.5,
    82.34,
    81.72,
    83.04,
    83.09,
    82.65,
    83.67,
    83.61,
    83.5,
    83.63,
    84.35,
    84.21,
    84.52,
    84.63,
    84.51,
    84.66,
    84.87,
    84.72,
    84.82,
    84.96,
    84.85,
    84.8,
    84.87,
    85.06,
    84.98,
    84.98,
    84.98
  ],