{
  "train_loss": [
    4.3845722700500485,
    4.12484938156128,
    3.9088776930236815,
    3.693151633987427,
    3.498539570617676,
    3.3399251509094237,
    3.2436452702331544,
    3.140958111190796,
    3.067073873977661,
    3.0111594714355467,
    2.9651921749877928,
    2.9284723890686033,
    2.8987930799102783,
    2.8632933567810057,
    2.843114397125244,
    2.8154971514892577,
    2.802100560760498,
    2.7798755181884767,
    2.770689490890503,
    2.7569472663116454,
    2.7352715058898927,
    2.7143289557647705,
    2.708261904220581,
    2.6988564819335936,
    2.686464682159424,
    2.677670290374756,
    2.6707552797698972,
    2.6613205799865725,
    2.6388469454193113,
    2.637356169433594,
    2.631611174621582,
    2.6175204167938233,
    2.6013741774749755,
    2.589553056488037,
    2.591626104888916,
    2.581243691864014,
    2.5669556591796874,
    2.561617865905762,
    2.546241349029541,
    2.53767750541687,
    2.527264119796753,
    2.528069355163574,
    2.51269716217041,
    2.5046095098876955,
    2.4923834204101563,
    2.474304479827881,
    2.471824213180542,
    2.463234270324707,
    2.451942093963623,
    2.436496317062378,
    2.427395470123291,
    2.4175623756408693,
    2.405734152069092,
    2.396484282531738,
    2.3800193006896975,
    2.3737115190124514,
    2.3532138771057127,
    2.345205312805176,
    2.3310378413391115,
    2.324670732116699,
    2.305605478668213,
    2.297664373703003,
    2.2797173180389403,
    2.269877574234009,
    2.2522729875183107,
    2.243971627731323,
    2.2255433197021484,
    2.20720896522522,
    2.2089504458618165,
    2.178004218902588,
    2.1641456058502198,
    2.147289454956055,
    2.1344121209716795,
    2.119499059448242,
    2.1027186852264403,
    2.0868182960510255,
    2.0732253353881838,
    2.058126652984619,
    2.040873338012695,
    2.0306100870513917,
    2.0103583121109008,
    1.9873465550231935,
    1.9651602879333496,
    1.9550030896759034,
    1.9365240660095215,
    1.9182639122009277,
    1.9102929407501221,
    1.8871275923919677,
    1.8806288597106933,
    1.8571257633590699,
    1.846652717895508,
    1.8351233806610108,
    1.824869518890381,
    1.8175851140213013,
    1.8124515603256226,
    1.7980592495727539,
    1.786564913482666,
    1.7965366429901124,
    1.7927030492019653,
    1.7877791985321045
  ],
  "train_acc": [
    4.454,
    8.636,
    12.62,
    17.066,
    21.092,
    25.034,
    27.354,
    30.052,
    32.0,
    33.596,
    34.802,
    35.776,
    36.654,
    37.99,
    38.396,
    38.874,
    39.458,
    39.946,
    40.238,
    40.742,
    41.476,
    41.882,
    42.248,
    42.262,
    42.776,
    42.876,
    43.35,
    43.51,
    44.364,
    44.306,
    44.476,
    44.72,
    45.262,
    45.82,
    45.538,
    45.896,
    46.456,
    46.558,
    46.478,
    47.222,
    47.436,
    47.658,
    47.846,
    48.148,
    48.608,
    49.05,
    49.048,
    49.302,
    49.664,
    50.07,
    50.2,
    50.71,
    51.29,
    51.314,
    51.856,
    52.016,
    52.626,
    52.902,
    53.43,
    53.368,
    53.936,
    54.026,
    54.436,
    55.07,
    55.768,
    55.796,
    56.52,
    56.716,
    56.86,
    57.796,
    58.274,
    58.756,
    59.442,
    59.63,
    60.276,
    60.914,
    61.128,
    61.43,
    62.168,
    62.226,
    63.096,
    63.766,
    64.682,
    64.8,
    65.78,
    66.054,
    66.318,
    67.272,
    67.24,
    68.256,
    68.43,
    68.828,
    69.102,
    69.434,
    69.666,
    70.068,
    70.372,
    70.334,
    70.034,
    70.5
  ],
  "train_acc5": [
    17.036,
    27.834,
    35.466,
    43.286,
    49.818,
    55.032,
    57.834,
    60.834,
    63.028,
    64.678,
    65.458,
    66.816,
    67.872,
    68.45,
    68.872,
    69.644,
    70.014,
    70.478,
    70.818,
    71.202,
    71.624,
    72.216,
    72.508,
    72.712,
    72.956,
    73.032,
    73.24,
    73.662,
    74.08,
    74.152,
    74.236,
    74.632,
    74.898,
    75.044,
    74.898,
    75.27,
    75.762,
    75.926,
    76.36,
    76.334,
    76.722,
    76.44,
    77.12,
    76.966,
    77.374,
    77.948,
    77.802,
    78.168,
    78.438,
    78.674,
    78.998,
    78.94,
    79.448,
    79.34,
    79.742,
    79.998,
    80.53,
    80.618,
    80.934,
    81.05,
    81.726,
    81.796,
    82.032,
    82.164,
    82.784,
    82.798,
    83.346,
    83.5,
    83.338,
    84.048,
    84.326,
    84.754,
    84.8,
    85.104,
    85.62,
    85.786,
    86.038,
    86.284,
    86.61,
    86.78,
    87.276,
    87.594,
    87.988,
    88.132,
    88.492,
    88.928,
    88.942,
    89.294,
    89.378,
    89.834,
    90.046,
    90.204,
    90.432,
    90.52,
    90.506,
    91.058,
    91.188,
    90.664,
    90.958,
    90.998
  ],
  "test_loss": [
    4.113166417694091,
    4.126074746704101,
    3.732510425567627,
    3.346176361846924,
    3.3402775539398193,
    3.112828087615967,
    2.910102487564087,
    3.2857718383789063,
    2.907963047790527,
    3.4158458263397216,
    2.7530301944732667,
    2.886522843170166,
    2.6894872413635253,
    2.6475162647247314,
    2.6722267700195315,
    2.7399955852508544,
    2.5654476387023926,
    2.547400052642822,
    2.6105318096160888,
    2.4377023963928224,
    2.47855013923645,
    2.692928565979004,
    2.565298405456543,
    2.4059856464385985,
    2.6183990505218504,
    2.420233067703247,
    2.38502459564209,
    2.410577509307861,
    2.4533437591552736,
    2.4454464534759524,
    2.4182709983825683,
    2.357241584777832,
    2.417783745956421,
    2.624261915588379,
    2.4948793781280516,
    2.2912096893310547,
    2.336581526565552,
    2.296061951446533,
    2.272080185699463,
    2.290965289306641,
    2.3187643196105956,
    2.331557950592041,
    2.234586424255371,
    2.219261555099487,
    2.2202312171936036,
    2.2577407173156736,
    2.1455902000427245,
    2.1038619342803955,
    2.07776375541687,
    2.12434236907959,
    2.0819188846588137,
    2.1616777008056642,
    2.1778801849365235,
    2.1547299934387207,
    2.104625272369385,
    2.159051342391968,
    2.051520623397827,
    2.052506977844238,
    2.026230128860474,
    2.0323413486480715,
    1.976417879486084,
    2.007803441619873,
    2.0021983909606935,
    1.9399290840148926,
    1.954735376739502,
    1.964951135635376,
    1.960407410812378,
    1.8806060140609742,
    1.925160524368286,
    1.882950288772583,
    1.8713616264343262,
    1.9072159347534179,
    1.8674138263702393,
    1.8518932140350342,
    1.8537467178344726,
    1.837459273147583,
    1.8136545169830323,
    1.793999633216858,
    1.794697031021118,
    1.7590595294952394,
    1.7897587474822998,
    1.73466417427063,
    1.7342237758636474,
    1.7344955993652345,
    1.7287674152374268,
    1.7175064060211183,
    1.702509400177002,
    1.6737444492340088,
    1.6784132156372071,
    1.6645281211853027,
    1.65607119140625,
    1.657736490058899,
    1.6460343212127686,
    1.6411820407867432,
    1.641491522216797,
    1.6374937288284301,
    1.6342445964813233,
    1.6305230880737305,
    1.6328413764953613,
    1.6305093547821046
  ],