{
  "train_loss": [
    2.145151925430298,
    1.5094239116287231,
    1.3163228746032716,
    1.173890828552246,
    1.0692438973236085,
    0.9952955799484253,
    0.9368348347854615,
    0.9012751770782471,
    0.8765177663803101,
    0.8443489253616333,
    0.8166556369018555,
    0.8046503143310547,
    0.7724645499038696,
    0.7666865047073365,
    0.7558961157226562,
    0.7483320309448243,
    0.7355307301330566,
    0.7234608318901062,
    0.7103122780036927,
    0.7199441432571411,
    0.7051876530075073,
    0.6979242297935486,
    0.6866719833183289,
    0.6816276177787781,
    0.6713356303977966,
    0.6735049973297119,
    0.6634341020202636,
    0.6527018302726746,
    0.6442191979598999,
    0.6421730809783935,
    0.6386057206344604,
    0.6304491295814514,
    0.6258354015350341,
    0.617234910850525,
    0.6098915285110473,
    0.6081940867805481,
    0.6076855976486206,
    0.5955930807304383,
    0.5947979405212402,
    0.5830689181900024,
    0.5804051659202576,
    0.5741307259368896,
    0.565549894657135,
    0.5585707744979859,
    0.5524714284896851,
    0.5502404624938965,
    0.5399230543899536,
    0.5395102484130859,
    0.526904443321228,
    0.5208459552001953,
    0.5151015403747559,
    0.5112349597167969,
    0.49387854871749876,
    0.48816716529846194,
    0.48447458168029783,
    0.4747022289085388,
    0.46429830590248106,
    0.461628970785141,
    0.4490535997581482,
    0.4387554424953461,
    0.43352057567596436,
    0.4260067146110535,
    0.41268948699951175,
    0.4043802064990997,
    0.39902455617904664,
    0.38683603823661805,
    0.37978275623321534,
    0.3673809329986572,
    0.3571621812343597,
    0.34664888879776,
    0.33785759254455566,
    0.3261783215141296,
    0.31309116698265077,
    0.30182827535629275,
    0.29230522106170653,
    0.27519159772872925,
    0.27252049945831297,
    0.25597962315559386,
    0.2428376963329315,
    0.23288503654003143,
    0.21998695037841798,
    0.21097347446918488,
    0.19695864124774934,
    0.1828361590051651,
    0.17012787076950073,
    0.1594975756251812,
    0.15169183513641357,
    0.13473243646383284,
    0.12857605379104614,
    0.11549760746240616,
    0.1061492430281639,
    0.10075079332590103,
    0.09227898557424545,
    0.0892489982676506,
    0.08256468147039414,
    0.08051551807403565,
    0.07602217421770095,
    0.07189058426380157,
    0.07260309992790222,
    0.07130014003038407
  ],
  "train_acc": [
    29.266,
    44.71,
    52.714,
    58.236,
    62.206,
    65.2,
    67.158,
    68.652,
    69.748,
    70.592,
    71.782,
    72.518,
    73.378,
    73.65,
    73.978,
    74.264,
    74.626,
    75.37,
    75.594,
    75.38,
    75.848,
    76.082,
    76.71,
    76.47,
    76.772,
    76.864,
    77.286,
    77.644,
    77.918,
    77.928,
    77.932,
    78.458,
    78.56,
    78.9,
    79.196,
    79.066,
    79.39,
    79.596,
    79.592,
    80.024,
    80.258,
    80.176,
    80.686,
    81.062,
    81.062,
    81.08,
    81.364,
    81.504,
    81.818,
    81.948,
    82.37,
    82.316,
    83.21,
    83.328,
    83.376,
    83.752,
    83.952,
    84.11,
    84.512,
    84.982,
    85.008,
    85.372,
    85.764,
    85.864,
    86.126,
    86.67,
    86.858,
    87.2,
    87.584,
    88.024,
    88.21,
    88.552,
    89.194,
    89.434,
    89.926,
    90.452,
    90.598,
    91.012,
    91.566,
    91.992,
    92.296,
    92.662,
    93.056,
    93.556,
    94.102,
    94.514,
    94.676,
    95.328,
    95.484,
    96.092,
    96.364,
    96.492,
    96.86,
    96.96,
    97.252,
    97.3,
    97.466,
    97.632,
    97.638,
    97.638
  ],
  "test_loss": [
    1.5724145177841187,
    1.356181058216095,
    1.156856210899353,
    1.1090001194000245,
    0.9450738875389099,
    1.1135546935081482,
    0.9478170545578003,
    0.8501432124137879,
    0.8819223734855652,
    0.9581867802619934,
    0.7998054767608642,
    0.7529471170425415,
    0.8287601402282715,
    0.8266170544624328,
    0.8326506265163421,
    0.7979640901565552,
    0.8994859712600708,
    0.7975011320114136,
    0.8921955716133118,
    0.8449684706687928,
    0.856169314956665,
    0.6716312412261963,
    0.7742145159721374,
    0.7251938004493713,
    0.7074584391593933,
    0.8048354982376099,
    0.8028728456974029,
    0.7104999470233917,
    0.7158074369430542,
    0.7096671584129334,
    0.7812777668952942,
    0.7191382291316986,
    0.8191018368721008,
    0.776557917022705,
    0.6862371711254119,
    0.6902158719062805,
    0.7589133152961731,
    0.7487219470977783,
    0.7283055660247802,
    0.7065435799598694,
    0.6830973455429077,
    0.7734438527107239,
    0.6692346124649048,
    0.6275155049324036,
    0.6392805315971375,
    0.6200591184139251,
    0.8025605801582336,
    0.6326225318431854,
    0.6651182835578918,
    0.6380997299194336,
    0.5695165724277497,
    0.5815201321601867,
    0.6036650330543518,
    0.6096269504547119,
    0.641540228843689,
    0.5680399109363556,
    0.5410080710887909,
    0.6002218311309815,
    0.5513387627601624,
    0.58596672706604,
    0.5764071044921875,
    0.5414076724529266,
    0.5330654780864715,
    0.5219062143325806,
    0.5234987095355987,
    0.5300192356586456,
    0.5141182818412781,
    0.5428336016654969,
    0.4998503519058228,
    0.4803682574748993,
    0.5159897694587707,
    0.4690028269290924,
    0.47370890188217163,
    0.4860905524253845,
    0.4707332389116287,
    0.4830155535459518,
    0.46211913022994994,
    0.4846491945266724,
    0.45525319113731383,
    0.4368837365627289,
    0.46750298449993133,
    0.4600576713562012,
    0.44364414014816284,
    0.4307591877937317,
    0.44194698634147644,
    0.4438134684324265,
    0.4325924643993378,
    0.442430135011673,
    0.4300668604373932,
    0.43743435859680174,
    0.44637786359786985,
    0.44405408110618594,
    0.4395808968067169,
    0.4357669758319855,
    0.4403522599220276,
    0.4453727060317993,
    0.4414731074810028,
    0.44342108826637266,
    0.44189804763793944,
    0.4420260639667511
  ],
  "test_acc": [
    43.61,
    50.39,
    59.02,
    61.12,
    66.77,
    62.71,
    67.39,
    70.39,
    69.69,
    67.67,
    72.59,
    74.15,
    72.15,
    72.37,
    71.84,
    73.25,
    70.27,
    73.47,
    71.08,
    71.88,
    71.77,
    76.61,
    73.92,
    75.24,
    75.97,
    73.59,
    73.41,
    75.81,
    75.53,
    76.48,
    74.53,
    75.19,
    73.65,
    74.04,
    76.58,
    76.75,
    75.12,
    76.19,
    75.39,
    76.11,
    77.28,
    74.13,
    77.97,
    78.83,
    78.3,
    78.95,
    73.94,
    79.14,
    77.86,
    78.39,
    80.75,
    80.23,
    80.13,
    79.25,
    78.86,
    80.71,
    81.9,
    79.95,
    81.34,
    80.79,
    80.86,
    81.27,
    82.78,
    83.08,
    82.77,
    82.48,
    82.73,
    82.15,
    83.58,
    84.47,
    83.55,
    84.7,
    84.94,
    84.3,
    84.62,
    84.16,
    85.2,
    84.73,
    85.58,
    86.02,
    85.41,
    85.71,
    86.26,
    86.81,
    86.73,
    86.95,
    87.41,
    87.09,
    87.66,
    87.64,
    87.63,
    87.49,
    87.63,
    87.88,
    87.96,
    87.95,
    88.06,
    88.15,
    87.97,
    88.0
  ],