{
  "train_loss": [
    2.0608087018966676,
    1.5204403859710693,
    1.3328044794464111,
    1.1584705261611938,
    1.0545669842910768,
    0.9876179632568359,
    0.9305440550231934,
    0.8893939223098755,
    0.8583139366340637,
    0.8333404264640808,
    0.8072213985061646,
    0.7934355029296875,
    0.7853534962654114,
    0.7628041979599,
    0.7495932893371582,
    0.7428358492660523,
    0.733792178478241,
    0.7252628254318237,
    0.7159407327842713,
    0.7084800973892212,
    0.7044615412521362,
    0.6979973253440857,
    0.6883376507759095,
    0.6767903954315185,
    0.6706609177207947,
    0.6569358819961548,
    0.6557861604881287,
    0.661175013923645,
    0.6510437997436523,
    0.6418113598442078,
    0.6376746917152405,
    0.6293874472808838,
    0.624343897895813,
    0.6173248692893982,
    0.6156008096504212,
    0.6121382620239257,
    0.5992445465087891,
    0.5975631955909729,
    0.5892562156677246,
    0.5827005871963501,
    0.5791369843101501,
    0.5627378593444824,
    0.5696208676338196,
    0.5613832271385193,
    0.5528672786331177,
    0.5482885748481751,
    0.5365496511650085,
    0.5241491071128845,
    0.5233877405548095,
    0.5177272331619263,
    0.5043529192066193,
    0.5072800732326508,
    0.5004553406524658,
    0.49355027075767516,
    0.478484430103302,
    0.4729440322113037,
    0.46980118907928464,
    0.46264806137084963,
    0.4435973936653137,
    0.4389619709777832,
    0.4299118967628479,
    0.42287887473106384,
    0.41425508006095885,
    0.40395210886001587,
    0.39005007511138917,
    0.3882108198928833,
    0.37815423097610473,
    0.36603210874557496,
    0.35113301169395444,
    0.3434023223495483,
    0.3316840028190613,
    0.3215806821346283,
    0.3109914901638031,
    0.3025510065555573,
    0.28967007062911987,
    0.27681554542541503,
    0.26774855350494386,
    0.25752245779037475,
    0.24105786312103272,
    0.23149866386413573,
    0.2211796119594574,
    0.2047329139995575,
    0.19106577078819276,
    0.1787879603910446,
    0.16493244974136353,
    0.15742908037185668,
    0.14200599306106568,
    0.13460180339813232,
    0.12576379339694976,
    0.11438322523593902,
    0.10584817332744599,
    0.09603122584581375,
    0.09113196218967438,
    0.08476187084436416,
    0.0818313256907463,
    0.0763365961098671,
    0.07323924790382386,
    0.07550452079296112,
    0.07185309967160225,
    0.06874400798261165
  ],
  "train_acc": [
    29.932,
    44.02,
    51.312,
    58.636,
    62.476,
    65.202,
    67.548,
    68.668,
    70.412,
    71.112,
    72.048,
    72.656,
    72.934,
    73.95,
    74.254,
    74.7,
    74.888,
    74.994,
    75.32,
    75.508,
    75.714,
    76.076,
    76.43,
    76.742,
    76.904,
    77.386,
    77.54,
    77.544,
    77.672,
    77.824,
    78.07,
    78.474,
    78.556,
    78.586,
    78.924,
    78.768,
    79.516,
    79.478,
    79.69,
    80.044,
    80.238,
    80.784,
    80.54,
    80.604,
    81.066,
    81.112,
    81.524,
    82.058,
    82.118,
    82.244,
    82.444,
    82.396,
    82.83,
    83.12,
    83.584,
    83.766,
    83.82,
    84.182,
    84.65,
    84.836,
    85.218,
    85.354,
    85.896,
    86.15,
    86.474,
    86.76,
    86.932,
    87.314,
    88.002,
    88.118,
    88.38,
    88.75,
    89.164,
    89.458,
    89.894,
    90.254,
    90.726,
    91.074,
    91.524,
    91.844,
    92.404,
    92.778,
    93.392,
    93.704,
    94.208,
    94.516,
    95.064,
    95.338,
    95.67,
    96.016,
    96.46,
    96.774,
    96.892,
    97.134,
    97.258,
    97.452,
    97.584,
    97.464,
    97.612,
    97.718
  ],
  "test_loss": [
    1.531211285018921,
    1.34304867477417,
    1.1676607869148254,
    1.1322048753738403,
    1.0802875631332398,
    0.9933725357055664,
    0.8679373390197754,
    1.0144812887191772,
    0.9395932943344116,
    0.9298232933044434,
    0.8067338808059692,
    0.9458719446182251,
    0.7994520216941834,
    0.8135080687522889,
    0.7492079574108124,
    0.7597377699851989,
    0.7971600916862488,
    0.7758979784488678,
    0.8534731366157532,
    0.9992618264198303,
    0.7930831291675567,
    0.7201177873611451,
    0.6905726317882538,
    0.7561076695442199,
    0.7522228815078735,
    0.7112643557071686,
    0.7625230698108673,
    0.6751579447746276,
    0.6515888031482696,
    0.6865285305023193,
    0.7135845715522766,
    0.7504483297348022,
    0.7037014996528625,
    0.6684615241527557,
    0.667886095046997,
    0.7039101500511169,
    0.6367561473846436,
    0.6317699405670166,
    0.7413917413711548,
    0.6461024652481079,
    0.6982771402359009,
    0.7490251446723938,
    0.7369182286262512,
    0.5985552942276001,
    0.5725974691867828,
    0.6652499535560608,
    0.6352494633674621,
    0.7086016637802124,
    0.6413682584762573,
    0.6173596358299256,
    0.589449464225769,
    0.6014000762939453,
    0.5624623629093171,
    0.5607796175956726,
    0.5807226231575012,
    0.6080495997428894,
    0.5960361929416657,
    0.5804486618041992,
    0.6113937439918518,
    0.5258670869350434,
    0.5485722325325012,
    0.5615103633403778,
    0.5599816944599152,
    0.5303931280136108,
    0.5039952307224274,
    0.5093744393825531,
    0.5386758815765381,
    0.5256699672698975,
    0.521086206150055,
    0.5350902003765107,
    0.5463087615966797,
    0.4933959417819977,
    0.5082866089820862,
    0.4697344441890717,
    0.47695418434143066,
    0.4698682563781738,
    0.4505811954975128,
    0.467391548871994,
    0.44238813779354097,
    0.46691678252220153,
    0.44791638296842573,
    0.463921524310112,
    0.43400646901130674,
    0.45233687982559206,
    0.45241861758232116,
    0.45484921932220457,
    0.4405407742977142,
    0.4584672168970108,
    0.4540635423660278,
    0.4552342463970184,
    0.4530254940390587,
    0.44788277186751363,
    0.44877120416164396,
    0.44770402154922484,
    0.44778139473199846,
    0.4474485485136509,
    0.448163961994648,
    0.4483911857366562,
    0.44886962593793867,
    0.44877088470458987
  ],
  "test_acc": [
    43.64,
    50.8,
    58.02,
    60.52,
    62.9,
    65.51,
    69.71,
    65.83,
    69.07,
    68.84,
    72.24,
    69.0,
    72.38,
    72.52,
    74.24,
    73.91,
    72.27,
    73.86,
    69.91,
    67.78,
    72.92,
    75.15,
    76.34,
    74.63,
    74.95,
    75.91,
    74.64,
    76.87,
    77.29,
    76.1,
    75.66,
    75.05,
    76.18,
    77.86,
    77.22,
    76.17,
    77.91,
    78.5,
    75.32,
    78.57,
    77.31,
    75.61,
    75.48,
    80.04,
    80.28,
    78.22,
    78.48,
    76.82,
    78.92,
    78.78,
    80.45,
    79.64,
    80.87,
    80.79,
    80.32,
    80.04,
    80.58,
    80.28,
    79.53,
    82.13,
    81.72,
    81.58,
    81.32,
    82.34,
    82.73,
    83.12,
    82.12,
    82.72,
    83.03,
    82.77,
    82.73,
    84.08,
    83.38,
    84.94,
    84.36,
    84.79,
    85.32,
    84.98,
    86.27,
    85.25,
    85.92,
    85.8,
    86.14,
    86.58,
    86.28,
    86.56,
    87.25,
    86.62,
    86.75,
    86.66,
    87.06,
    87.41,
    87.34,
    87.41,
    87.57,
    87.4,
    87.46,
    87.51,
    87.44,
    87.52
  ],