{
  "train_loss": [
    4.4169857162475585,
    4.304355642089844,
    4.289111489715576,
    4.277818789215088,
    4.24926461151123,
    4.215006715393066,
    4.178817110595703,
    4.1474059425354,
    4.11442161453247,
    4.0932866693115235,
    4.072612185821534,
    4.055678395385742,
    4.043287780456543,
    4.0302638143920895,
    4.017946192703247,
    4.0082150941467285,
    3.9968391426086427,
    3.9897816708374023,
    3.981818331604004,
    3.9693289836120607,
    3.9643638766479494,
    3.957766087875366,
    3.9475683335876464,
    3.9341143744659424,
    3.92431943901062,
    3.917235792694092,
    3.9087422370147706,
    3.894332143096924,
    3.889865513305664,
    3.873433674316406,
    3.870073136367798,
    3.8561265631866455,
    3.842626251296997,
    3.840864246368408,
    3.8301032986450196,
    3.8208423526763915,
    3.8089298634338378,
    3.796083179244995,
    3.786629832458496,
    3.7774088482666017,
    3.773049302597046,
    3.7635149075317385,
    3.7571941355895997,
    3.7491498124694824,
    3.7425727420806885,
    3.7431563764953615,
    3.739294170074463,
    3.7345180073547364,
    3.7371384564971923,
    3.730412840194702
  ],
  "train_acc": [
    3.936,
    5.386,
    5.72,
    6.05,
    6.42,
    6.822,
    7.28,
    7.748,
    8.27,
    8.788,
    8.82,
    9.27,
    9.394,
    9.788,
    9.756,
    9.862,
    10.182,
    10.314,
    10.076,
    10.538,
    10.66,
    11.032,
    11.154,
    11.246,
    11.39,
    11.644,
    11.76,
    12.16,
    12.184,
    12.38,
    12.638,
    13.234,
    13.266,
    13.072,
    13.488,
    13.716,
    13.992,
    14.236,
    14.598,
    15.014,
    14.902,
    15.138,
    15.444,
    15.398,
    15.578,
    15.452,
    15.782,
    15.506,
    15.924,
    15.878
  ],
  "train_acc5": [
    15.628,
    20.36,
    21.442,
    22.1,
    23.148,
    24.37,
    25.61,
    26.894,
    28.252,
    29.502,
    29.834,
    30.724,
    31.202,
    31.754,
    32.234,
    32.614,
    33.074,
    33.538,
    33.464,
    33.974,
    34.506,
    34.646,
    35.138,
    35.728,
    35.952,
    36.656,
    36.672,
    37.164,
    37.61,
    38.094,
    38.396,
    39.086,
    39.57,
    39.694,
    40.008,
    40.416,
    41.076,
    41.16,
    41.842,
    42.214,
    42.464,
    42.884,
    43.226,
    43.378,
    43.606,
    43.442,
    43.986,
    44.168,
    44.208,
    44.246
  ],
  "test_loss": [
    4.213287708282471,
    4.158262298583985,
    4.138564244842529,
    4.121616053771973,
    4.075077370452881,
    4.211929455566406,
    4.025513129425049,
    3.963534153747559,
    4.074933964157104,
    4.101256337738037,
    3.8611624740600585,
    3.889243363952637,
    3.8588426055908203,
    3.7739339797973632,
    3.8095959671020507,
    3.7658634090423586,
    3.8166214748382568,
    3.8214804664611814,
    3.9177638164520263,
    3.7161077461242678,
    3.6620352115631105,
    3.718194522857666,
    3.860724462890625,
    3.653739598464966,
    3.7365636013031005,
    3.7980740814208986,
    3.664247062301636,
    3.6090394584655763,
    3.68000389175415,
    3.6510715217590333,
    3.553553364944458,
    3.62490594329834,
    3.6054546852111815,
    3.5066175640106203,
    3.5992055561065674,
    3.502526844024658,
    3.524218818283081,
    3.5028087963104246,
    3.456470993041992,
    3.4681960845947266,
    3.450623966217041,
    3.409541686630249,
    3.4212015724182128,
    3.415276909637451,
    3.416504945373535,
    3.4156144020080568,
    3.4080629894256593,
    3.4164037940979,
    3.411631255722046,
    3.4140675468444823
  ],
  "test_acc": [
    6.41,
    7.15,
    6.99,
    6.47,
    8.06,
    7.34,
    8.85,
    8.59,
    7.84,
    7.42,
    11.08,
    10.46,
    10.46,
    12.29,
    11.28,
    12.5,
    11.5,
    10.55,
    10.87,
    12.45,
    13.71,
    12.6,
    11.08,
    13.69,
    13.11,
    11.26,
    13.48,
    13.96,
    13.17,
    14.25,
    15.5,
    14.65,
    14.97,
    16.03,
    14.74,
    16.46,
    16.45,
    16.87,
    17.9,
    17.79,
    18.14,
    19.13,
    18.82,
    18.87,
    18.71,
    19.1,
    18.86,
    18.82,
    19.14,
    18.98
  ],
  "test_acc5": [
    22.67,
    26.7,
    26.42,
    25.37,
    28.13,
    24.78,
    29.53,
    30.58,
    26.78,
    27.5,
    34.05,
    33.52,
    34.93,
    38.54,
    36.95,
    38.25,
    36.45,
    36.66,
    32.48,
    40.36,
    41.74,
    40.55,
    35.41,
    42.24,
    39.98,
    36.78,
    42.24,
    43.75,
    42.12,
    43.28,
    45.78,
    43.7,
    44.39,
    48.29,
    45.38,
    48.1,
    47.06,
    47.93,
    50.22,
    48.96,
    50.59,
    52.25,
    51.63,
    51.43,
    51.53,
    51.4,
    51.91,
    51.15,
    51.24,
    51.43
  ],
  "lr": [
    0.001,
    0.0009990133642141358,
    0.000996057350657239,
    0.0009911436253643444,
    0.0009842915805643156,
    0.0009755282581475769,
    0.0009648882429441258,
    0.0009524135262330099,
    0.0009381533400219318,
    0.0009221639627510075,
    0.0009045084971874736,
    0.0008852566213878945,
    0.0008644843137107056,
    0.0008422735529643443,
    0.0008187119948743448,
    0.0007938926261462366,
    0.0007679133974894982,
    0.0007408768370508576,
    0.0007128896457825362,
    0.0006840622763423389,
    0.0006545084971874735,
    0.0006243449435824271,
    0.0005936906572928622,
    0.000562666616782152,
    0.0005313952597646566,
    0.0004999999999999998,
    0.00046860474023534314,
    0.00043733338321784774,
    0.00040630934270713756,
    0.00037565505641757246,
    0.00034549150281252633,
    0.00031593772365766105,
    0.00028711035421746355,
    0.0002591231629491422,
    0.00023208660251050145,
    0.00020610737385376337,
    0.00018128800512565502,
    0.00015772644703565555,
    0.00013551568628929425,
    0.00011474337861210535,
    9.549150281252626e-05,
    7.783603724899252e-05,
    6.184665997806817e-05,
    4.7586473766990294e-05,
    3.5111757055874305e-05,
    2.4471741852423218e-05,
    1.5708419435684507e-05,
    8.856374635655634e-06,
    3.942649342761115e-06,
    9.866357858642198e-07
  ],
  "epoch_time": [
    10.601655721664429,
    10.15383005142212,
    10.18072247505188,
    10.176669597625732,
    10.123648643493652,
    10.091092824935913,
    10.115510702133179,
    10.097425699234009,
    10.126758098602295,
    10.124632358551025,
    10.106509447097778,
    10.127806663513184,
    10.121218204498291,
    10.13694167137146,
    10.121057033538818,
    10.127352476119995,
    10.122142791748047,
    10.119161605834961,
    10.116749048233032,
    10.079808950424194,
    10.078994512557983,
    10.137253761291504,
    10.092890739440918,
    10.104838371276855,
    10.079655885696411,
    10.114697694778442,
    10.093346118927002,
    10.086073875427246,
    10.065655946731567,
    10.115402460098267,
    10.046021461486816,
    10.129412651062012,
    10.097954511642456,
    10.111530780792236,
    10.109382629394531,
    10.109726905822754,
    10.06258225440979,
    10.118567705154419,
    10.137586832046509,
    10.124616146087646,
    10.10580825805664,
    10.121360063552856,
    10.117197751998901,
    10.122394800186157,
    10.08687138557434,
    10.058531522750854,
    10.067456722259521,
    10.104927062988281,
    10.072634935379028,
    10.11670970916748
  ]
}