{
  "train_loss": [
    4.444968835144043,
    4.131034570770264,
    3.9104671128845214,
    3.7134862071228025,
    3.5574664909362794,
    3.4111255586242675,
    3.306452865905762,
    3.21801601234436,
    3.1439276850891114,
    3.091454565200806,
    3.0361941752624513,
    2.9987576313781736,
    2.966189328918457,
    2.937071666107178,
    2.9108014347839357,
    2.8931836474609374,
    2.870057841491699,
    2.8503893409729004,
    2.8261487983703613,
    2.809793363647461,
    2.792056828613281,
    2.777398382110596,
    2.7672368634033204,
    2.7557758308410643,
    2.745107757949829,
    2.7351391004943846,
    2.7207135357666017,
    2.7088789848327637,
    2.6917978500366213,
    2.6918207704162596,
    2.6811553316497805,
    2.6651085092163087,
    2.650295140762329,
    2.6460628105926514,
    2.628546293411255,
    2.623113767242432,
    2.6093586724853517,
    2.5980428701782228,
    2.5820623652648926,
    2.5810469453430174,
    2.572732430496216,
    2.568388955001831,
    2.5486898946380614,
    2.5421743452453613,
    2.5292021998596192,
    2.524401350250244,
    2.4997896028137205,
    2.5025239710998535,
    2.489555507888794,
    2.4751779022979736,
    2.464723988494873,
    2.460931046066284,
    2.442578099899292,
    2.4290990353393553,
    2.4224721241760254,
    2.410842537841797,
    2.3912406693267823,
    2.3922518249511717,
    2.3806228398132325,
    2.360190222930908,
    2.357936310882568,
    2.344140221710205,
    2.329312251663208,
    2.3152371744537352,
    2.3103191525268554,
    2.2976012259674072,
    2.282084914627075,
    2.275218017730713,
    2.2583416148376463,
    2.251017071914673,
    2.2423030859375,
    2.233250360870361,
    2.2094859122467043,
    2.205917276916504,
    2.191543550415039,
    2.174635843200684,
    2.174623279724121,
    2.1622836843109132,
    2.1440343914031983,
    2.1350438149261475,
    2.1272399320983886,
    2.1110458749389647,
    2.1056036517333983,
    2.0966707131958007,
    2.094153426361084,
    2.091140995788574,
    2.0795478102874756,
    2.0697702005004883,
    2.0605260397338867,
    2.062610436248779,
    2.0492889978027344,
    2.0457153680419924,
    2.047719220352173,
    2.0451076247406004,
    2.038969108734131,
    2.032106528701782,
    2.0353879981994627,
    2.032613844528198,
    2.0412212657546998,
    2.0308892670440675
  ],
  "train_acc": [
    4.054,
    8.676,
    12.644,
    16.804,
    20.216,
    23.55,
    26.04,
    28.104,
    29.934,
    31.322,
    32.984,
    33.734,
    35.072,
    35.782,
    36.456,
    36.69,
    37.67,
    38.11,
    38.65,
    39.12,
    39.554,
    40.194,
    40.662,
    40.956,
    41.176,
    41.366,
    41.61,
    42.132,
    42.64,
    42.8,
    43.166,
    43.392,
    43.774,
    44.022,
    44.64,
    44.558,
    45.06,
    45.406,
    45.848,
    45.836,
    46.276,
    46.262,
    46.766,
    47.02,
    47.502,
    47.45,
    48.32,
    48.062,
    48.594,
    48.844,
    49.358,
    49.312,
    49.788,
    50.338,
    50.434,
    50.946,
    51.316,
    51.664,
    51.732,
    52.532,
    52.638,
    52.966,
    53.45,
    53.822,
    54.064,
    54.262,
    54.704,
    54.748,
    55.534,
    55.7,
    55.938,
    56.268,
    56.71,
    57.078,
    57.624,
    58.248,
    58.09,
    58.448,
    58.916,
    59.272,
    59.53,
    60.0,
    60.22,
    60.706,
    60.798,
    60.59,
    61.118,
    61.3,
    61.642,
    61.522,
    61.956,
    61.992,
    62.286,
    62.302,
    62.532,
    62.586,
    62.38,
    62.832,
    62.374,
    62.61
  ],
  "train_acc5": [
    15.042,
    27.366,
    35.58,
    42.844,
    48.434,
    52.986,
    56.164,
    59.156,
    61.214,
    62.676,
    64.324,
    65.326,
    66.172,
    66.808,
    67.652,
    68.21,
    68.378,
    68.92,
    69.64,
    70.342,
    70.638,
    70.872,
    71.316,
    71.528,
    71.772,
    72.022,
    72.304,
    72.646,
    73.192,
    72.878,
    73.1,
    73.888,
    74.242,
    74.258,
    74.49,
    74.71,
    75.126,
    75.438,
    75.776,
    75.78,
    76.092,
    76.258,
    76.478,
    76.684,
    76.838,
    77.118,
    77.64,
    77.446,
    77.724,
    78.274,
    78.366,
    78.416,
    78.812,
    79.242,
    79.114,
    79.406,
    79.942,
    80.018,
    80.386,
    80.758,
    80.582,
    80.954,
    81.21,
    81.652,
    81.488,
    81.808,
    82.092,
    82.484,
    82.77,
    82.692,
    82.934,
    83.24,
    83.754,
    83.634,
    83.946,
    84.192,
    84.258,
    84.544,
    84.906,
    84.92,
    85.292,
    85.488,
    85.804,
    85.738,
    85.796,
    86.082,
    86.182,
    86.268,
    86.458,
    86.396,
    86.57,
    86.81,
    86.628,
    86.66,
    86.732,
    86.836,
    86.964,
    86.972,
    86.944,
    86.944
  ],
  "test_loss": [
    4.305592601776123,
    4.246899678039551,
    3.6142475975036623,
    3.5381602542877197,
    3.1829109672546387,
    3.1095750995635987,
    3.0320776473999023,
    2.9218494243621826,
    2.7548785926818846,
    2.792913353729248,
    2.67132734375,
    2.5738392719268797,
    2.609837033843994,
    2.5906607288360597,
    2.5828101959228515,
    2.4792518169403075,
    2.5443010917663575,
    2.520389236450195,
    2.443918525314331,
    2.430343962097168,
    2.433279773712158,
    2.4159714584350587,
    2.3473242710113524,
    2.3741238929748536,
    2.3347518035888672,
    2.382538158798218,
    2.2884815139770507,
    2.402132283782959,
    2.31291531829834,
    2.29870876121521,
    2.2604394691467284,
    2.2542212543487548,
    2.2806594917297365,
    2.220616396331787,
    2.2195554611206054,
    2.196040484237671,
    2.203593533706665,
    2.1694671184539795,
    2.16154052734375,
    2.1553835567474366,
    2.1587134815216062,
    2.109926904296875,
    2.1028323238372804,
    2.1090376678466796,
    2.121645204925537,
    2.179505751419067,
    2.12454754447937,
    2.0931288051605224,
    2.064989922714233,
    2.086578095245361,
    2.05768955078125,
    2.0165965278625486,
    2.0338453315734863,
    2.077985537147522,
    1.989198473739624,
    2.007199598312378,
    2.0124508388519287,
    1.9786157205581665,
    1.9700501167297364,
    1.961596776008606,
    1.9362014240264893,
    1.9523955814361573,
    1.9365323936462402,
    1.925302262878418,
    1.9266617500305177,
    1.9108600524902344,
    1.9055888999938966,
    1.8826896923065186,
    1.8826726699829102,
    1.8862090503692628,
    1.8584874635696411,
    1.8486606006622315,
    1.8812553382873536,
    1.848245238494873,
    1.8381317417144776,
    1.8228943767547607,
    1.820701240158081,
    1.8095072792053222,
    1.8082369407653809,
    1.7844318206787109,
    1.7807671487808228,
    1.7839006137847901,
    1.776658458328247,
    1.77010234375,
    1.7571953285217286,
    1.7617450960159302,
    1.754898987197876,
    1.7517564426422119,
    1.7498694362640381,
    1.7476262069702149,
    1.741494545173645,
    1.7336338569641114,
    1.7350950759887696,
    1.7331352336883545,
    1.7291275094985963,
    1.7366378904342652,
    1.733404111099243,
    1.7301535898208618,
    1.7335892812728881,
    1.73268045463562
  ],