{
  "train_loss": [
    4.027334897003174,
    3.614746102142334,
    3.3953092657470703,
    3.2312509439086914,
    3.096476106567383,
    2.992065506134033,
    2.8998197888946535,
    2.826800606918335,
    2.7527271313476565,
    2.687064583969116,
    2.6261016494750975,
    2.576033163909912,
    2.5202392277526857,
    2.4672522329711915,
    2.4206678255462646,
    2.3749979077148438,
    2.3328669299316407,
    2.2903788118743895,
    2.2503625088500976,
    2.2122284476470946,
    2.170193970794678,
    2.134742036743164,
    2.090945356063843,
    2.0478677759552,
    2.01665139251709,
    1.9729894818115234,
    1.9388104151916503,
    1.9055260832977294,
    1.8685172801971435,
    1.8332177375793457,
    1.7975620273590087,
    1.7622181615447998,
    1.7283620304489136,
    1.6932329472351075,
    1.6586250246429444,
    1.6205276907730102,
    1.6018098266983032,
    1.5716494151306153,
    1.539957758178711,
    1.513538122177124,
    1.4883715135192872,
    1.4613978297042847,
    1.4411440699005127,
    1.4082783261871339,
    1.3862005083847047,
    1.3605937162017823,
    1.3477779922485351,
    1.3275668241500855,
    1.3153904593658448,
    1.287983670387268,
    1.2764609939575196,
    1.2582225269699097,
    1.242591866531372,
    1.228150640411377,
    1.215455788154602,
    1.1996643522644044,
    1.1851249992370605,
    1.1767035891342164,
    1.1673681238555909,
    1.1541522766113281,
    1.141088766746521,
    1.1357478104400636,
    1.1206303885269164,
    1.1135962562561035,
    1.108468233718872,
    1.0965227729797364,
    1.092741528968811,
    1.0804055918502808,
    1.0735080055236816,
    1.0643368021011352,
    1.0654313229370118,
    1.0573472396087646,
    1.0515593282318114,
    1.042636111755371,
    1.0388860518646241,
    1.031888808517456,
    1.0303234927368163,
    1.025400343399048,
    1.0218599150466918,
    1.015677832107544,
    1.0150267667770385,
    1.0101199612808227,
    1.0060157945251464,
    1.0040774990081787,
    1.0029245657730101,
    0.9989309852790833,
    0.9966396859741211,
    0.9922309420394897,
    0.9931423100662231,
    0.9918896250915528
  ],
  "train_acc": [
    10.718,
    18.528,
    23.396,
    27.302,
    30.544,
    33.238,
    35.818,
    37.344,
    39.226,
    41.04,
    42.672,
    44.094,
    45.62,
    46.86,
    48.424,
    49.514,
    50.896,
    52.1,
    53.162,
    54.384,
    55.578,
    56.734,
    57.89,
    59.368,
    60.314,
    61.462,
    62.71,
    64.002,
    64.968,
    66.188,
    67.372,
    68.572,
    69.896,
    71.016,
    72.274,
    73.772,
    74.248,
    75.406,
    76.566,
    77.68,
    78.56,
    79.658,
    80.384,
    81.806,
    82.716,
    83.786,
    84.252,
    84.95,
    85.672,
    86.75,
    87.128,
    87.672,
    88.516,
    89.058,
    89.56,
    90.148,
    90.748,
    91.132,
    91.416,
    91.91,
    92.476,
    92.596,
    93.22,
    93.458,
    93.598,
    94.156,
    94.298,
    94.762,
    94.848,
    95.252,
    95.236,
    95.494,
    95.676,
    96.098,
    96.214,
    96.422,
    96.46,
    96.542,
    96.642,
    96.938,
    96.972,
    97.102,
    97.228,
    97.256,
    97.222,
    97.49,
    97.512,
    97.672,
    97.578,
    97.614
  ],
  "test_loss": [
    3.6962225353240967,
    3.3931829345703126,
    3.2344953704833985,
    3.132787890625,
    2.9466430435180664,
    2.898046110534668,
    2.854269189071655,
    2.7922771739959718,
    2.686030362319946,
    2.6362306617736815,
    2.6353789581298828,
    2.5230877113342287,
    2.591330924606323,
    2.5018391597747804,
    2.4833741470336914,
    2.4432990997314454,
    2.4502727111816407,
    2.481684369277954,
    2.4278530330657957,
    2.401837631225586,
    2.4373893600463865,
    2.4390317432403563,
    2.4075554725646975,
    2.411273722457886,
    2.418529947280884,
    2.4017476974487306,
    2.420390085601807,
    2.387338325881958,
    2.4359160037994383,
    2.4381214698791505,
    2.411645936965942,
    2.4267003204345703,
    2.424247546386719,
    2.439493202972412,
    2.4540448295593262,
    2.4706180820465087,
    2.536432426071167,
    2.5102435283660887,
    2.4753050960540772,
    2.493337732696533,
    2.5163771621704103,
    2.5123037593841553,
    2.521847766494751,
    2.536391996383667,
    2.54246314163208,
    2.533561782455444,
    2.5346547431945803,
    2.549868608856201,
    2.5380726707458496,
    2.535286785888672,
    2.5504177253723146,
    2.5631330505371093,
    2.5688389503479003,
    2.567072715759277,
    2.554384485244751,
    2.5659034008026125,
    2.564865433883667,
    2.5619536918640136,
    2.5600398433685303,
    2.5694885597229002,
    2.5814977989196777,
    2.5635016872406005,
    2.5524562294006348,
    2.555475688171387,
    2.560032341003418,
    2.56831353225708,
    2.5614131969451903,
    2.555431239318848,
    2.548515181732178,
    2.5393044090270998,
    2.543960890197754,
    2.5450957912445067,
    2.5441947509765623,
    2.550694341278076,
    2.5442415058135985,
    2.535727939987183,
    2.5386574310302734,
    2.537638003540039,
    2.5349525283813477,
    2.5304960327148436,
    2.5266460174560548,
    2.5376248413085936,
    2.5364045677185056,
    2.5269129020690917,
    2.5275068054199217,
    2.5333604335784914,
    2.5288481716156004,
    2.5300558116912844,
    2.5261960731506345,
    2.523019934463501
  ],
  "test_acc": [
    17.17,
    24.16,
    27.42,
    30.83,
    34.92,
    35.55,
    37.57,
    39.2,
    41.67,
    43.61,
    42.98,
    45.67,
    44.72,
    47.33,
    47.99,
    49.07,
    48.85,
    48.71,
    49.99,
    50.57,
    50.35,
    50.16,
    51.4,
    51.69,
    51.49,
    51.87,
    51.82,
    52.56,
    51.46,
    52.23,
    52.97,
    52.29,
    52.52,
    52.47,
    53.0,
    53.08,
    51.03,
    51.93,
    53.24,
    52.49,
    52.25,
    52.6,
    52.66,
    52.43,
    52.19,
    53.03,
    53.06,
    53.03,
    53.07,
    53.33,
    53.18,
    52.86,
    53.17,
    52.8,
    53.39,
    53.16,
    53.1,
    53.17,
    53.35,
    53.36,
    52.86,
    52.98,
    53.67,
    53.13,
    53.41,
    53.22,
    53.4,
    53.83,
    53.43,
    54.38,
    53.69,
    53.49,
    53.35,
    53.81,
    54.05,
    54.09,
    54.09,
    53.84,
    54.15,
    54.06,
    54.13,
    54.03,
    53.69,
    53.97,
    54.18,
    53.83,
    54.16,
    54.04,
    54.1,
    53.93
  ],