{
  "train_loss": [
    1.697337085876465,
    1.3287207320404053,
    1.2200533869171142,
    1.154526441001892,
    1.114866396331787,
    1.0959169862365723,
    1.0591257260894775,
    1.0282567175674437,
    0.989786545829773,
    0.9623482613945007,
    0.9256003010368348,
    0.9142146493148804,
    0.9052960703659058,
    0.8787393123054504,
    0.874881823272705,
    0.8653584863090515,
    0.8511365088653564,
    0.8441179079055786,
    0.8394536760711669,
    0.8364562937736512,
    0.8238709095764161,
    0.8180031338882446,
    0.8093947373962402,
    0.811782748260498,
    0.8049330322265625,
    0.7925387150382995,
    0.7906153427696228,
    0.7864714161300659,
    0.7712609342956543,
    0.7690372268486023,
    0.7694541193962097,
    0.7600076245117188,
    0.7551618686676025,
    0.7530334888839721,
    0.7451595247268676,
    0.7383844011116028,
    0.7310612774467469,
    0.7291340658950806,
    0.723394332370758,
    0.7183065038108826,
    0.7123308312034607,
    0.7064585488510132,
    0.705223826675415,
    0.699060943851471,
    0.6948087985038758,
    0.6887500647640228,
    0.6825819234466552,
    0.6764141763687134,
    0.6685193479919433,
    0.6557871563148499,
    0.6596241084671021,
    0.6502805700492859,
    0.6423234372329711,
    0.6325687350845337,
    0.6333289198970795,
    0.623651640548706,
    0.6211415203475952,
    0.6118205337333679,
    0.5999816184043885,
    0.6051493965816498,
    0.5845517651748657,
    0.5804408105278015,
    0.5842668395423889,
    0.5700886597633362,
    0.562102659778595,
    0.5563064151954651,
    0.545772433795929,
    0.53984868932724,
    0.530473559627533,
    0.527591835269928,
    0.5190348080348969,
    0.5142921841526031,
    0.5020147996711731,
    0.490743973197937,
    0.4883630286026001,
    0.481561936340332,
    0.472429575510025,
    0.46621656642913817,
    0.4546751741981506,
    0.4489986838912964,
    0.4408134587669373,
    0.4373768298816681,
    0.4265715955257416,
    0.42279515115737915,
    0.4158873380088806,
    0.40771348552703857,
    0.40117717163085936,
    0.4011362585067749,
    0.39346767464637755,
    0.3888813610267639,
    0.384554829120636,
    0.3817685969734192,
    0.378101238822937,
    0.37316329557418826,
    0.37340297251701354,
    0.3689127509307861,
    0.3671483372116089,
    0.370926510887146,
    0.3664289826774597,
    0.3660918587684631
  ],
  "train_acc": [
    37.952,
    52.114,
    56.624,
    59.358,
    61.586,
    62.404,
    64.58,
    65.638,
    66.81,
    67.662,
    69.05,
    69.144,
    69.47,
    70.47,
    70.64,
    71.036,
    71.406,
    71.616,
    71.89,
    71.964,
    72.41,
    72.648,
    72.794,
    72.96,
    73.212,
    73.366,
    73.656,
    73.546,
    74.106,
    74.322,
    74.382,
    74.684,
    74.908,
    74.852,
    75.064,
    75.39,
    75.556,
    75.676,
    75.854,
    76.084,
    76.178,
    76.456,
    76.632,
    76.64,
    76.792,
    77.126,
    77.334,
    77.5,
    77.956,
    78.488,
    78.012,
    78.242,
    78.692,
    78.76,
    79.082,
    79.352,
    79.554,
    79.656,
    80.278,
    79.864,
    80.728,
    80.746,
    80.598,
    81.048,
    81.422,
    81.796,
    81.966,
    82.202,
    82.55,
    82.64,
    82.93,
    83.344,
    83.538,
    83.916,
    83.918,
    84.194,
    84.438,
    84.84,
    85.276,
    85.37,
    85.616,
    85.816,
    86.276,
    86.304,
    86.542,
    86.812,
    87.1,
    87.148,
    87.284,
    87.598,
    87.648,
    87.762,
    87.824,
    87.994,
    88.002,
    88.216,
    88.34,
    88.236,
    88.196,
    88.372
  ],
  "test_loss": [
    1.4047277042388917,
    1.2299588700294495,
    1.1379793063163757,
    1.1701616640090942,
    1.2168766626358032,
    1.1303116265296935,
    1.2593449951171876,
    1.1557681274414062,
    1.006059139060974,
    1.0505824253082274,
    1.094554386138916,
    1.1057455173492432,
    0.9528522431373596,
    0.9077257451057434,
    0.9108962845802308,
    0.9214284214973449,
    0.8889185752868652,
    0.8633226459980011,
    0.885662991809845,
    0.8922467936515808,
    0.791404374885559,
    0.8953063717842102,
    0.8305721937179565,
    0.8228919713020325,
    0.8028878704547882,
    0.8009895414352417,
    0.7603182493209839,
    0.7861492782592774,
    0.8040888052940368,
    0.8027592348098755,
    0.8329774074554444,
    0.7605846391201019,
    0.781985196018219,
    0.7720330606460571,
    0.816152710056305,
    0.751092335987091,
    0.7510269500732422,
    0.7237949034690857,
    0.7177729034423828,
    0.7823357769012451,
    0.7403831036567688,
    0.7143385970115662,
    0.7730935218811035,
    0.7371798597335816,
    0.7658006791114808,
    0.7499287389755249,
    0.7114530151367188,
    0.6505484140396118,
    0.7137580583572388,
    0.7128750859260559,
    0.6772255331993103,
    0.6884653082847595,
    0.663103791999817,
    0.6289819039344787,
    0.6346555230140686,
    0.6419613527297974,
    0.616836324596405,
    0.6263052020072937,
    0.6465514228820801,
    0.6290878370285035,
    0.6118975542068481,
    0.6411731290340423,
    0.6628619584083557,
    0.5998329935073853,
    0.5866167036056519,
    0.6203168998718261,
    0.5752305055618286,
    0.5601749082565307,
    0.5640162047386169,
    0.5571503569602966,
    0.5425280372619629,
    0.5394865599632264,
    0.5529740327835083,
    0.5461194689750671,
    0.5338653800964356,
    0.523327888393402,
    0.5310278170585633,
    0.5204244765281677,
    0.49977587432861326,
    0.5046481197357178,
    0.5031272399902343,
    0.500279630947113,
    0.4970141526222229,
    0.49070644083023074,
    0.492514243888855,
    0.47941077337265015,
    0.47762799186706545,
    0.4777963552474976,
    0.47624809398651125,
    0.4729519277572632,
    0.4673226696014404,
    0.47102973499298095,
    0.47704645729064943,
    0.4686066856384277,
    0.46872765283584594,
    0.4662811777114868,
    0.4672945707321167,
    0.4673440465927124,
    0.4655525827407837,
    0.466085573387146
  ],
  "test_acc": [
    49.3,
    56.44,
    59.05,
    59.86,
    57.7,
    62.42,
    58.13,
    61.87,
    65.99,
    64.47,
    63.37,
    63.81,
    68.41,
    69.84,
    68.53,
    69.51,
    70.05,
    71.51,
    70.23,
    69.88,
    73.05,
    70.16,
    72.54,
    72.33,
    72.57,
    72.92,
    74.42,
    73.22,
    72.88,
    73.58,
    71.78,
    74.48,
    73.75,
    74.27,
    72.97,
    74.56,
    74.84,
    75.46,
    76.06,
    73.81,
    75.38,
    76.5,
    74.15,
    75.19,
    74.66,
    74.82,
    76.56,
    78.02,
    76.63,
    76.63,
    76.94,
    76.93,
    77.41,
    78.88,
    78.73,
    78.51,
    79.53,
    78.82,
    78.66,
    78.81,
    80.06,
    78.35,
    77.72,
    80.31,
    80.81,
    79.07,
    81.11,
    81.33,
    80.97,
    81.27,
    82.33,
    82.23,
    81.72,
    82.16,
    82.61,
    82.54,
    82.35,
    83.21,
    83.48,
    83.77,
    83.5,
    83.76,
    83.72,
    83.8,
    83.73,
    84.41,
    84.35,
    84.44,
    84.63,
    84.66,
    84.78,
    84.87,
    84.49,
    84.76,
    84.81,
    84.81,
    85.02,
    84.76,
    84.95,
    84.85
  ],