{
  "train_loss": [
    4.230046776657105,
    3.7543815118408204,
    3.5586257609558105,
    3.4398181590270998,
    3.316354966812134,
    3.229818635177612,
    3.147527361373901,
    3.087313626022339,
    3.0353612911224364,
    2.993455277481079,
    2.95332669921875,
    2.9293439619445802,
    2.886606131591797,
    2.8641020405578614,
    2.8360807427215575,
    2.8101098120880126,
    2.7965131048583984,
    2.7648475484466553,
    2.757604211883545,
    2.736064351425171,
    2.725792977294922,
    2.7131900115203855,
    2.6927778484344485,
    2.6731724482727053,
    2.6653085082244874,
    2.641869962768555,
    2.633057089691162,
    2.624797258758545,
    2.6084685832977295,
    2.5977638985443114,
    2.5770706851959226,
    2.571168078842163,
    2.553070148162842,
    2.5391738929748535,
    2.532320517425537,
    2.5147488339233397,
    2.499310897216797,
    2.484463581314087,
    2.4742667008209227,
    2.4674684774780276,
    2.450756590499878,
    2.433451267700195,
    2.4223218759155274,
    2.4047517378234864,
    2.3846699406433105,
    2.3727408396911622,
    2.3566319316864015,
    2.3405658361816406,
    2.3189903298950196,
    2.3057292330932615,
    2.293981907119751,
    2.2736638246154786,
    2.248963843841553,
    2.2345432815551756,
    2.211019234085083,
    2.1964837754058837,
    2.175161383361816,
    2.1487184268188475,
    2.1295874029541015,
    2.109722534866333,
    2.0889583972930907,
    2.0571211737823485,
    2.037839521026611,
    2.0131510180664063,
    1.9911268296813964,
    1.9623779554748535,
    1.9406178005981445,
    1.9083659158325195,
    1.872936839981079,
    1.8502812042236327,
    1.819260609893799,
    1.7856142951202392,
    1.7538541590881347,
    1.728361966896057,
    1.6872111985778808,
    1.6458085209655762,
    1.6169414280700685,
    1.5806489628601075,
    1.5433660313415527,
    1.4979630017089844,
    1.467462677154541,
    1.4198261785507202,
    1.37831237033844,
    1.3421742763900757,
    1.3078088362884521,
    1.2649147370529175,
    1.2313541004943849,
    1.1943641553497315,
    1.1602496858596802,
    1.1353489644241332,
    1.1129584295654298,
    1.096699444847107,
    1.0733380644226074,
    1.0609554436874389,
    1.0491404718017578,
    1.0411361499023437,
    1.0359305518341064,
    1.0287048009490967,
    1.025730008354187,
    1.020767294692993
  ],
  "train_acc": [
    8.018,
    15.074,
    19.466,
    22.23,
    25.24,
    27.156,
    29.24,
    30.358,
    31.77,
    32.908,
    33.89,
    34.528,
    35.736,
    36.052,
    36.888,
    37.582,
    38.186,
    38.702,
    39.136,
    39.822,
    39.846,
    40.176,
    40.948,
    41.16,
    41.362,
    42.038,
    42.5,
    42.494,
    43.178,
    43.404,
    44.156,
    44.162,
    44.442,
    44.918,
    45.164,
    45.77,
    46.19,
    46.452,
    46.884,
    47.012,
    47.51,
    47.94,
    48.098,
    48.514,
    49.246,
    49.418,
    49.908,
    50.456,
    51.13,
    51.398,
    51.726,
    52.398,
    52.958,
    53.406,
    54.194,
    54.57,
    55.21,
    55.918,
    56.466,
    57.012,
    57.684,
    58.488,
    59.18,
    59.856,
    60.84,
    61.352,
    62.172,
    63.164,
    64.2,
    64.858,
    65.914,
    67.192,
    68.17,
    68.954,
    70.256,
    71.754,
    72.638,
    73.944,
    75.208,
    76.854,
    78.02,
    79.596,
    81.234,
    82.556,
    83.554,
    85.512,
    86.694,
    88.236,
    89.566,
    90.536,
    91.25,
    91.826,
    92.784,
    93.224,
    93.77,
    94.042,
    94.256,
    94.52,
    94.644,
    94.882
  ],
  "test_loss": [
    3.801911252593994,
    3.525269204711914,
    3.436305729293823,
    3.3024323738098142,
    3.2316418228149413,
    3.0749676948547364,
    3.0265140785217284,
    2.993606329727173,
    2.8852702766418457,
    2.845929327774048,
    2.8471040924072266,
    2.7876138267517088,
    2.867221471786499,
    2.799772341156006,
    2.7777235584259032,
    2.7866446533203124,
    2.7791059211730955,
    2.7766447383880615,
    2.6667423080444337,
    2.7561782871246336,
    2.633099517440796,
    2.640368353652954,
    2.6741630043029785,
    2.6637226127624514,
    2.6565226188659667,
    2.5772799964904785,
    2.59712568321228,
    2.556958730316162,
    2.558535676956177,
    2.5456449268341066,
    2.6254908618927,
    2.495222512435913,
    2.55556932220459,
    2.532493775177002,
    2.543725016784668,
    2.576987103652954,
    2.5039669578552246,
    2.523661614227295,
    2.5707058708190917,
    2.468669316482544,
    2.48536443939209,
    2.4757280338287355,
    2.4795300647735594,
    2.4757227951049803,
    2.46762813911438,
    2.4273215229034424,
    2.421842958450317,
    2.3688033517837526,
    2.3827046951293944,
    2.3489729095458984,
    2.3737596710205078,
    2.3640483009338378,
    2.335069306182861,
    2.351692036437988,
    2.37738577041626,
    2.3421521732330324,
    2.318796500015259,
    2.3655029727935792,
    2.3445397937774657,
    2.286868503189087,
    2.3233064964294434,
    2.334275426864624,
    2.273219240951538,
    2.264168454360962,
    2.2911310890197756,
    2.261187920379639,
    2.2504565647125245,
    2.2124447257995605,
    2.2466246772766114,
    2.2483613613128663,
    2.2620262748718263,
    2.27848670501709,
    2.2373023426055907,
    2.2415421745300295,
    2.2098293590545652,
    2.207709998703003,
    2.29183836517334,
    2.2272842277526856,
    2.2197600578308108,
    2.2303518096923827,
    2.2261196842193605,
    2.213534631347656,
    2.2631835300445555,
    2.2325549808502196,
    2.2226607629776,
    2.20594299697876,
    2.2269255546569826,
    2.2314582300186157,
    2.2326022491455078,
    2.2280585021972654,
    2.22075585899353,
    2.227616046142578,
    2.2267128719329836,
    2.2278309196472166,
    2.22373084564209,
    2.226428730392456,
    2.22452113571167,
    2.2230875019073486,
    2.22288687210083,
    2.2251514488220216
  ],
  "test_acc": [
    14.37,
    19.48,
    21.77,
    25.78,
    27.78,
    30.36,
    32.39,
    33.23,
    36.38,
    37.24,
    36.29,
    38.01,
    36.52,
    38.03,
    39.08,
    39.27,
    38.71,
    39.5,
    41.95,
    40.08,
    42.69,
    43.11,
    42.07,
    42.11,
    42.47,
    44.68,
    43.33,
    45.04,
    45.26,
    45.16,
    43.54,
    45.75,
    45.1,
    45.27,
    45.5,
    44.62,
    46.56,
    46.15,
    44.84,
    47.78,
    46.92,
    47.32,
    47.41,
    47.07,
    48.21,
    48.89,
    49.33,
    50.65,
    50.21,
    50.67,
    50.56,
    50.78,
    51.66,
    50.57,
    50.48,
    50.94,
    52.53,
    51.46,
    51.22,
    53.6,
    52.49,
    51.61,
    53.52,
    54.03,
    53.6,
    54.12,
    54.63,
    55.52,
    55.32,
    55.05,
    54.31,
    54.55,
    55.7,
    55.88,
    56.81,
    56.47,
    54.63,
    56.68,
    57.37,
    57.0,
    57.08,
    57.54,
    57.09,
    57.59,
    57.49,
    58.75,
    58.85,
    58.07,
    58.18,
    58.58,
    59.01,
    58.69,
    59.11,
    58.73,
    58.97,
    58.98,
    58.8,
    59.15,
    59.19,
    59.1
  ],