{
  "train_loss": [
    4.307621536254882,
    3.982829665374756,
    3.7085187241363524,
    3.47951996421814,
    3.319932850570679,
    3.1942303173828126,
    3.089547173690796,
    2.998208868713379,
    2.9228960147857665,
    2.8627605718994142,
    2.7972773791503904,
    2.743029985809326,
    2.704977496643066,
    2.6621016645812987,
    2.6173862380981445,
    2.5890110847473147,
    2.556801278991699,
    2.5316297965240477,
    2.496939747772217,
    2.469208091506958,
    2.445927788848877,
    2.4211244228363036,
    2.397071678314209,
    2.3904344338989256,
    2.3626901094818114,
    2.347576054382324,
    2.323755766220093,
    2.309322654647827,
    2.293254642562866,
    2.2752795682525635,
    2.263800776672363,
    2.248572614135742,
    2.2260233332824706,
    2.2184796314239503,
    2.205664239807129,
    2.1909922598266602,
    2.1824820069122315,
    2.175395001602173,
    2.1539147779846193,
    2.147540722198486,
    2.1458726062011717,
    2.117529933013916,
    2.11277932434082,
    2.1047864991760252,
    2.0967420960235597,
    2.0814761849975585,
    2.075675378417969,
    2.0673204077148437,
    2.057429549407959,
    2.0499533623504638,
    2.0340793325805664,
    2.031902486038208,
    2.0240077360534667,
    2.00938658782959,
    2.0067917879486084,
    1.99796010887146,
    1.9900153196716308,
    1.98847479927063,
    1.9802054415893555,
    1.9723642679595947,
    1.9667648211669921,
    1.9651118175506592,
    1.9504745308303832,
    1.9334778684997558,
    1.9416432152175904,
    1.933775676498413,
    1.9270929319000245,
    1.9131507313537597,
    1.9124802140808106,
    1.9186546254730226,
    1.907511146812439,
    1.896176930961609,
    1.8919520053100587,
    1.8898191447448731,
    1.8918546173858644,
    1.8842984883880616,
    1.8863691391372681,
    1.8795762040710449,
    1.8755612989807129,
    1.8655048873901368,
    1.8712336754608154,
    1.8586977072906494,
    1.8544033631896972,
    1.852584228515625,
    1.8587468172454833,
    1.852840567779541,
    1.854706106109619,
    1.8440754290771484,
    1.8445215386581422,
    1.848133924484253,
    1.8436967680740357,
    1.851547974319458,
    1.8441178437805177,
    1.8390003594970703,
    1.8422392697906493,
    1.8466055548858642,
    1.8393443048858642,
    1.8364595066452027,
    1.838226325302124,
    1.8453011818695069
  ],
  "train_acc": [
    5.616,
    11.05,
    16.828,
    21.702,
    26.026,
    28.706,
    31.39,
    34.022,
    36.224,
    37.638,
    39.522,
    40.992,
    42.186,
    43.472,
    44.52,
    45.544,
    46.44,
    47.174,
    48.144,
    48.924,
    49.658,
    50.508,
    51.006,
    51.398,
    52.246,
    52.634,
    53.43,
    53.55,
    54.326,
    54.708,
    55.036,
    55.458,
    56.382,
    56.566,
    57.106,
    57.336,
    57.756,
    57.696,
    58.696,
    58.952,
    58.562,
    60.022,
    59.79,
    60.048,
    60.41,
    60.798,
    60.83,
    61.324,
    61.428,
    61.87,
    62.228,
    62.342,
    62.572,
    62.906,
    62.994,
    63.39,
    63.864,
    63.606,
    64.008,
    64.3,
    64.49,
    64.374,
    65.146,
    65.48,
    65.33,
    65.726,
    65.696,
    66.246,
    66.444,
    66.032,
    66.43,
    66.804,
    66.93,
    67.326,
    67.044,
    67.254,
    67.028,
    67.554,
    67.582,
    67.642,
    67.62,
    68.016,
    68.37,
    68.27,
    68.258,
    68.35,
    68.368,
    68.734,
    68.388,
    68.658,
    68.57,
    68.254,
    68.58,
    68.658,
    68.498,
    68.488,
    68.836,
    68.96,
    68.658,
    68.744
  ],
  "train_acc5": [
    20.348,
    33.076,
    42.628,
    50.344,
    55.452,
    59.308,
    62.27,
    64.87,
    66.904,
    68.606,
    70.206,
    71.414,
    72.522,
    73.124,
    74.45,
    75.442,
    75.988,
    76.568,
    77.178,
    77.98,
    78.352,
    78.83,
    79.61,
    79.666,
    80.196,
    80.574,
    81.074,
    81.134,
    81.756,
    82.032,
    82.286,
    82.662,
    83.06,
    83.226,
    83.484,
    83.804,
    83.828,
    84.066,
    84.344,
    84.458,
    84.504,
    85.218,
    85.312,
    85.406,
    85.34,
    85.6,
    85.79,
    86.138,
    86.386,
    86.352,
    86.804,
    86.712,
    87.092,
    87.304,
    87.17,
    87.26,
    87.388,
    87.5,
    87.612,
    87.6,
    87.944,
    87.908,
    88.104,
    88.498,
    88.296,
    88.432,
    88.584,
    88.908,
    88.922,
    88.756,
    88.984,
    89.206,
    89.308,
    89.052,
    89.296,
    89.346,
    89.308,
    89.37,
    89.426,
    89.618,
    89.572,
    89.832,
    89.844,
    89.956,
    89.672,
    89.816,
    89.892,
    90.002,
    90.132,
    89.794,
    89.982,
    89.838,
    90.038,
    90.172,
    90.188,
    89.92,
    90.024,
    90.19,
    90.29,
    89.892
  ],
  "test_loss": [
    3.938202406692505,
    3.743842894744873,
    3.4326063659667967,
    3.18971886177063,
    3.0005923568725588,
    2.8295699211120606,
    2.6970631507873537,
    2.6332042415618897,
    2.5230847412109374,
    2.5004229751586915,
    2.425955373764038,
    2.4151354270935057,
    2.3361918613433836,
    2.255969878387451,
    2.230319319534302,
    2.2141343158721924,
    2.2245965648651125,
    2.157518621826172,
    2.130352756881714,
    2.076400831604004,
    2.0766602554321287,
    2.0743977993011473,
    2.0356984912872313,
    2.013026598358154,
    1.9955340183258057,
    1.9836867866516112,
    2.023864492034912,
    2.0226222908020017,
    1.9839935886383058,
    1.9788432415008546,
    1.9520894607543946,
    1.9724028564453124,
    1.9339214315414428,
    1.9081736192703247,
    1.909523070526123,
    1.9038171531677246,
    1.882113129043579,
    1.8616316753387452,
    1.8928608936309814,
    1.8578304168701172,
    1.8699123466491698,
    1.8481556606292724,
    1.85147059135437,
    1.8309818075180053,
    1.8256762657165528,
    1.8222178050994873,
    1.8323942916870117,
    1.8059446449279786,
    1.812137754058838,
    1.8107588891983033,
    1.8157719730377198,
    1.812170553779602,
    1.788134600830078,
    1.7949583190917968,
    1.8056573776245117,
    1.7925521270751954,
    1.7694860038757325,
    1.780515079498291,
    1.769949335861206,
    1.7637333126068115,
    1.7601827472686769,
    1.7633064096450806,
    1.7703906936645508,
    1.7514506019592284,
    1.7533528133392333,
    1.746671071243286,
    1.7637682792663574,
    1.7316412147521973,
    1.7596871688842775,
    1.7370872371673585,
    1.7349753608703613,
    1.7341843196868896,
    1.7393185592651368,
    1.7318152105331421,
    1.7294043880462646,
    1.7289128078460694,
    1.7207005458831788,
    1.7209834323883058,
    1.7212865236282349,
    1.7189570032119752,
    1.7176201461791991,
    1.717434051513672,
    1.7172790912628173,
    1.7134573852539063,
    1.7131954425811768,
    1.7152913188934327,
    1.7143494384765625,
    1.7112130504608154,
    1.7132557746887207,
    1.7140117050170898,
    1.709796590423584,
    1.7095841552734374,
    1.708875496864319,
    1.7108381433486939,
    1.7059084644317628,
    1.708604316329956,
    1.7098877693176269,
    1.7094233848571778,
    1.7104354921340943,
    1.7122408220291139
  ],