{
  "train_loss": [
    4.354359316253662,
    4.049384764022827,
    3.7513851573181154,
    3.523213837890625,
    3.3475569761657713,
    3.219357995147705,
    3.113402819519043,
    3.0212304582214355,
    2.942777950897217,
    2.8652605187225344,
    2.8172086643981933,
    2.761876901245117,
    2.7148522679138183,
    2.673912959213257,
    2.6291923376464843,
    2.590168075942993,
    2.5704117082214357,
    2.5335490269470213,
    2.5045738464355467,
    2.484089014816284,
    2.455187490615845,
    2.4398576669311525,
    2.411394278335571,
    2.3978633683776858,
    2.3731705814361574,
    2.356762634963989,
    2.3352892758941652,
    2.3155066568756104,
    2.2946904737854004,
    2.279317625274658,
    2.2763064013671874,
    2.252580616989136,
    2.2358686811065676,
    2.2228432766723634,
    2.2152748808288574,
    2.208193592681885,
    2.1994472789001467,
    2.1774606648254395,
    2.169925152206421,
    2.154963846359253,
    2.1383772675323485,
    2.135459630584717,
    2.129295594406128,
    2.1127946684265138,
    2.1077023723602295,
    2.089058271636963,
    2.0886124186706545,
    2.0844543462753298,
    2.062336611480713,
    2.053181943359375,
    2.054080159301758,
    2.0417119041442873,
    2.0257877603149415,
    2.023437376861572,
    2.0190760458374024,
    2.0127473965454103,
    1.9965130241394042,
    2.002578518371582,
    1.9961161504745484,
    1.9795554206466675,
    1.9796578153228759,
    1.9691001235198975,
    1.9585223153686524,
    1.9579592163848878,
    1.951275351486206,
    1.9441070713043214,
    1.9356943468475343,
    1.9370071895599366,
    1.9229013564682007,
    1.9169285760498047,
    1.9232031801223755,
    1.9096250546264648,
    1.9031961780166626,
    1.902287714767456,
    1.895220327720642,
    1.8922750564575195,
    1.8856592990875245,
    1.8892226110839845,
    1.883414162940979,
    1.8854184525299071,
    1.878611343383789,
    1.8693733724212647,
    1.8695227869796753,
    1.8705686434936524,
    1.8672266822052002,
    1.8600162678909302,
    1.866991513671875,
    1.8623392994308472,
    1.853595983581543,
    1.8538305865478515,
    1.854089736480713,
    1.8559537120819092,
    1.860372877883911,
    1.8498848050689698,
    1.8478637189483642,
    1.8503087915802001,
    1.8511735514068604,
    1.846268586883545,
    1.8509400315856934,
    1.8523175624847412
  ],
  "train_acc": [
    5.028,
    9.984,
    15.734,
    20.984,
    25.262,
    28.234,
    31.226,
    33.368,
    35.728,
    37.768,
    39.04,
    40.704,
    41.976,
    43.368,
    44.25,
    45.598,
    45.95,
    47.204,
    47.958,
    48.716,
    49.48,
    49.754,
    50.536,
    51.39,
    51.732,
    52.298,
    53.064,
    53.654,
    54.264,
    54.718,
    54.882,
    55.588,
    56.066,
    56.424,
    56.548,
    57.012,
    57.01,
    57.87,
    58.232,
    58.578,
    58.768,
    59.212,
    59.47,
    59.924,
    59.684,
    60.542,
    60.288,
    60.768,
    61.752,
    61.706,
    61.808,
    62.062,
    62.63,
    62.7,
    62.774,
    62.74,
    63.336,
    63.472,
    63.308,
    64.124,
    64.322,
    64.476,
    64.76,
    64.706,
    65.076,
    65.194,
    65.586,
    65.352,
    65.776,
    66.092,
    66.0,
    66.244,
    66.66,
    66.716,
    66.616,
    66.778,
    67.244,
    66.988,
    67.47,
    67.328,
    67.28,
    67.924,
    67.752,
    67.65,
    67.718,
    68.018,
    68.052,
    67.98,
    68.466,
    68.244,
    68.176,
    68.252,
    68.104,
    68.288,
    68.586,
    68.38,
    68.478,
    68.492,
    68.414,
    68.162
  ],
  "train_acc5": [
    18.24,
    30.384,
    41.266,
    49.002,
    54.342,
    58.558,
    61.494,
    64.198,
    66.108,
    68.258,
    69.634,
    70.852,
    72.07,
    72.864,
    74.324,
    75.04,
    75.56,
    76.244,
    77.194,
    77.548,
    78.1,
    78.438,
    79.124,
    79.528,
    80.01,
    80.246,
    80.688,
    81.152,
    81.416,
    82.012,
    81.896,
    82.522,
    82.706,
    83.164,
    83.16,
    83.506,
    83.664,
    83.998,
    83.916,
    84.46,
    84.632,
    84.674,
    84.854,
    85.05,
    85.312,
    85.708,
    85.654,
    85.574,
    86.186,
    86.214,
    86.176,
    86.472,
    86.868,
    86.896,
    87.072,
    87.106,
    87.5,
    87.14,
    87.462,
    87.652,
    87.608,
    87.81,
    88.02,
    87.948,
    88.15,
    88.274,
    88.302,
    88.5,
    88.814,
    88.838,
    88.662,
    88.894,
    89.064,
    88.994,
    89.378,
    89.388,
    89.376,
    89.192,
    89.356,
    89.258,
    89.54,
    89.632,
    89.558,
    89.568,
    89.488,
    89.818,
    89.56,
    89.764,
    89.77,
    89.95,
    89.912,
    89.858,
    89.604,
    90.078,
    89.98,
    89.798,
    89.876,
    90.048,
    89.986,
    89.84
  ],
  "test_loss": [
    4.190798682785034,
    3.729461785507202,
    3.450014264678955,
    3.196657997131348,
    3.0633217552185057,
    3.022770239639282,
    2.83801722946167,
    2.730793283081055,
    2.6309063064575193,
    2.5508676555633545,
    2.452962745285034,
    2.3942958713531493,
    2.3442411308288573,
    2.320871091842651,
    2.2505669219970703,
    2.189042004776001,
    2.193905537033081,
    2.1477621475219726,
    2.18655013961792,
    2.0883083110809326,
    2.0774509441375733,
    2.0761997440338136,
    2.02006773109436,
    2.037809311676025,
    2.0295274406433106,
    1.990380464553833,
    2.0406950004577635,
    1.9921088386535644,
    1.9659187702178955,
    1.9887119514465332,
    1.9565158065795898,
    1.9604620567321778,
    1.9060162391662598,
    1.9560439105987548,
    1.9059607231140137,
    1.9319062183380127,
    1.9045034534454346,
    1.8932057315826416,
    1.9054368572235107,
    1.8866604125976563,
    1.8568444898605347,
    1.8539745399475098,
    1.8528111686706543,
    1.838281211090088,
    1.8461520401000977,
    1.8562231323242186,
    1.8290997192382812,
    1.8399069494247438,
    1.806086442375183,
    1.8195082901000976,
    1.8009938564300536,
    1.7966973945617675,
    1.794338519668579,
    1.7899769817352296,
    1.7803042514801026,
    1.7942227439880372,
    1.7914442739486693,
    1.7912544410705566,
    1.7633463748931886,
    1.7667048133850098,
    1.767858856201172,
    1.7668373220443725,
    1.7597722946166992,
    1.7548685157775878,
    1.7632735473632812,
    1.7474712654113769,
    1.7514711204528808,
    1.7463471225738525,
    1.7476642379760743,
    1.74551600856781,
    1.7427258323669435,
    1.7379841732025147,
    1.7417184215545654,
    1.7345303215026855,
    1.7277499694824219,
    1.730104692840576,
    1.7330933143615723,
    1.7293750549316407,
    1.7249820930480957,
    1.7208338127136231,
    1.7229778018951416,
    1.717468301010132,
    1.7164533115386962,
    1.7157612739562988,
    1.7136445350646972,
    1.713742575263977,
    1.7173830867767335,
    1.713553631591797,
    1.710615800666809,
    1.7156223567962647,
    1.7128681522369384,
    1.710762926864624,
    1.710959603881836,
    1.7111837017059326,
    1.710320408821106,
    1.7115837240219116,
    1.7091804843902587,
    1.7104794429779053,
    1.711176776123047,
    1.7083236803054809
  ],