{
  "train_loss": [
    2.077290729904175,
    1.9311028006744384,
    1.859962629776001,
    1.8137290478515624,
    1.7787223796844482,
    1.7495843212509155,
    1.7273501174926758,
    1.705985723838806,
    1.691344984703064,
    1.6709174578094483,
    1.6578842388534545,
    1.6396909447097778,
    1.6282932415771485,
    1.6207090322875977,
    1.612605151939392,
    1.5966871519088746,
    1.5847947895812988,
    1.5812444358062745,
    1.5692636401748656,
    1.562246746902466,
    1.5543750731658936,
    1.5420039151763916,
    1.5349565674591064,
    1.527207367515564,
    1.5176535754776002,
    1.509011718673706,
    1.4998253771972656,
    1.4932147816848755,
    1.482236018600464,
    1.4745942490005493,
    1.46485899559021,
    1.4548131004714966,
    1.4436184630584716,
    1.4320282083129883,
    1.4209873526763916,
    1.4143757002258301,
    1.4016130038452148,
    1.3948661080932616,
    1.3833458239364624,
    1.369462978248596,
    1.3619778491973877,
    1.3546006002807618,
    1.3425300135040283,
    1.333883116722107,
    1.328452942123413,
    1.3234690015029906,
    1.3155532949447633,
    1.3145634643173219,
    1.3133179314422607,
    1.313547334060669
  ],
  "train_acc": [
    27.752,
    35.398,
    39.542,
    42.274,
    44.18,
    45.638,
    46.606,
    47.982,
    48.562,
    49.754,
    50.608,
    51.374,
    51.774,
    52.194,
    52.728,
    53.542,
    54.004,
    54.132,
    54.696,
    55.084,
    55.306,
    56.054,
    56.264,
    56.586,
    57.028,
    57.472,
    57.92,
    58.196,
    58.522,
    58.966,
    59.396,
    59.81,
    60.242,
    60.64,
    61.212,
    61.438,
    62.044,
    62.208,
    62.666,
    63.186,
    63.368,
    63.786,
    64.222,
    64.448,
    64.63,
    64.74,
    65.066,
    65.222,
    65.314,
    65.32
  ],
  "test_loss": [
    1.6203287643432618,
    1.5582451332092284,
    1.3546551778793334,
    1.3183677356719972,
    1.325971968460083,
    1.2395630310058594,
    1.237540026473999,
    1.1797455518722535,
    1.153126379776001,
    1.1246417685508727,
    1.1642852142333984,
    1.122830788230896,
    1.1350578708648682,
    1.0442782794952392,
    0.9926859699249267,
    1.0232172401428223,
    1.0174370888710023,
    0.9946774089813233,
    0.9282334122657776,
    0.9736522884368897,
    0.9700188408851623,
    0.912553359413147,
    0.9111041227340698,
    0.8767937243461609,
    0.9104021955490113,
    0.8722690378189087,
    0.8860924909591675,
    0.8832463510513305,
    0.8726511500358581,
    0.8587172174453735,
    0.8571620164871215,
    0.8385909753799439,
    0.8248029665946961,
    0.8318058338165283,
    0.8375036260604859,
    0.8093886820793151,
    0.7750918872833252,
    0.7960441888809204,
    0.7973102259635926,
    0.7922585722923279,
    0.7875890005111694,
    0.787872866153717,
    0.7813605060577392,
    0.7823922021865845,
    0.7819696054458618,
    0.7775397030830383,
    0.7789297236442566,
    0.7796632255554199,
    0.7796625011444092,
    0.7813716055870056
  ],
  "test_acc": [
    44.84,
    50.64,
    57.04,
    60.76,
    60.02,
    65.26,
    62.66,
    65.12,
    65.05,
    67.37,
    65.99,
    67.8,
    68.26,
    70.69,
    73.39,
    71.74,
    71.4,
    74.06,
    75.48,
    74.36,
    74.88,
    76.41,
    75.93,
    77.7,
    76.97,
    77.68,
    77.11,
    77.42,
    78.1,
    78.09,
    78.45,
    79.43,
    79.68,
    79.91,
    79.37,
    80.43,
    80.97,
    80.79,
    80.81,
    81.07,
    80.71,
    81.14,
    81.1,
    81.19,
    81.21,
    81.49,
    81.28,
    81.21,
    81.15,
    81.14
  ],
  "learning_rate": [
    0.001,
    0.0009990133642141358,
    0.000996057350657239,
    0.0009911436253643444,
    0.0009842915805643156,
    0.0009755282581475769,
    0.0009648882429441258,
    0.0009524135262330099,
    0.0009381533400219318,
    0.0009221639627510075,
    0.0009045084971874736,
    0.0008852566213878945,
    0.0008644843137107056,
    0.0008422735529643443,
    0.0008187119948743448,
    0.0007938926261462366,
    0.0007679133974894982,
    0.0007408768370508576,
    0.0007128896457825362,
    0.0006840622763423389,
    0.0006545084971874735,
    0.0006243449435824271,
    0.0005936906572928622,
    0.000562666616782152,
    0.0005313952597646566,
    0.0004999999999999998,
    0.00046860474023534314,
    0.00043733338321784774,
    0.00040630934270713756,
    0.00037565505641757246,
    0.00034549150281252633,
    0.00031593772365766105,
    0.00028711035421746355,
    0.0002591231629491422,
    0.00023208660251050145,
    0.00020610737385376337,
    0.00018128800512565502,
    0.00015772644703565555,
    0.00013551568628929425,
    0.00011474337861210535,
    9.549150281252626e-05,
    7.783603724899252e-05,
    6.184665997806817e-05,
    4.7586473766990294e-05,
    3.5111757055874305e-05,
    2.4471741852423218e-05,
    1.5708419435684507e-05,
    8.856374635655634e-06,
    3.942649342761115e-06,
    9.866357858642198e-07
  ],
  "epoch_time": [
    4.8149261474609375,
    4.5213751792907715,
    4.5150697231292725,
    4.434757471084595,
    4.517298936843872,
    4.512374639511108,
    4.536348819732666,
    4.469152927398682,
    4.497632265090942,
    4.438438892364502,
    4.514775991439819,
    4.491306781768799,
    4.4972288608551025,
    4.449787139892578,
    4.505823135375977,
    4.4629716873168945,
    4.470839023590088,
    4.570896863937378,
    4.487473249435425,
    4.55163311958313,
    4.5062644481658936,
    4.495297193527222,
    4.51575493812561,
    4.525402784347534,
    4.521460294723511,
    4.433753967285156,
    4.535922527313232,
    4.509601354598999,
    4.413701057434082,
    4.512230157852173,
    4.460397481918335,
    4.512748956680298,
    4.529218435287476,
    4.538500070571899,
    4.542850494384766,
    4.437648057937622,
    4.461829662322998,
    4.540872097015381,
    4.438216209411621,
    4.515538692474365,
    4.539477348327637,
    4.482253789901733,
    4.498577356338501,
    4.465861558914185,
    4.591287136077881,
    4.521579027175903,
    4.563884973526001,
    4.538850784301758,
    4.4526848793029785,
    4.482489824295044
  ]
}