{
  "train_loss": [
    4.546482796478272,
    4.3857828109741215,
    4.30557702331543,
    4.246601117706299,
    4.19827795715332,
    4.130602237701416,
    4.0655871139526365,
    4.020375174713135,
    3.970948252868652,
    3.902344884109497,
    3.843343359375,
    3.781801572418213,
    3.7189446815490723,
    3.643612152862549,
    3.59344432220459,
    3.5380099845886233,
    3.498939047241211,
    3.4575533443450928,
    3.4032276275634765,
    3.3718041557312013,
    3.3266868106842042,
    3.2954049346923826,
    3.2581787643432616,
    3.2116473072052,
    3.1894144119262697,
    3.150999482345581,
    3.126581004714966,
    3.087411151123047,
    3.072583438873291,
    3.0276147338867188,
    3.012268371963501,
    2.984579348754883,
    2.956769855117798,
    2.934569411087036,
    2.9223281204223635,
    2.8991848094940185,
    2.8845687198638914,
    2.864053685760498,
    2.8337134273529054,
    2.8257305171966554,
    2.825717859649658,
    2.8195310691833497,
    2.800705694580078,
    2.799235218811035,
    2.787408295440674,
    2.789254373168945,
    2.7836667446136474,
    2.77238364982605,
    2.783592780685425,
    2.771047120285034
  ],
  "train_acc": [
    2.75,
    4.26,
    5.68,
    6.52,
    7.47,
    8.33,
    9.79,
    11.1,
    11.98,
    13.04,
    14.24,
    15.19,
    16.55,
    18.17,
    19.29,
    21.05,
    21.34,
    22.21,
    23.62,
    24.48,
    25.88,
    26.41,
    27.7,
    29.3,
    29.57,
    30.14,
    30.99,
    31.92,
    32.6,
    33.27,
    34.61,
    34.98,
    35.55,
    36.66,
    36.73,
    37.35,
    37.83,
    38.53,
    39.31,
    39.72,
    39.34,
    39.28,
    40.14,
    40.42,
    40.32,
    40.4,
    40.64,
    41.31,
    40.5,
    40.86
  ],
  "train_acc5": [
    10.49,
    16.46,
    20.17,
    22.38,
    24.97,
    27.59,
    29.98,
    32.08,
    33.64,
    36.18,
    38.21,
    40.19,
    42.72,
    45.14,
    46.82,
    48.37,
    49.98,
    51.3,
    52.97,
    53.64,
    55.01,
    56.24,
    57.07,
    58.75,
    59.4,
    60.72,
    61.92,
    62.77,
    63.27,
    64.11,
    64.92,
    65.5,
    66.0,
    66.9,
    67.1,
    68.1,
    67.75,
    68.2,
    69.99,
    69.62,
    69.83,
    69.93,
    70.45,
    70.37,
    70.79,
    70.86,
    70.71,
    71.17,
    70.94,
    71.59
  ],
  "test_loss": [
    4.59188577041626,
    4.489975918579102,
    4.211716930389405,
    4.236144281768799,
    4.00741747970581,
    3.910911141204834,
    4.092223945617675,
    3.904219952392578,
    3.831772978210449,
    3.7325857666015625,
    3.5709867965698243,
    3.7480064655303953,
    3.522417814254761,
    3.541942682266235,
    3.4024884075164796,
    3.5306191192626954,
    3.299483374786377,
    3.361102755355835,
    3.2516428192138673,
    3.2255966377258303,
    3.1817514724731444,
    3.11054444770813,
    3.186873779678345,
    3.0210455078125,
    3.1378760917663575,
    2.935382300567627,
    3.027842053222656,
    2.936386479949951,
    2.877026251220703,
    2.8277428569793703,
    2.8857995922088624,
    2.842969498062134,
    2.789311247253418,
    2.8125416652679442,
    2.7638331085205077,
    2.7775139163970946,
    2.740914163970947,
    2.701035115814209,
    2.7052419780731203,
    2.6910823654174805,
    2.6900473888397216,
    2.6845344524383545,
    2.6880689136505125,
    2.6714744300842286,
    2.6786315204620363,
    2.671815047836304,
    2.6671259635925293,
    2.66766759185791,
    2.663056778335571,
    2.6714391677856444
  ],
  "test_acc": [
    2.95,
    5.76,
    7.09,
    8.42,
    10.06,
    12.04,
    10.76,
    13.22,
    15.52,
    15.77,
    19.49,
    17.35,
    20.87,
    21.4,
    23.77,
    23.37,
    26.58,
    25.82,
    27.57,
    28.22,
    30.22,
    31.43,
    30.88,
    34.13,
    32.15,
    35.86,
    34.98,
    36.45,
    37.61,
    39.13,
    37.85,
    39.53,
    40.63,
    40.2,
    41.24,
    41.01,
    42.16,
    42.96,
    42.88,
    43.26,
    43.11,
    43.74,
    43.55,
    43.98,
    43.96,
    44.15,
    44.19,
    44.1,
    44.32,
    44.11
  ],
  "test_acc5": [
    13.09,
    21.56,
    26.75,
    25.65,
    32.0,
    36.03,
    32.5,
    38.42,
    41.69,
    42.68,
    48.34,
    44.14,
    50.03,
    50.5,
    54.03,
    52.98,
    57.67,
    57.2,
    59.46,
    60.26,
    62.28,
    64.03,
    63.65,
    66.18,
    63.51,
    68.35,
    67.37,
    68.76,
    70.24,
    71.9,
    70.37,
    71.8,
    73.1,
    72.53,
    73.12,
    73.13,
    74.05,
    74.96,
    74.97,
    75.23,
    75.02,
    75.23,
    75.29,
    75.7,
    75.42,
    75.75,
    75.65,
    75.73,
    75.65,
    75.88
  ],
  "lr": [
    0.001,
    0.0009990133642141358,
    0.000996057350657239,
    0.0009911436253643444,
    0.0009842915805643156,
    0.0009755282581475769,
    0.0009648882429441258,
    0.0009524135262330099,
    0.0009381533400219318,
    0.0009221639627510075,
    0.0009045084971874736,
    0.0008852566213878945,
    0.0008644843137107056,
    0.0008422735529643443,
    0.0008187119948743448,
    0.0007938926261462366,
    0.0007679133974894982,
    0.0007408768370508576,
    0.0007128896457825362,
    0.0006840622763423389,
    0.0006545084971874735,
    0.0006243449435824271,
    0.0005936906572928622,
    0.000562666616782152,
    0.0005313952597646566,
    0.0004999999999999998,
    0.00046860474023534314,
    0.00043733338321784774,
    0.00040630934270713756,
    0.00037565505641757246,
    0.00034549150281252633,
    0.00031593772365766105,
    0.00028711035421746355,
    0.0002591231629491422,
    0.00023208660251050145,
    0.00020610737385376337,
    0.00018128800512565502,
    0.00015772644703565555,
    0.00013551568628929425,
    0.00011474337861210535,
    9.549150281252626e-05,
    7.783603724899252e-05,
    6.184665997806817e-05,
    4.7586473766990294e-05,
    3.5111757055874305e-05,
    2.4471741852423218e-05,
    1.5708419435684507e-05,
    8.856374635655634e-06,
    3.942649342761115e-06,
    9.866357858642198e-07
  ],
  "epoch_time": [
    4.058798551559448,
    2.790184497833252,
    2.805812358856201,
    2.8283331394195557,
    2.791489839553833,
    2.8425862789154053,
    2.8274505138397217,
    2.829923629760742,
    2.820106029510498,
    2.8047351837158203,
    2.7825071811676025,
    2.8287439346313477,
    2.829291582107544,
    2.8139750957489014,
    2.8209750652313232,
    2.8501996994018555,
    2.7967703342437744,
    2.7842297554016113,
    2.7818145751953125,
    2.81015682220459,
    2.837596893310547,
    2.8454926013946533,
    2.840695858001709,
    2.8305747509002686,
    2.8544435501098633,
    2.833655834197998,
    2.826599597930908,
    2.861372232437134,
    2.8556509017944336,
    2.8490872383117676,
    2.815538167953491,
    2.8509421348571777,
    2.8542046546936035,
    2.8645572662353516,
    2.8535208702087402,
    2.882014036178589,
    2.8240649700164795,
    2.845567464828491,
    2.861593723297119,
    2.814129114151001,
    2.8548951148986816,
    2.8021671772003174,
    2.8453032970428467,
    2.848511219024658,
    2.8458142280578613,
    2.815398693084717,
    2.864630937576294,
    2.8226120471954346,
    2.8523759841918945,
    2.8676724433898926
  ]
}