{
  "train_loss": [
    4.404216930236816,
    4.1103982385253905,
    3.8567372722625732,
    3.625297099685669,
    3.4425385375213624,
    3.3009725187683103,
    3.205336835861206,
    3.126826326370239,
    3.0524308569335936,
    3.002462915649414,
    2.9558076203918455,
    2.9182052485656738,
    2.8882124980163573,
    2.8587943634033204,
    2.830419306793213,
    2.819766404800415,
    2.8026967486572265,
    2.785413547363281,
    2.7695913386535644,
    2.747815328903198,
    2.7377810946655274,
    2.7248032294464113,
    2.710739613265991,
    2.7019105712127685,
    2.697484786911011,
    2.6830436018371584,
    2.672000327758789,
    2.6618783142852784,
    2.645370799407959,
    2.645767762069702,
    2.637747518615723,
    2.6264954541778565,
    2.609051972579956,
    2.6035696243286135,
    2.585074665145874,
    2.5829301063537597,
    2.577367445983887,
    2.561773975830078,
    2.549832537689209,
    2.5517041690826416,
    2.5338118151855467,
    2.5283030878448485,
    2.517461551132202,
    2.506865870895386,
    2.49482661567688,
    2.48850778213501,
    2.466700576171875,
    2.461765544281006,
    2.461514124145508,
    2.4388378565216065,
    2.4328081538391113,
    2.4230669776153566,
    2.4130106843566894,
    2.3931836993408204,
    2.3842482063293455,
    2.3775352668762206,
    2.3571653509521484,
    2.3456650910949706,
    2.3430144380187987,
    2.3102119537353514,
    2.3173129192352295,
    2.2947880600738526,
    2.2800488316345215,
    2.270683605041504,
    2.2609814443969727,
    2.239765984802246,
    2.2272645587921143,
    2.219952314529419,
    2.194904079589844,
    2.1899544717407227,
    2.1683655768585206,
    2.153894157562256,
    2.136680821533203,
    2.1196789682769777,
    2.103670530319214,
    2.086442640533447,
    2.0768354697418214,
    2.0576354220581057,
    2.0344416162872316,
    2.0210410005950927,
    2.0024159310913086,
    1.9849427421569825,
    1.9684941373443603,
    1.9525331135559083,
    1.9393388777923584,
    1.9285728063964844,
    1.910808228149414,
    1.8886254988098146,
    1.870474672164917,
    1.8643063473510741,
    1.8478040653991699,
    1.8300449267959595,
    1.8279849193573,
    1.8187091109466553,
    1.8092430864715576,
    1.805112645301819,
    1.7997133670043945,
    1.7924080821228028,
    1.799190632019043,
    1.7910060620117187
  ],
  "train_acc": [
    4.536,
    8.882,
    13.58,
    18.316,
    22.616,
    25.918,
    28.542,
    30.326,
    32.368,
    34.016,
    34.902,
    36.266,
    37.034,
    38.052,
    38.728,
    38.986,
    39.562,
    39.836,
    40.386,
    41.186,
    41.082,
    41.606,
    42.058,
    42.286,
    42.736,
    43.032,
    43.314,
    43.604,
    43.706,
    44.208,
    44.38,
    44.706,
    45.24,
    44.898,
    45.872,
    45.854,
    45.996,
    46.178,
    46.558,
    46.722,
    47.174,
    47.406,
    47.676,
    48.086,
    48.432,
    48.644,
    49.234,
    49.2,
    49.398,
    49.94,
    50.012,
    50.474,
    50.82,
    51.43,
    51.562,
    51.836,
    52.224,
    52.71,
    53.054,
    53.644,
    53.846,
    54.348,
    54.77,
    54.9,
    55.374,
    55.86,
    56.206,
    56.678,
    57.548,
    57.624,
    58.172,
    58.822,
    59.102,
    59.65,
    60.162,
    60.862,
    61.016,
    61.57,
    62.4,
    62.792,
    63.37,
    64.142,
    64.566,
    65.118,
    65.392,
    65.698,
    66.28,
    66.88,
    67.558,
    67.764,
    68.422,
    69.136,
    69.116,
    69.4,
    70.002,
    69.882,
    70.04,
    70.316,
    70.014,
    70.298
  ],
  "train_acc5": [
    16.25,
    28.102,
    37.452,
    45.71,
    51.53,
    56.25,
    59.038,
    61.24,
    63.344,
    64.746,
    66.22,
    67.02,
    67.842,
    68.554,
    69.326,
    69.768,
    69.898,
    70.284,
    70.772,
    71.164,
    71.656,
    72.066,
    72.412,
    72.45,
    72.586,
    73.058,
    73.368,
    73.594,
    74.108,
    73.808,
    74.024,
    74.374,
    74.662,
    74.98,
    75.276,
    75.132,
    75.31,
    75.99,
    76.008,
    76.022,
    76.662,
    76.418,
    76.71,
    77.07,
    77.382,
    77.548,
    78.058,
    78.314,
    78.214,
    78.688,
    78.84,
    79.074,
    79.106,
    79.548,
    79.828,
    79.996,
    80.318,
    80.638,
    80.604,
    81.528,
    81.296,
    81.772,
    82.022,
    82.348,
    82.57,
    82.762,
    83.0,
    83.218,
    83.634,
    83.8,
    84.234,
    84.612,
    84.966,
    85.158,
    85.458,
    85.704,
    85.982,
    86.558,
    86.842,
    87.002,
    87.454,
    87.582,
    88.114,
    88.316,
    88.488,
    88.582,
    89.162,
    89.39,
    89.796,
    89.7,
    90.03,
    90.486,
    90.364,
    90.546,
    90.534,
    90.608,
    90.894,
    90.93,
    90.922,
    90.916
  ],
  "test_loss": [
    4.133339064025879,
    3.798507986450195,
    3.8486012271881105,
    3.3946200634002683,
    3.1740977416992187,
    3.182300908660889,
    2.820334242630005,
    2.889794194030762,
    2.733185502243042,
    2.906059046936035,
    2.800179581451416,
    2.767170854949951,
    2.786747138977051,
    2.670068634033203,
    2.7704794399261474,
    2.663916254043579,
    2.5261498596191405,
    2.6992240585327147,
    2.527792616271973,
    2.5092737190246583,
    2.4752812171936034,
    2.5165491954803465,
    2.642350455093384,
    2.452971891403198,
    2.710776539993286,
    2.3388219272613524,
    2.503601016998291,
    2.464607166671753,
    2.5002050987243654,
    2.301927878189087,
    2.2948767333984375,
    2.53194284286499,
    2.30027329788208,
    2.3507582092285157,
    2.3436509941101074,
    2.409400694656372,
    2.268961296463013,
    2.238923780822754,
    2.281642869567871,
    2.353975225067139,
    2.289170216369629,
    2.2351771408081054,
    2.3069019134521485,
    2.196237198638916,
    2.4005099113464357,
    2.2491608108520507,
    2.1402748779296874,
    2.295883115386963,
    2.226650874710083,
    2.168610517883301,
    2.1954212509155275,
    2.2123509887695314,
    2.082661698150635,
    2.162139482498169,
    2.1175191371917723,
    2.0633908767700193,
    2.196841068267822,
    2.0467916191101074,
    2.073189862823486,
    2.0995451330184935,
    2.0530440757751465,
    1.9921623332977294,
    2.0555536209106444,
    1.9630274993896484,
    1.9189349414825438,
    1.9712333961486816,
    1.9512798698425293,
    1.9395371459960937,
    1.9000369987487793,
    1.8872773208618163,
    1.846396876525879,
    1.9106159393310547,
    1.8711121267318727,
    1.835825461769104,
    1.8398891036987304,
    1.8095177028656007,
    1.8157384216308594,
    1.7923261777877808,
    1.7686806171417235,
    1.7782721607208252,
    1.7467490951538085,
    1.7531850608825683,
    1.7439857418060303,
    1.7253226175308227,
    1.7055809997558593,
    1.6962003295898438,
    1.6900650297164916,
    1.6695727787017822,
    1.6784440494537354,
    1.6683689147949219,
    1.6648319957733155,
    1.6454805782318116,
    1.6355046548843384,
    1.6339285194396973,
    1.632211140060425,
    1.6315548404693603,
    1.6324900022506714,
    1.6268053327560426,
    1.6289182382583618,
    1.6294875076293944
  ],