{
  "train_loss": [
    4.150170087814331,
    3.51381223739624,
    3.199551734313965,
    3.000864730529785,
    2.8623675685119627,
    2.7700156784057617,
    2.6735272422027587,
    2.6217462271118164,
    2.565729752120972,
    2.514103010787964,
    2.470142605819702,
    2.4406987635040283,
    2.4025050867462157,
    2.3730092752838137,
    2.3436922232055664,
    2.3191774981689455,
    2.2932770674133303,
    2.2725079015350342,
    2.2494514241790773,
    2.236247929458618,
    2.2086541319274904,
    2.195938028335571,
    2.1828037463378904,
    2.161839326324463,
    2.146379104766846,
    2.1394376220703126,
    2.117505819320679,
    2.110018264770508,
    2.094761629333496,
    2.0789622929382325,
    2.0751170445251463,
    2.0598962808990477,
    2.035744999160767,
    2.0391759715270994,
    2.0235826986694336,
    2.014211044998169,
    2.0017813495635988,
    1.989741893081665,
    1.973506248474121,
    1.9655760874938966,
    1.962157783279419,
    1.9490840967559815,
    1.94529662109375,
    1.9444357733535766,
    1.9243261923599244,
    1.914929139099121,
    1.9070729566192628,
    1.9009586554336548,
    1.8977231307983398,
    1.8896919509124757,
    1.8660529542922974,
    1.872254144821167,
    1.8671816927719116,
    1.8511709098052977,
    1.8566482876586914,
    1.8428943782043457,
    1.8392136961746215,
    1.834598663597107,
    1.8237804582214356,
    1.8150148826217651,
    1.8122297281265258,
    1.8128532848358154,
    1.8072507207489015,
    1.7942578797912598,
    1.7950767449569702,
    1.7897066234588623,
    1.7839715462493897,
    1.7696208200073242,
    1.769278669128418,
    1.7675002281951904,
    1.7632121677398682,
    1.7477496616363526,
    1.746124483718872,
    1.7463193259429932,
    1.7416299129486084,
    1.7436718639373778,
    1.7378018631744385,
    1.7370608346557617,
    1.7330526608276366,
    1.7330589762115478,
    1.7245351959228516,
    1.7227593795013427,
    1.7220182357788085,
    1.7238011614990234,
    1.715096682434082,
    1.7134449601745605,
    1.7094080430221557,
    1.7126633573150636,
    1.7089699856567382,
    1.7062673875045777,
    1.7104826928710937,
    1.704828581085205,
    1.6980303162002564,
    1.7015175319671632,
    1.7058799780654907,
    1.7009560333251954,
    1.6979999836730957,
    1.7023201943206787,
    1.7006525466537477,
    1.7069558842468262
  ],
  "train_acc": [
    8.772,
    21.512,
    29.268,
    33.962,
    38.11,
    40.528,
    42.874,
    44.622,
    46.376,
    47.904,
    49.06,
    49.86,
    51.004,
    51.798,
    52.772,
    53.532,
    54.302,
    54.896,
    55.706,
    55.994,
    56.638,
    57.174,
    57.916,
    58.42,
    58.744,
    58.908,
    59.91,
    59.904,
    60.13,
    60.838,
    60.966,
    61.45,
    62.424,
    62.254,
    62.708,
    63.052,
    63.35,
    63.704,
    64.328,
    64.548,
    64.588,
    65.224,
    65.028,
    65.028,
    65.76,
    65.972,
    66.376,
    66.452,
    66.622,
    67.108,
    67.884,
    67.388,
    67.59,
    68.37,
    68.304,
    68.62,
    68.686,
    68.838,
    69.104,
    69.34,
    69.606,
    69.456,
    69.974,
    69.996,
    70.064,
    70.352,
    70.61,
    71.13,
    71.136,
    71.034,
    71.064,
    71.754,
    71.684,
    71.63,
    72.072,
    71.928,
    72.326,
    72.036,
    72.318,
    72.13,
    72.594,
    72.684,
    72.524,
    72.586,
    72.8,
    73.056,
    73.124,
    73.018,
    73.12,
    73.244,
    73.132,
    73.292,
    73.538,
    73.508,
    73.344,
    73.588,
    73.454,
    73.382,
    73.366,
    73.278
  ],
  "train_acc5": [
    26.598,
    49.284,
    59.118,
    64.8,
    68.388,
    70.528,
    73.182,
    74.338,
    75.478,
    76.94,
    77.588,
    78.378,
    79.25,
    79.91,
    80.428,
    80.868,
    81.674,
    82.022,
    82.63,
    82.724,
    83.288,
    83.582,
    83.796,
    84.05,
    84.324,
    84.82,
    84.904,
    85.234,
    85.47,
    85.802,
    85.922,
    86.236,
    86.508,
    86.696,
    86.664,
    86.942,
    87.286,
    87.486,
    87.766,
    87.86,
    87.98,
    88.204,
    88.43,
    88.28,
    88.566,
    88.78,
    88.884,
    89.104,
    89.072,
    88.976,
    89.542,
    89.462,
    89.526,
    89.838,
    89.692,
    89.996,
    89.906,
    89.924,
    90.296,
    90.434,
    90.32,
    90.456,
    90.376,
    90.678,
    90.852,
    90.818,
    90.842,
    91.134,
    90.984,
    91.118,
    91.228,
    91.568,
    91.49,
    91.452,
    91.628,
    91.434,
    91.64,
    91.548,
    91.802,
    91.736,
    91.62,
    91.998,
    91.842,
    91.652,
    91.942,
    91.864,
    92.152,
    92.01,
    92.058,
    92.114,
    92.052,
    92.086,
    92.098,
    92.29,
    92.008,
    92.138,
    92.144,
    92.234,
    92.142,
    92.016
  ],
  "test_loss": [
    3.70735860786438,
    3.1087274974823,
    2.716339535140991,
    2.484085350418091,
    2.422443280029297,
    2.3094852977752685,
    2.2207299507141114,
    2.1863761196136475,
    2.136939051818848,
    2.090704354095459,
    2.027902794265747,
    2.023380152130127,
    1.9848761402130126,
    1.984243168258667,
    1.9494608032226564,
    1.9500406337738037,
    1.9194443990707397,
    1.918802354812622,
    1.8804504920959473,
    1.902106534576416,
    1.8586461570739745,
    1.8439985181808471,
    1.8634992429733277,
    1.8426121845245362,
    1.8228011072158814,
    1.808199896621704,
    1.8105591014862061,
    1.7912622261047364,
    1.7819197414398193,
    1.7879870067596435,
    1.7884024238586427,
    1.7701078441619873,
    1.7767727085113525,
    1.7659963142395019,
    1.7622244789123536,
    1.7569322246551513,
    1.7634065227508544,
    1.7438708978652955,
    1.7528473636627198,
    1.7455303237915039,
    1.7470130661010743,
    1.7214925636291505,
    1.732520309829712,
    1.7185843050003051,
    1.7259009744644165,
    1.722774856185913,
    1.7172190599441528,
    1.7241080249786378,
    1.7049668018341064,
    1.713339964866638,
    1.7005001359939576,
    1.7036280334472655,
    1.6957613397598266,
    1.6962240449905395,
    1.682221616744995,
    1.6860891458511353,
    1.6835635944366456,
    1.682938942527771,
    1.684268539619446,
    1.6810053241729737,
    1.6718748416900635,
    1.670483077430725,
    1.6763718593597412,
    1.670678302001953,
    1.670585689163208,
    1.6719608167648314,
    1.661644613647461,
    1.6614673038482666,
    1.6660328456878661,
    1.666063196372986,
    1.6627546474456787,
    1.6624093597412108,
    1.6636729906082153,
    1.6568026416778565,
    1.657951093673706,
    1.6577503326416017,
    1.650547717666626,
    1.6511063659667968,
    1.6505829849243163,
    1.6514382141113282,
    1.6506569149017334,
    1.6500357158660888,
    1.6471907648086548,
    1.6467994617462158,
    1.6457134357452392,
    1.648632818031311,
    1.6427177293777466,
    1.647074719619751,
    1.6405729089736938,
    1.6436298377990723,
    1.6421652479171753,
    1.6427083425521851,
    1.6435081851959228,
    1.6418122491836549,
    1.6403319215774537,
    1.643782192993164,
    1.6406870607376098,
    1.6422514303207398,
    1.6439421321868897,
    1.6424755504608155
  ],