{
  "train_loss": [
    4.413336233215332,
    4.309093584899903,
    4.2905165539550785,
    4.289584156036377,
    4.277191791381836,
    4.244971794128418,
    4.208212423095703,
    4.182737855987549,
    4.154603392944336,
    4.131634355621338,
    4.119603574523926,
    4.105232368164063,
    4.096611979522705,
    4.083764701995849,
    4.075470797729492,
    4.05616968536377,
    4.052132510070801,
    4.036151593322754,
    4.020790334777832,
    4.009484769287109,
    4.000576943588257,
    3.9883672576904297,
    3.97710433013916,
    3.9712843309020998,
    3.962489429702759,
    3.9518048991394044,
    3.9454207027435304,
    3.9300254557800294,
    3.9122458044433595,
    3.898932064590454,
    3.8959510791015624,
    3.881215668334961,
    3.87310890914917,
    3.8598774911499025,
    3.853561978149414,
    3.845834895172119,
    3.8336426610565186,
    3.819730952453613,
    3.8090207649993895,
    3.80323613243103,
    3.790936735610962,
    3.785315644607544,
    3.7802552114105223,
    3.773739320907593,
    3.7673486005401613,
    3.761291827850342,
    3.757836289215088,
    3.7603036222839354,
    3.7513712966156008,
    3.7538561823272705
  ],
  "train_acc": [
    3.938,
    5.512,
    5.816,
    5.86,
    6.102,
    6.264,
    6.598,
    7.066,
    7.452,
    7.766,
    7.866,
    7.918,
    8.486,
    8.432,
    8.686,
    8.816,
    9.046,
    9.244,
    9.764,
    9.822,
    10.04,
    10.36,
    10.57,
    10.714,
    10.908,
    10.794,
    11.192,
    11.278,
    11.762,
    12.054,
    12.22,
    12.552,
    12.83,
    12.974,
    13.158,
    13.426,
    13.57,
    14.128,
    13.954,
    14.532,
    14.614,
    14.802,
    14.838,
    15.244,
    15.084,
    15.358,
    15.398,
    15.352,
    15.622,
    15.596
  ],
  "train_acc5": [
    15.68,
    20.362,
    21.338,
    21.646,
    21.918,
    22.664,
    24.196,
    25.08,
    26.2,
    27.044,
    27.168,
    27.698,
    28.304,
    28.444,
    29.264,
    29.92,
    30.276,
    31.236,
    31.926,
    32.314,
    32.744,
    33.192,
    33.728,
    34.06,
    34.318,
    34.68,
    34.992,
    35.654,
    36.262,
    36.816,
    36.982,
    37.678,
    38.052,
    38.562,
    38.752,
    39.162,
    39.754,
    40.392,
    40.83,
    41.02,
    41.794,
    42.028,
    42.054,
    42.346,
    42.468,
    42.878,
    43.194,
    42.768,
    43.498,
    43.164
  ],
  "test_loss": [
    4.364949783325195,
    4.162109162902832,
    4.205581713867187,
    4.126505363464355,
    4.131491283798217,
    4.08870834350586,
    3.9900431373596192,
    3.997122130203247,
    3.9493503662109375,
    4.0550792587280275,
    3.9002792125701906,
    3.8889085117340088,
    3.8948659770965577,
    3.9488318603515626,
    3.8638567653656004,
    3.946279415893555,
    3.8637853881835937,
    3.8176236083984376,
    3.7724535472869873,
    3.821549777984619,
    3.9490868041992186,
    3.7134487632751463,
    3.723160378646851,
    3.7445907176971436,
    3.6915482372283934,
    3.6974157455444336,
    3.6816393970489503,
    3.6612398323059083,
    3.6742931327819823,
    3.6616597633361816,
    3.584243669128418,
    3.578379074859619,
    3.5771108737945556,
    3.5702557342529295,
    3.5755240482330324,
    3.5325383083343507,
    3.5118804733276368,
    3.5189581909179686,
    3.4933557704925535,
    3.507905216217041,
    3.464439561843872,
    3.4778798263549806,
    3.436086597442627,
    3.439141612625122,
    3.4353474334716796,
    3.431484621429443,
    3.4378991779327395,
    3.4225132190704346,
    3.4248744857788087,
    3.4340704654693606
  ],
  "test_acc": [
    5.04,
    5.98,
    7.26,
    6.78,
    6.93,
    7.92,
    8.63,
    9.47,
    8.95,
    7.85,
    9.28,
    9.36,
    9.88,
    9.02,
    10.13,
    9.18,
    10.51,
    10.79,
    11.06,
    10.77,
    9.76,
    12.77,
    13.02,
    11.88,
    13.37,
    13.31,
    13.68,
    14.25,
    13.17,
    14.39,
    15.18,
    14.72,
    15.58,
    17.03,
    16.51,
    17.33,
    17.29,
    16.64,
    17.79,
    17.02,
    18.01,
    18.02,
    18.94,
    18.6,
    18.55,
    18.85,
    18.79,
    19.13,
    18.85,
    18.64
  ],
  "test_acc5": [
    18.68,
    24.1,
    25.14,
    25.71,
    25.87,
    27.06,
    30.77,
    30.05,
    30.51,
    28.02,
    32.38,
    32.99,
    33.3,
    30.35,
    33.6,
    30.88,
    34.08,
    36.33,
    37.69,
    36.89,
    33.41,
    40.23,
    39.85,
    38.74,
    41.45,
    40.29,
    40.92,
    41.97,
    41.43,
    42.23,
    44.89,
    45.13,
    44.79,
    45.86,
    45.79,
    47.5,
    47.97,
    46.95,
    48.52,
    47.95,
    49.85,
    49.61,
    50.71,
    50.15,
    50.47,
    50.74,
    50.42,
    51.1,
    50.83,
    50.59
  ],
  "lr": [
    0.001,
    0.0009990133642141358,
    0.000996057350657239,
    0.0009911436253643444,
    0.0009842915805643156,
    0.0009755282581475769,
    0.0009648882429441258,
    0.0009524135262330099,
    0.0009381533400219318,
    0.0009221639627510075,
    0.0009045084971874736,
    0.0008852566213878945,
    0.0008644843137107056,
    0.0008422735529643443,
    0.0008187119948743448,
    0.0007938926261462366,
    0.0007679133974894982,
    0.0007408768370508576,
    0.0007128896457825362,
    0.0006840622763423389,
    0.0006545084971874735,
    0.0006243449435824271,
    0.0005936906572928622,
    0.000562666616782152,
    0.0005313952597646566,
    0.0004999999999999998,
    0.00046860474023534314,
    0.00043733338321784774,
    0.00040630934270713756,
    0.00037565505641757246,
    0.00034549150281252633,
    0.00031593772365766105,
    0.00028711035421746355,
    0.0002591231629491422,
    0.00023208660251050145,
    0.00020610737385376337,
    0.00018128800512565502,
    0.00015772644703565555,
    0.00013551568628929425,
    0.00011474337861210535,
    9.549150281252626e-05,
    7.783603724899252e-05,
    6.184665997806817e-05,
    4.7586473766990294e-05,
    3.5111757055874305e-05,
    2.4471741852423218e-05,
    1.5708419435684507e-05,
    8.856374635655634e-06,
    3.942649342761115e-06,
    9.866357858642198e-07
  ],
  "epoch_time": [
    10.863046884536743,
    10.068824768066406,
    10.05239748954773,
    10.05363941192627,
    9.977367877960205,
    10.012251138687134,
    10.06306767463684,
    10.01876425743103,
    10.010049819946289,
    10.050206184387207,
    10.030827045440674,
    9.978264093399048,
    10.012349367141724,
    10.055655241012573,
    10.006717205047607,
    10.081230163574219,
    10.149597883224487,
    10.16010308265686,
    10.08823299407959,
    10.126805067062378,
    10.0959312915802,
    10.102336645126343,
    10.131246328353882,
    10.113023042678833,
    10.135977506637573,
    10.128040790557861,
    10.137543201446533,
    10.119490623474121,
    10.087979078292847,
    10.12314772605896,
    10.150646924972534,
    10.11017632484436,
    10.12695860862732,
    10.112155437469482,
    10.140087366104126,
    10.116489171981812,
    10.136525869369507,
    10.110283851623535,
    10.102000951766968,
    10.12433385848999,
    10.082582235336304,
    10.110980033874512,
    10.106332540512085,
    10.071825981140137,
    10.093372821807861,
    10.099855899810791,
    10.078918933868408,
    10.091483116149902,
    10.113628149032593,
    10.112016677856445
  ]
}