{
  "train_loss": [
    4.117959833221436,
    3.4989914777374267,
    3.178651428375244,
    2.9837105656433107,
    2.8501343510437014,
    2.756684630432129,
    2.680327088165283,
    2.6122042722320558,
    2.556967024612427,
    2.514570868148804,
    2.4661303672790527,
    2.4324688327026367,
    2.401990616455078,
    2.3766167639160156,
    2.3339846478271484,
    2.3226640073394775,
    2.2985791893768313,
    2.2753390620422365,
    2.2491291734313963,
    2.233812603607178,
    2.2161378963470457,
    2.1964980732727053,
    2.1791577963256836,
    2.1769153019714356,
    2.1476518846130372,
    2.133648120422363,
    2.1204858322906492,
    2.1074388775634767,
    2.1004841495513915,
    2.0762280448150636,
    2.0706977688598633,
    2.056038182144165,
    2.039155771102905,
    2.03075922290802,
    2.022492900543213,
    2.0056149795532225,
    1.9979853852462768,
    1.9961289837646485,
    1.9784972275161743,
    1.9724034128570556,
    1.9715826835632324,
    1.9479456563568116,
    1.9409278721618652,
    1.9382077709197998,
    1.9333156131744385,
    1.920810802078247,
    1.9107415560150147,
    1.902653028640747,
    1.893436008758545,
    1.8952129118347167,
    1.8776667263031006,
    1.8706634478759765,
    1.8648673825836182,
    1.8501770486068725,
    1.8496329122924804,
    1.8468178073120116,
    1.8350942098236085,
    1.838226875076294,
    1.8212607571411132,
    1.8224262169647216,
    1.8120275713348388,
    1.81136548538208,
    1.8029358922195435,
    1.7835507131576538,
    1.790726459121704,
    1.7852820294952392,
    1.7757499092102051,
    1.7675459684753418,
    1.764507776069641,
    1.771542512779236,
    1.7572828977966308,
    1.7513067190170288,
    1.7508169134140015,
    1.7443479807281494,
    1.7510306075286866,
    1.7433940411376954,
    1.7376703958892823,
    1.7340859074020385,
    1.7325718772125245,
    1.7204596449279785,
    1.7287317140960694,
    1.7173136568450929,
    1.7163525785446168,
    1.7181352440643312,
    1.7166348019409179,
    1.7122445992279052,
    1.7133522856903076,
    1.7039148361206056,
    1.7033192169952394,
    1.7055543346405029,
    1.7119790303802491,
    1.7038822687911988,
    1.7021598301696776,
    1.7018103993606568,
    1.7015454865646362,
    1.70683856880188,
    1.6999448112487794,
    1.6993852061462402,
    1.6989460594177246,
    1.7028980255126953
  ],
  "train_acc": [
    9.31,
    21.832,
    29.49,
    34.72,
    38.264,
    40.666,
    43.162,
    45.102,
    46.232,
    47.736,
    49.028,
    50.332,
    51.29,
    51.78,
    53.196,
    53.074,
    54.008,
    54.7,
    55.896,
    55.934,
    56.49,
    57.446,
    57.834,
    57.752,
    58.928,
    59.158,
    59.632,
    59.98,
    60.086,
    60.796,
    60.976,
    61.652,
    62.056,
    62.42,
    62.904,
    62.994,
    63.528,
    63.35,
    64.072,
    64.318,
    64.12,
    64.982,
    65.332,
    65.31,
    65.55,
    66.018,
    66.21,
    66.476,
    66.91,
    66.698,
    67.314,
    67.804,
    67.78,
    67.928,
    68.284,
    68.28,
    68.72,
    68.606,
    69.312,
    69.274,
    69.316,
    69.406,
    69.734,
    70.494,
    70.252,
    70.82,
    70.572,
    71.122,
    71.072,
    70.956,
    71.418,
    71.458,
    71.67,
    72.022,
    71.602,
    71.878,
    72.094,
    72.076,
    72.35,
    72.764,
    72.484,
    72.54,
    72.68,
    72.604,
    72.95,
    72.958,
    72.986,
    73.446,
    73.012,
    73.202,
    73.068,
    73.27,
    73.41,
    73.374,
    73.242,
    73.006,
    73.494,
    73.4,
    73.386,
    73.334
  ],
  "train_acc5": [
    27.818,
    50.004,
    59.676,
    65.104,
    68.538,
    71.148,
    73.036,
    74.55,
    75.998,
    76.636,
    77.944,
    78.47,
    79.252,
    79.784,
    80.662,
    81.06,
    81.402,
    81.904,
    82.436,
    82.738,
    83.014,
    83.532,
    84.036,
    83.752,
    84.466,
    84.73,
    84.956,
    85.074,
    85.464,
    85.946,
    85.788,
    86.248,
    86.646,
    86.792,
    86.854,
    87.296,
    87.214,
    87.468,
    87.498,
    87.59,
    87.672,
    88.258,
    88.44,
    88.31,
    88.28,
    88.652,
    88.862,
    88.978,
    89.242,
    89.018,
    89.326,
    89.404,
    89.654,
    89.952,
    89.742,
    89.92,
    90.13,
    90.082,
    90.324,
    90.24,
    90.568,
    90.534,
    90.622,
    91.104,
    90.792,
    90.782,
    91.122,
    91.084,
    91.432,
    91.144,
    91.326,
    91.402,
    91.516,
    91.302,
    91.522,
    91.488,
    91.492,
    91.662,
    91.62,
    91.928,
    91.742,
    92.02,
    91.706,
    91.92,
    91.834,
    91.978,
    91.918,
    92.154,
    92.184,
    92.124,
    91.916,
    91.97,
    92.014,
    92.302,
    92.28,
    92.118,
    92.208,
    92.282,
    92.246,
    92.1
  ],
  "test_loss": [
    3.6775847801208497,
    3.036055934524536,
    2.7980076557159426,
    2.5661125617980955,
    2.3574180862426757,
    2.3055700603485105,
    2.230244567489624,
    2.1846510971069337,
    2.1380955196380613,
    2.1130984050750734,
    2.052873886871338,
    2.0381141675949097,
    1.9908354063034057,
    1.9666832902908324,
    1.9453352819442749,
    1.9459995025634766,
    1.9329303256988526,
    1.9192899578094482,
    1.8891383205413819,
    1.874808768081665,
    1.878715460395813,
    1.8798694255828858,
    1.8629433307647705,
    1.837582950592041,
    1.8379452659606934,
    1.826584870147705,
    1.8261886280059814,
    1.8126535390853882,
    1.8102550952911376,
    1.7886680641174317,
    1.8099839622497558,
    1.816779362487793,
    1.7865488676071166,
    1.7899023651123047,
    1.7659909461975098,
    1.7781259811401366,
    1.7581358379364014,
    1.7576751733779907,
    1.7534010166168212,
    1.7419913814544679,
    1.7396226882934571,
    1.74037625541687,
    1.727380230331421,
    1.7251898204803466,
    1.729382082748413,
    1.7324113519668578,
    1.7233832485198974,
    1.7219725776672363,
    1.7214829160690308,
    1.7177881734848022,
    1.709769974708557,
    1.7110449962615968,
    1.708597593307495,
    1.6941406299591064,
    1.6989700660705567,
    1.7006351293563842,
    1.6888444332122803,
    1.6924993186950683,
    1.686904542541504,
    1.6830320289611815,
    1.681917625427246,
    1.6858795164108276,
    1.6880936283111572,
    1.679385613632202,
    1.673349921798706,
    1.6760215099334717,
    1.683532905960083,
    1.6764491382598876,
    1.6759288761138915,
    1.6660147769927978,
    1.6677448429107666,
    1.6625917419433593,
    1.6668876071929932,
    1.6657052268981933,
    1.6623955066680909,
    1.662788487625122,
    1.6595137134552003,
    1.6612162590026855,
    1.657816859817505,
    1.6620512954711915,
    1.658705545425415,
    1.655911819076538,
    1.6554463176727294,
    1.6548914245605468,
    1.652387042236328,
    1.652906714630127,
    1.6554493885040282,
    1.65338989276886,
    1.6527914598464966,
    1.6521397766113282,
    1.6490416973114013,
    1.6533121784210205,
    1.6497799167633056,
    1.6538421997070312,
    1.647903812789917,
    1.649226524734497,
    1.6508325855255126,
    1.6500015785217286,
    1.6495552322387694,
    1.651535985183716
  ],