{
  "train_loss": [
    2.1178721070861815,
    1.9455700371932982,
    1.8641964407730103,
    1.8069276708221436,
    1.7660953896331788,
    1.7284564678955079,
    1.6971837984466553,
    1.6697289496231078,
    1.6463272668457032,
    1.6259255947875977,
    1.6061248599624633,
    1.5875332402801514,
    1.5720890842437745,
    1.5541281304550172,
    1.5382311629486083,
    1.5215062564468385,
    1.5059061825180053,
    1.4911295935058593,
    1.4736744709014893,
    1.4619492879867553,
    1.4453371697235107,
    1.43301114566803,
    1.4168887845230103,
    1.4013721014404297,
    1.3887350603866577,
    1.3618501593399048,
    1.3473577309417724,
    1.3304669187927247,
    1.3120511208343506,
    1.2926793895721436,
    1.2733993686294556,
    1.2602981955337524,
    1.2419638270950317,
    1.2230761182022094,
    1.2014986222076416,
    1.1882073033142089,
    1.1722095334625244,
    1.1602220358276367,
    1.1453862475967407,
    1.1295606581497193,
    1.119431731300354,
    1.1121184934234618,
    1.102585115623474,
    1.0879629222869873,
    1.0850573127937317,
    1.080144129600525,
    1.0749651084518432,
    1.069593648700714,
    1.0651311837005615,
    1.0706301927566528
  ],
  "train_acc": [
    25.782,
    34.452,
    39.03,
    42.208,
    44.198,
    46.49,
    47.74,
    49.198,
    50.268,
    51.388,
    52.276,
    53.032,
    53.62,
    54.352,
    55.052,
    55.834,
    56.226,
    56.728,
    57.322,
    57.59,
    58.264,
    58.604,
    58.87,
    59.39,
    59.81,
    60.404,
    60.822,
    61.206,
    61.78,
    62.178,
    62.668,
    62.988,
    63.358,
    63.722,
    64.33,
    64.678,
    64.972,
    65.312,
    65.704,
    65.958,
    66.284,
    66.53,
    66.832,
    67.244,
    67.15,
    67.434,
    67.142,
    67.45,
    67.53,
    67.566
  ],
  "test_loss": [
    1.6235789100646973,
    1.4166930492401124,
    1.34153744430542,
    1.2543180862426757,
    1.2060610042572022,
    1.188215585708618,
    1.1218702207565308,
    1.0912842866897583,
    1.0862584495544434,
    1.031210959815979,
    1.0224027791976928,
    0.9887085067749023,
    1.0023617747306823,
    0.9506010288238526,
    0.9463167113304138,
    0.9531035902023316,
    0.9358377595901489,
    0.9288152261734008,
    0.9274772857666016,
    0.924251561832428,
    0.9299155305862427,
    0.9333170955657959,
    0.9206055658340454,
    0.9122322527885437,
    0.9061659679412842,
    0.9161402614593506,
    0.9044953742980957,
    0.9222059657096863,
    0.9165361457824707,
    0.9173428503036499,
    0.9318800056457519,
    0.922911292552948,
    0.9484185722351074,
    0.9551786418914795,
    0.9591326090812683,
    0.9741611898422241,
    0.9767947700500488,
    0.9734105479240418,
    1.002005463027954,
    0.9936723967552185,
    1.0049374004364013,
    1.0001469309806823,
    1.0181341835021973,
    1.009748962688446,
    1.0203091453552247,
    1.025912572479248,
    1.0217161599159241,
    1.0226388648033142,
    1.0269781717300415,
    1.023843123817444
  ],
  "test_acc": [
    43.96,
    53.36,
    58.37,
    60.72,
    62.89,
    65.22,
    66.96,
    68.87,
    69.97,
    71.25,
    72.31,
    72.76,
    73.16,
    74.48,
    74.0,
    73.56,
    74.93,
    74.9,
    74.96,
    74.94,
    74.98,
    75.18,
    75.32,
    75.2,
    75.64,
    75.39,
    75.51,
    75.03,
    75.06,
    75.13,
    74.76,
    75.05,
    74.28,
    73.91,
    74.02,
    73.21,
    73.38,
    73.19,
    72.57,
    72.83,
    72.51,
    72.5,
    72.07,
    72.21,
    71.9,
    71.82,
    72.2,
    72.16,
    71.93,
    71.92
  ],
  "learning_rate": [
    0.0001,
    9.990133642141359e-05,
    9.96057350657239e-05,
    9.911436253643444e-05,
    9.842915805643155e-05,
    9.755282581475769e-05,
    9.648882429441257e-05,
    9.524135262330098e-05,
    9.381533400219317e-05,
    9.221639627510075e-05,
    9.045084971874735e-05,
    8.852566213878945e-05,
    8.644843137107056e-05,
    8.422735529643442e-05,
    8.187119948743447e-05,
    7.938926261462366e-05,
    7.679133974894982e-05,
    7.408768370508575e-05,
    7.128896457825361e-05,
    6.840622763423389e-05,
    6.545084971874736e-05,
    6.243449435824272e-05,
    5.9369065729286224e-05,
    5.626666167821521e-05,
    5.3139525976465657e-05,
    4.999999999999998e-05,
    4.6860474023534314e-05,
    4.3733338321784775e-05,
    4.063093427071375e-05,
    3.756550564175724e-05,
    3.454915028125263e-05,
    3.1593772365766105e-05,
    2.8711035421746357e-05,
    2.591231629491422e-05,
    2.3208660251050148e-05,
    2.061073738537634e-05,
    1.8128800512565503e-05,
    1.5772644703565555e-05,
    1.3551568628929426e-05,
    1.1474337861210536e-05,
    9.549150281252626e-06,
    7.783603724899252e-06,
    6.184665997806817e-06,
    4.75864737669903e-06,
    3.5111757055874303e-06,
    2.4471741852423216e-06,
    1.5708419435684504e-06,
    8.856374635655631e-07,
    3.942649342761114e-07,
    9.866357858642197e-08
  ],
  "epoch_time": [
    4.880666255950928,
    4.461752653121948,
    4.502029180526733,
    4.56316614151001,
    4.560538053512573,
    4.505840539932251,
    4.510247468948364,
    4.480594873428345,
    4.4847023487091064,
    4.516611099243164,
    4.530697345733643,
    4.507810115814209,
    4.455353498458862,
    4.462500810623169,
    4.489353656768799,
    4.427025079727173,
    4.458007335662842,
    4.491931676864624,
    4.483751535415649,
    4.540877103805542,
    4.4960174560546875,
    4.487187623977661,
    4.493661403656006,
    4.558561563491821,
    4.496781826019287,
    4.53405237197876,
    4.519942998886108,
    4.456354379653931,
    4.497313499450684,
    4.553265810012817,
    4.4908363819122314,
    4.457186460494995,
    4.518352031707764,
    4.482077598571777,
    4.4104697704315186,
    4.500765562057495,
    4.493424415588379,
    4.496523380279541,
    4.485928058624268,
    4.430175542831421,
    4.444627046585083,
    4.48546576499939,
    4.42653226852417,
    4.527689695358276,
    4.496318101882935,
    4.456761360168457,
    4.5046656131744385,
    4.552311897277832,
    4.495975971221924,
    4.489284515380859
  ]
}