{
  "train_loss": [
    4.526200263214111,
    4.255058107757568,
    4.099719005584717,
    3.9311988468170167,
    3.7877934074401853,
    3.648564915084839,
    3.498539068222046,
    3.4257804862976076,
    3.3304646308898924,
    3.231467502975464,
    3.1544550495147705,
    3.098298346710205,
    3.027521166229248,
    2.960464790725708,
    2.9037735927581787,
    2.8552128917694093,
    2.8139270362854005,
    2.7604190437316896,
    2.7051055042266845,
    2.688840199661255,
    2.6384888870239256,
    2.601389511489868,
    2.5722220844268797,
    2.524643032073975,
    2.5027037048339844,
    2.470335637283325,
    2.43625156288147,
    2.4107488632202148,
    2.4007028873443605,
    2.3488144115448,
    2.3138794090270998,
    2.2982182273864744,
    2.265194185638428,
    2.26329348526001,
    2.2398600448608397,
    2.2172513679504395,
    2.192514882659912,
    2.185212310028076,
    2.156471392059326,
    2.149138723754883,
    2.1499060539245605,
    2.1309074100494385,
    2.126930918502808,
    2.1149546127319336,
    2.104766337585449,
    2.1097704349517823,
    2.10822988243103,
    2.0889973373413087,
    2.0961196964263915,
    2.0824331298828125
  ],
  "train_acc": [
    3.07,
    6.8,
    9.23,
    12.78,
    15.2,
    19.09,
    21.86,
    23.06,
    26.01,
    28.34,
    30.55,
    32.25,
    34.01,
    36.16,
    37.22,
    38.31,
    39.34,
    41.34,
    42.46,
    43.08,
    45.06,
    45.78,
    47.44,
    47.72,
    48.71,
    49.51,
    50.64,
    51.81,
    52.0,
    52.61,
    55.09,
    54.61,
    56.0,
    56.25,
    56.91,
    57.74,
    58.35,
    58.99,
    59.94,
    60.31,
    60.1,
    61.23,
    60.65,
    60.83,
    61.34,
    61.74,
    61.35,
    62.46,
    61.57,
    62.53
  ],
  "train_acc5": [
    11.61,
    22.88,
    28.38,
    34.79,
    40.04,
    44.96,
    49.69,
    52.24,
    55.19,
    58.85,
    60.54,
    62.32,
    64.41,
    65.96,
    67.71,
    68.94,
    70.04,
    71.06,
    72.61,
    72.78,
    74.05,
    74.84,
    75.48,
    77.2,
    77.28,
    78.03,
    79.74,
    79.74,
    79.48,
    80.9,
    81.7,
    82.05,
    82.66,
    82.28,
    83.04,
    83.82,
    84.34,
    84.45,
    84.81,
    85.13,
    85.15,
    85.37,
    85.79,
    85.95,
    85.98,
    85.81,
    85.79,
    86.24,
    86.24,
    86.0
  ],
  "test_loss": [
    4.900152767944336,
    4.117132964706421,
    3.822094741821289,
    3.697052433013916,
    3.5024010299682615,
    3.3429923500061034,
    3.3670602672576906,
    3.1958664810180664,
    3.1583921977996825,
    2.9458992630004883,
    2.9798929027557373,
    2.882819551086426,
    2.9001269828796388,
    2.779212704849243,
    2.7457080078125,
    2.7835686832427977,
    2.744233673477173,
    2.613400612258911,
    2.6017022148132325,
    2.6212850761413575,
    2.5968560092926025,
    2.5459935237884523,
    2.5821660301208498,
    2.5247026706695554,
    2.479757625579834,
    2.500031536483765,
    2.4779319793701173,
    2.50230832824707,
    2.4506559715270995,
    2.484769221878052,
    2.42813618183136,
    2.421226107597351,
    2.399354035949707,
    2.4026442239761354,
    2.4021009344100954,
    2.3774629764556883,
    2.3961535873413085,
    2.3640911945343017,
    2.3499294511795044,
    2.350237480545044,
    2.356746949768066,
    2.353015809631348,
    2.3479266456604004,
    2.3552969940185546,
    2.3459850719451905,
    2.350444338607788,
    2.3474073598861693,
    2.344177495956421,
    2.34580677986145,
    2.345692805480957
  ],
  "test_acc": [
    6.02,
    10.9,
    15.56,
    17.58,
    22.06,
    25.2,
    26.72,
    30.25,
    31.35,
    36.33,
    37.43,
    38.34,
    39.74,
    40.69,
    42.03,
    42.59,
    43.23,
    46.29,
    46.62,
    46.65,
    47.64,
    48.46,
    48.27,
    49.61,
    50.37,
    50.42,
    51.15,
    50.92,
    51.4,
    51.22,
    53.07,
    52.82,
    53.34,
    53.26,
    53.35,
    54.24,
    53.81,
    54.68,
    54.74,
    55.05,
    54.93,
    55.01,
    55.15,
    55.12,
    55.22,
    55.16,
    55.09,
    55.28,
    55.2,
    55.4
  ],
  "test_acc5": [
    19.65,
    31.95,
    40.78,
    44.68,
    51.56,
    56.98,
    57.92,
    62.11,
    63.35,
    68.26,
    68.62,
    69.99,
    71.26,
    72.74,
    74.4,
    74.0,
    74.84,
    76.75,
    77.67,
    77.16,
    78.16,
    79.07,
    79.04,
    80.1,
    80.53,
    80.28,
    80.44,
    80.28,
    81.3,
    80.99,
    82.16,
    82.03,
    82.76,
    82.05,
    81.99,
    82.97,
    82.27,
    83.16,
    83.12,
    83.16,
    83.24,
    83.17,
    83.29,
    83.07,
    83.04,
    82.97,
    83.23,
    83.12,
    83.29,
    83.19
  ],
  "lr": [
    0.001,
    0.0009990133642141358,
    0.000996057350657239,
    0.0009911436253643444,
    0.0009842915805643156,
    0.0009755282581475769,
    0.0009648882429441258,
    0.0009524135262330099,
    0.0009381533400219318,
    0.0009221639627510075,
    0.0009045084971874736,
    0.0008852566213878945,
    0.0008644843137107056,
    0.0008422735529643443,
    0.0008187119948743448,
    0.0007938926261462366,
    0.0007679133974894982,
    0.0007408768370508576,
    0.0007128896457825362,
    0.0006840622763423389,
    0.0006545084971874735,
    0.0006243449435824271,
    0.0005936906572928622,
    0.000562666616782152,
    0.0005313952597646566,
    0.0004999999999999998,
    0.00046860474023534314,
    0.00043733338321784774,
    0.00040630934270713756,
    0.00037565505641757246,
    0.00034549150281252633,
    0.00031593772365766105,
    0.00028711035421746355,
    0.0002591231629491422,
    0.00023208660251050145,
    0.00020610737385376337,
    0.00018128800512565502,
    0.00015772644703565555,
    0.00013551568628929425,
    0.00011474337861210535,
    9.549150281252626e-05,
    7.783603724899252e-05,
    6.184665997806817e-05,
    4.7586473766990294e-05,
    3.5111757055874305e-05,
    2.4471741852423218e-05,
    1.5708419435684507e-05,
    8.856374635655634e-06,
    3.942649342761115e-06,
    9.866357858642198e-07
  ],
  "epoch_time": [
    3.663304567337036,
    3.0722596645355225,
    3.0682880878448486,
    3.071807384490967,
    3.078029155731201,
    3.054065465927124,
    3.0664126873016357,
    3.0455210208892822,
    3.060469150543213,
    3.0457634925842285,
    3.037433624267578,
    3.063931941986084,
    3.0899579524993896,
    3.0868189334869385,
    3.041604995727539,
    3.0734975337982178,
    3.0278282165527344,
    3.0638346672058105,
    3.034567356109619,
    3.0785820484161377,
    3.062263011932373,
    3.057893753051758,
    3.0592854022979736,
    3.049999952316284,
    3.058110475540161,
    3.051337718963623,
    3.0719754695892334,
    3.049495220184326,
    3.032212018966675,
    3.05537748336792,
    3.0451388359069824,
    3.04485821723938,
    3.0782015323638916,
    3.044022798538208,
    3.0509376525878906,
    3.059577465057373,
    3.0743908882141113,
    3.053112030029297,
    3.0545663833618164,
    3.063490152359009,
    3.042285680770874,
    3.0128378868103027,
    3.021881103515625,
    3.0729916095733643,
    3.086636781692505,
    3.0446627140045166,
    3.0175020694732666,
    3.025567054748535,
    3.0400197505950928,
    3.0672569274902344
  ]
}