{
  "train_loss": [
    4.525187731933594,
    4.364518950653077,
    4.268781037139893,
    4.217936878204346,
    4.182859481811524,
    4.111471283721924,
    4.069215172576905,
    4.026428252410889,
    3.9681198371887207,
    3.9089989990234373,
    3.836462561035156,
    3.7764339653015138,
    3.706944805145264,
    3.691073073577881,
    3.630079426574707,
    3.567899261856079,
    3.5130995323181153,
    3.4880448276519775,
    3.438359363555908,
    3.406945669174194,
    3.354758050918579,
    3.317223822784424,
    3.2743956409454347,
    3.241575707626343,
    3.197490592575073,
    3.175309506225586,
    3.125556428527832,
    3.1108993774414064,
    3.0839053840637205,
    3.063654510498047,
    3.016790311050415,
    2.9901448162078856,
    2.9902434158325195,
    2.9519712356567385,
    2.9274037857055664,
    2.930442837524414,
    2.8900748908996583,
    2.8464530986785888,
    2.8543039604187013,
    2.8387369888305662,
    2.8357677368164063,
    2.823014879989624,
    2.815275994873047,
    2.797307144546509,
    2.7953647872924803,
    2.7988128547668456,
    2.7945395050048827,
    2.8011734886169433,
    2.7827056644439696,
    2.7914472034454345
  ],
  "train_acc": [
    2.87,
    4.71,
    6.13,
    6.98,
    7.88,
    8.52,
    9.79,
    10.17,
    11.56,
    12.54,
    14.67,
    15.91,
    17.06,
    17.52,
    18.51,
    20.17,
    21.38,
    22.02,
    23.1,
    24.01,
    25.38,
    25.94,
    26.82,
    28.67,
    28.87,
    30.01,
    30.7,
    31.28,
    32.08,
    32.24,
    34.16,
    34.44,
    34.38,
    34.87,
    36.66,
    35.77,
    36.9,
    38.29,
    38.5,
    38.91,
    38.58,
    39.72,
    39.39,
    40.37,
    40.59,
    39.88,
    40.45,
    39.97,
    40.65,
    40.15
  ],
  "train_acc5": [
    11.18,
    17.83,
    21.95,
    23.92,
    25.54,
    27.89,
    29.32,
    31.28,
    32.87,
    35.71,
    38.84,
    40.16,
    42.86,
    43.07,
    45.43,
    47.92,
    48.85,
    50.24,
    51.84,
    53.03,
    54.88,
    55.39,
    57.11,
    57.83,
    59.28,
    60.01,
    61.39,
    61.82,
    62.42,
    62.99,
    64.35,
    64.92,
    65.44,
    66.02,
    66.99,
    67.09,
    67.98,
    69.52,
    68.95,
    69.42,
    69.75,
    69.8,
    69.97,
    70.6,
    70.06,
    70.12,
    70.56,
    71.04,
    71.18,
    70.74
  ],
  "test_loss": [
    4.405040605926514,
    4.475860345458984,
    4.323976522827149,
    4.072340933990478,
    4.42483525390625,
    3.983097577667236,
    3.966484543991089,
    4.391941741943359,
    3.775449564361572,
    3.7854428688049317,
    3.8921257415771486,
    3.6298442226409913,
    3.746608479309082,
    3.620436799621582,
    3.5706769466400146,
    3.415860411834717,
    3.490274461746216,
    3.2958826107025145,
    3.279318588256836,
    3.3411159454345705,
    3.33122586479187,
    3.1355093788146973,
    3.0871340496063233,
    3.0599389278411864,
    3.071377601623535,
    2.931765470504761,
    3.09091124420166,
    2.9189285758972168,
    2.913171453857422,
    2.88089421005249,
    2.8574724578857422,
    2.812393955230713,
    2.856301051330566,
    2.821718731689453,
    2.7965504535675048,
    2.7834879898071287,
    2.7802848594665526,
    2.726716241836548,
    2.74136021194458,
    2.746696007537842,
    2.7373930488586424,
    2.726932748413086,
    2.719524540710449,
    2.707336219024658,
    2.714843397140503,
    2.7061129638671875,
    2.7079475452423094,
    2.6921144760131837,
    2.7032201606750488,
    2.690720632553101
  ],
  "test_acc": [
    4.0,
    5.91,
    6.38,
    9.3,
    6.79,
    12.12,
    11.96,
    9.28,
    15.32,
    15.83,
    14.9,
    18.54,
    18.73,
    20.48,
    21.54,
    23.4,
    23.93,
    26.98,
    27.69,
    26.23,
    27.99,
    31.43,
    32.53,
    32.65,
    33.02,
    35.5,
    33.61,
    36.83,
    36.67,
    37.61,
    38.5,
    39.32,
    38.89,
    39.42,
    40.48,
    40.47,
    40.87,
    42.21,
    42.38,
    41.95,
    42.36,
    42.35,
    42.58,
    42.93,
    42.81,
    42.79,
    42.72,
    43.21,
    43.1,
    43.33
  ],
  "test_acc5": [
    18.86,
    20.28,
    23.67,
    31.26,
    24.14,
    34.54,
    35.69,
    30.88,
    40.93,
    42.32,
    40.22,
    46.17,
    45.48,
    48.27,
    48.91,
    53.29,
    53.1,
    57.76,
    59.89,
    57.57,
    58.47,
    63.13,
    64.74,
    65.54,
    65.49,
    68.25,
    65.6,
    69.66,
    69.58,
    70.0,
    71.16,
    72.0,
    71.12,
    71.57,
    72.35,
    72.86,
    72.58,
    73.72,
    73.58,
    73.48,
    73.8,
    74.33,
    74.26,
    74.61,
    74.35,
    74.48,
    74.66,
    74.76,
    74.47,
    74.81
  ],
  "lr": [
    0.001,
    0.0009990133642141358,
    0.000996057350657239,
    0.0009911436253643444,
    0.0009842915805643156,
    0.0009755282581475769,
    0.0009648882429441258,
    0.0009524135262330099,
    0.0009381533400219318,
    0.0009221639627510075,
    0.0009045084971874736,
    0.0008852566213878945,
    0.0008644843137107056,
    0.0008422735529643443,
    0.0008187119948743448,
    0.0007938926261462366,
    0.0007679133974894982,
    0.0007408768370508576,
    0.0007128896457825362,
    0.0006840622763423389,
    0.0006545084971874735,
    0.0006243449435824271,
    0.0005936906572928622,
    0.000562666616782152,
    0.0005313952597646566,
    0.0004999999999999998,
    0.00046860474023534314,
    0.00043733338321784774,
    0.00040630934270713756,
    0.00037565505641757246,
    0.00034549150281252633,
    0.00031593772365766105,
    0.00028711035421746355,
    0.0002591231629491422,
    0.00023208660251050145,
    0.00020610737385376337,
    0.00018128800512565502,
    0.00015772644703565555,
    0.00013551568628929425,
    0.00011474337861210535,
    9.549150281252626e-05,
    7.783603724899252e-05,
    6.184665997806817e-05,
    4.7586473766990294e-05,
    3.5111757055874305e-05,
    2.4471741852423218e-05,
    1.5708419435684507e-05,
    8.856374635655634e-06,
    3.942649342761115e-06,
    9.866357858642198e-07
  ],
  "epoch_time": [
    8.949971675872803,
    2.7128632068634033,
    2.7279930114746094,
    2.771217107772827,
    2.8005833625793457,
    2.8836097717285156,
    3.272028923034668,
    2.7345516681671143,
    2.719184160232544,
    2.7504117488861084,
    2.77437424659729,
    2.750612735748291,
    2.739360809326172,
    2.754044532775879,
    2.7417478561401367,
    2.7834930419921875,
    2.729095458984375,
    2.730759620666504,
    2.7143354415893555,
    2.716732978820801,
    2.7491390705108643,
    2.7509243488311768,
    2.6833128929138184,
    2.6878201961517334,
    2.7095370292663574,
    2.723663568496704,
    2.7077572345733643,
    2.7463271617889404,
    2.738807439804077,
    2.7523796558380127,
    2.748929738998413,
    2.717979669570923,
    2.7351367473602295,
    2.7643067836761475,
    2.759572744369507,
    2.8276681900024414,
    2.8529152870178223,
    2.785677909851074,
    2.7929325103759766,
    2.8471481800079346,
    2.8123433589935303,
    2.8253939151763916,
    2.718562602996826,
    2.7208175659179688,
    2.7267627716064453,
    2.711229085922241,
    2.684969663619995,
    2.7200281620025635,
    2.7554378509521484,
    2.702894687652588
  ]
}