{
  "train_loss": [
    2.0777407641983032,
    1.9257622704696655,
    1.8557110358428954,
    1.8053878191757202,
    1.7771318676376342,
    1.7507031829071045,
    1.7277957879638672,
    1.7109824250030519,
    1.6923513189697266,
    1.6790636042022704,
    1.6588245600128173,
    1.6484236065673827,
    1.632805295715332,
    1.6237327571868896,
    1.6127433728027343,
    1.6040640859222413,
    1.5927094212341308,
    1.5892478842163087,
    1.5758005786895752,
    1.5680119186401367,
    1.556535073852539,
    1.553294479637146,
    1.539181865310669,
    1.5280100046157836,
    1.5208370275115968,
    1.51346920211792,
    1.5024587847137452,
    1.494142373008728,
    1.4843163299560547,
    1.4780992193603515,
    1.4638121334838867,
    1.4551092211151122,
    1.4468111196136475,
    1.4315773907852172,
    1.4257560422134399,
    1.4125753587722778,
    1.4005189401245117,
    1.3937258528137206,
    1.3825923935699462,
    1.3730402793121337,
    1.3622680475616455,
    1.3546261792373657,
    1.3419240898895264,
    1.3327239023590087,
    1.3288582773590087,
    1.3240305261993408,
    1.3168137005233764,
    1.309253398475647,
    1.311443802986145,
    1.3112125659561158
  ],
  "train_acc": [
    28.062,
    35.852,
    39.898,
    42.764,
    44.208,
    45.51,
    46.834,
    47.71,
    48.48,
    49.356,
    50.35,
    50.892,
    51.716,
    52.154,
    52.62,
    53.154,
    53.678,
    53.852,
    54.472,
    54.848,
    55.29,
    55.486,
    56.08,
    56.542,
    56.874,
    57.294,
    57.732,
    58.25,
    58.53,
    58.954,
    59.378,
    59.9,
    60.15,
    60.89,
    61.014,
    61.654,
    61.998,
    62.176,
    62.652,
    63.08,
    63.506,
    63.692,
    64.168,
    64.492,
    64.73,
    64.854,
    65.18,
    65.31,
    65.228,
    65.288
  ],
  "test_loss": [
    1.6007187145233155,
    1.4878138877868652,
    1.3887190929412843,
    1.3770357158660889,
    1.2634131732940674,
    1.198812536239624,
    1.1860909597396851,
    1.1843369720458985,
    1.171004137802124,
    1.0965569007873535,
    1.0998104885101319,
    1.0869016414642334,
    1.1084366518974305,
    1.079904745197296,
    1.079251651954651,
    1.0303953441619873,
    0.966284391784668,
    0.9859178091049194,
    1.00376627368927,
    0.9561344339370728,
    1.0321597539901732,
    0.9313060568809509,
    0.9353882015228272,
    0.9011374914169311,
    0.9041984978675842,
    0.8812649997711182,
    0.8518111247062683,
    0.8718340435028076,
    0.855242519569397,
    0.8442853552818298,
    0.8610954743385315,
    0.8295338624000549,
    0.8312805844306945,
    0.8452396017074585,
    0.8354176012992859,
    0.813619603061676,
    0.8163546756744384,
    0.8124350648880004,
    0.8196925848007203,
    0.8021340593338012,
    0.7982980704307556,
    0.7835908541679383,
    0.7888686967849732,
    0.7883268775939941,
    0.7863016012191772,
    0.7877775190353393,
    0.7874461260795593,
    0.788379962348938,
    0.7862514791488647,
    0.7882578403472901
  ],
  "test_acc": [
    46.48,
    50.12,
    57.38,
    56.71,
    62.26,
    64.58,
    64.03,
    64.77,
    64.96,
    67.75,
    68.17,
    70.43,
    67.53,
    69.82,
    69.71,
    71.73,
    73.23,
    74.11,
    72.82,
    74.75,
    71.38,
    76.22,
    75.56,
    76.66,
    77.0,
    76.76,
    78.55,
    77.69,
    78.51,
    78.53,
    78.16,
    79.41,
    79.95,
    78.86,
    79.38,
    79.9,
    80.04,
    80.4,
    80.22,
    80.61,
    80.71,
    81.14,
    81.22,
    81.31,
    81.05,
    81.25,
    81.17,
    81.21,
    81.28,
    81.29
  ],
  "learning_rate": [
    0.001,
    0.0009990133642141358,
    0.000996057350657239,
    0.0009911436253643444,
    0.0009842915805643156,
    0.0009755282581475769,
    0.0009648882429441258,
    0.0009524135262330099,
    0.0009381533400219318,
    0.0009221639627510075,
    0.0009045084971874736,
    0.0008852566213878945,
    0.0008644843137107056,
    0.0008422735529643443,
    0.0008187119948743448,
    0.0007938926261462366,
    0.0007679133974894982,
    0.0007408768370508576,
    0.0007128896457825362,
    0.0006840622763423389,
    0.0006545084971874735,
    0.0006243449435824271,
    0.0005936906572928622,
    0.000562666616782152,
    0.0005313952597646566,
    0.0004999999999999998,
    0.00046860474023534314,
    0.00043733338321784774,
    0.00040630934270713756,
    0.00037565505641757246,
    0.00034549150281252633,
    0.00031593772365766105,
    0.00028711035421746355,
    0.0002591231629491422,
    0.00023208660251050145,
    0.00020610737385376337,
    0.00018128800512565502,
    0.00015772644703565555,
    0.00013551568628929425,
    0.00011474337861210535,
    9.549150281252626e-05,
    7.783603724899252e-05,
    6.184665997806817e-05,
    4.7586473766990294e-05,
    3.5111757055874305e-05,
    2.4471741852423218e-05,
    1.5708419435684507e-05,
    8.856374635655634e-06,
    3.942649342761115e-06,
    9.866357858642198e-07
  ],
  "epoch_time": [
    4.817378044128418,
    4.537468671798706,
    4.536090612411499,
    4.5361857414245605,
    4.482004165649414,
    4.534379005432129,
    4.582233428955078,
    4.537794351577759,
    4.562934875488281,
    4.541323900222778,
    4.523064374923706,
    4.458047151565552,
    4.4387290477752686,
    4.452635049819946,
    4.4820451736450195,
    4.473080158233643,
    4.548074245452881,
    4.550804138183594,
    4.485225677490234,
    4.580315113067627,
    4.547004461288452,
    4.514174222946167,
    4.555647373199463,
    4.486110210418701,
    4.536648988723755,
    4.482259511947632,
    4.448298931121826,
    4.513458251953125,
    4.446547746658325,
    4.416931867599487,
    4.414159297943115,
    4.4252636432647705,
    4.555972576141357,
    4.453285217285156,
    4.506133079528809,
    4.466482639312744,
    4.528298377990723,
    4.5109193325042725,
    4.524198532104492,
    4.46600079536438,
    4.45332145690918,
    4.4615302085876465,
    4.49418568611145,
    4.476074695587158,
    4.504131555557251,
    4.49501633644104,
    4.492147445678711,
    4.548755168914795,
    4.508666515350342,
    4.497641563415527
  ]
}