{
  "train_loss": [
    4.040599606170654,
    3.642976521911621,
    3.4228496281433105,
    3.248733783721924,
    3.114704943008423,
    3.003028698272705,
    2.902873024978638,
    2.8199651329803466,
    2.752588803253174,
    2.6824181433105467,
    2.6190669207763673,
    2.559243330001831,
    2.507693981628418,
    2.4689391592407226,
    2.4193350943756102,
    2.3712872878265383,
    2.3321781198120117,
    2.2887910667419433,
    2.2467994470214845,
    2.2071687088012695,
    2.1650907961273194,
    2.124921768951416,
    2.0819852001953123,
    2.0512237567138674,
    2.0078501236724855,
    1.9691088005065918,
    1.9361181452178955,
    1.900823249282837,
    1.8579951892089843,
    1.8254806089019775,
    1.7886172173309327,
    1.7527569177246094,
    1.717706671295166,
    1.6808969909667968,
    1.6500591885375977,
    1.6155045496749878,
    1.5896362432098388,
    1.563001971435547,
    1.532433974647522,
    1.4981217163085938,
    1.4730065796661378,
    1.4472515690612793,
    1.4207800003814697,
    1.4067325617980957,
    1.3739771850585938,
    1.3544813452911377,
    1.3401863157653808,
    1.3171139514160157,
    1.3002598691558838,
    1.2825094317626953,
    1.259867146835327,
    1.2506049182891845,
    1.2365347121429444,
    1.221513561706543,
    1.2059120298004151,
    1.1930695448303223,
    1.1800855765533447,
    1.1708687900543213,
    1.1544170041656494,
    1.1451632962417602,
    1.1360129386138915,
    1.1246831707763671,
    1.1166455080795288,
    1.1065141940307617,
    1.0957120084381105,
    1.0925636531829834,
    1.0824051805877686,
    1.0772208420562743,
    1.0673123728179932,
    1.057759889640808,
    1.0571638248062134,
    1.0478823571777345,
    1.0446093687820435,
    1.0364612093353271,
    1.0314833623504638,
    1.030925050506592,
    1.0231850212097169,
    1.0203137218666076,
    1.016980148086548,
    1.0110568312072754,
    1.007805654220581,
    1.0051797459411622,
    1.0011734627914428,
    0.9997922236633301,
    0.9977819878387452,
    0.9962348402786255,
    0.9883992460250854,
    0.9901558976364135,
    0.9891635460281372,
    0.9860266605377197,
    0.986614059829712,
    0.9830538485717774,
    0.9826516583633423,
    0.9833419211578369,
    0.9828964195251465,
    0.9811057906341553,
    0.982517176475525,
    0.9808376460838318,
    0.9806261937713623,
    0.980863763923645
  ],
  "train_acc": [
    10.192,
    17.808,
    22.598,
    26.752,
    30.312,
    33.0,
    35.258,
    37.504,
    39.172,
    41.316,
    43.096,
    44.644,
    45.98,
    47.148,
    48.604,
    49.636,
    51.202,
    51.884,
    53.35,
    54.656,
    55.642,
    56.87,
    58.18,
    59.294,
    60.58,
    61.932,
    62.696,
    63.842,
    65.324,
    66.414,
    67.806,
    68.618,
    70.34,
    71.404,
    72.374,
    73.906,
    74.812,
    76.048,
    76.884,
    78.208,
    79.288,
    80.276,
    81.274,
    81.814,
    83.192,
    83.828,
    84.454,
    85.402,
    86.216,
    86.878,
    87.758,
    87.944,
    88.68,
    89.33,
    90.08,
    90.366,
    90.996,
    91.194,
    91.8,
    92.274,
    92.674,
    92.976,
    93.372,
    93.758,
    94.19,
    94.202,
    94.512,
    94.812,
    95.122,
    95.568,
    95.566,
    95.786,
    95.866,
    96.24,
    96.404,
    96.36,
    96.726,
    96.666,
    96.906,
    96.922,
    97.094,
    97.142,
    97.262,
    97.316,
    97.348,
    97.466,
    97.696,
    97.626,
    97.604,
    97.754,
    97.68,
    97.9,
    97.87,
    97.856,
    97.83,
    97.846,
    97.84,
    97.93,
    97.908,
    97.948
  ],
  "test_loss": [
    3.7129248111724853,
    3.434183197784424,
    3.2153552318572998,
    3.112714362335205,
    2.9541073543548584,
    2.832410771179199,
    2.763238555145264,
    2.7252308406829835,
    2.668339501953125,
    2.6487969314575195,
    2.597996045303345,
    2.5652688415527343,
    2.4961813800811767,
    2.4688259506225587,
    2.481190933609009,
    2.4377362854003906,
    2.4647484951019285,
    2.4193909843444823,
    2.395891999053955,
    2.443411863708496,
    2.4026609062194826,
    2.376079683303833,
    2.401038068771362,
    2.3917577407836914,
    2.406862662887573,
    2.3837376117706297,
    2.418509801864624,
    2.430737329864502,
    2.4017930145263673,
    2.437105263519287,
    2.435073847579956,
    2.435676721191406,
    2.41875626449585,
    2.4396979888916017,
    2.436389237976074,
    2.452453688812256,
    2.4650055473327637,
    2.4833089935302732,
    2.4782749588012694,
    2.4876190925598145,
    2.5109693740844725,
    2.510786951446533,
    2.5305914070129396,
    2.5224354568481444,
    2.516745843505859,
    2.5286754379272463,
    2.5345460632324217,
    2.5326577056884765,
    2.547904974365234,
    2.560026002883911,
    2.542352920913696,
    2.5603884864807127,
    2.563422691345215,
    2.5582007862091065,
    2.5617427925109864,
    2.54562080078125,
    2.5629647018432618,
    2.569159176635742,
    2.5671494606018066,
    2.5711337741851805,
    2.563465456390381,
    2.5667882709503176,
    2.5560039016723635,
    2.5654844703674318,
    2.5613779117584228,
    2.5689178394317627,
    2.565459549331665,
    2.5481884143829348,
    2.5433961196899415,
    2.5529465629577635,
    2.541295071411133,
    2.5432383739471436,
    2.540792435836792,
    2.5435260093688963,
    2.5505344032287596,
    2.538179084777832,
    2.5344528854370116,
    2.5315291458129883,
    2.5287580307006836,
    2.5351905517578124,
    2.5299001987457275,
    2.5233005634307863,
    2.523343765258789,
    2.5172278991699217,
    2.520782853317261,
    2.524359867095947,
    2.521650693130493,
    2.522342596435547,
    2.5227173263549805,
    2.522057765197754,
    2.5218287578582763,
    2.520287060546875,
    2.5237026092529296,
    2.5165325981140136,
    2.520707487487793,
    2.5209707023620607,
    2.517364666366577,
    2.5195300689697264,
    2.520912532424927,
    2.5171988311767577
  ],
  "test_acc": [
    16.56,
    22.65,
    28.61,
    31.42,
    34.34,
    37.61,
    40.23,
    40.86,
    41.83,
    42.64,
    44.31,
    45.68,
    46.7,
    47.92,
    48.05,
    49.39,
    48.59,
    49.82,
    51.01,
    49.51,
    51.11,
    51.76,
    51.31,
    51.41,
    51.41,
    52.2,
    51.7,
    51.85,
    52.17,
    51.96,
    52.51,
    52.37,
    53.02,
    52.9,
    53.48,
    53.11,
    52.95,
    52.54,
    53.12,
    53.12,
    52.84,
    52.94,
    52.7,
    53.53,
    53.31,
    52.95,
    53.72,
    53.69,
    52.65,
    53.05,
    53.14,
    53.25,
    53.47,
    52.89,
    53.45,
    53.45,
    53.61,
    53.59,
    53.22,
    53.64,
    53.86,
    53.49,
    53.78,
    53.52,
    54.03,
    53.47,
    53.91,
    53.8,
    53.97,
    53.67,
    53.62,
    53.77,
    53.88,
    53.98,
    54.27,
    54.01,
    53.9,
    54.27,
    54.59,
    54.12,
    54.66,
    54.85,
    54.58,
    54.49,
    54.61,
    54.19,
    54.34,
    54.38,
    54.4,
    54.46,
    54.57,
    54.38,
    54.42,
    54.63,
    54.44,
    54.41,
    54.59,
    54.27,
    54.47,
    54.46
  ],