{
  "train_loss": [
    4.436607132263184,
    4.1215100804138185,
    3.9138295362854003,
    3.7108690864562988,
    3.5381192334747316,
    3.397139150390625,
    3.277371159210205,
    3.179615970687866,
    3.091323244934082,
    3.0160725616455077,
    2.944223175506592,
    2.889319514160156,
    2.831078811035156,
    2.7866430950927734,
    2.7318497106170656,
    2.7050281575012205,
    2.6733559114074708,
    2.6378769621276854,
    2.596585668029785,
    2.566044474182129,
    2.5364345752716067,
    2.5144009966278076,
    2.4902159692382813,
    2.4682607509613037,
    2.454217763977051,
    2.4297737171936036,
    2.412260048980713,
    2.38908418838501,
    2.36861561668396,
    2.3573890076446533,
    2.339719019317627,
    2.3241298221588136,
    2.3040244184875487,
    2.2969284467315676,
    2.2741638189697264,
    2.265908827056885,
    2.250262949523926,
    2.239062007446289,
    2.2244840866851807,
    2.223312439727783,
    2.207601324539185,
    2.2007345267486573,
    2.182777098388672,
    2.1749747148132323,
    2.1639780792236327,
    2.152584597167969,
    2.140005026626587,
    2.1271334569549563,
    2.125758586654663,
    2.1133637567138672,
    2.1072800066375734,
    2.0999857810974123,
    2.0908971352386474,
    2.0773918210601807,
    2.074291644973755,
    2.067241766204834,
    2.0531609868621827,
    2.0537333340454103,
    2.047865261001587,
    2.0207199671936036,
    2.0357462200164793,
    2.028417228164673,
    2.015254225692749,
    2.0035292779541014,
    2.0082258384704588,
    2.0042682804870604,
    1.9978847283172607,
    1.9950467698669434,
    1.984313435974121,
    1.9797155680847167,
    1.9749929887390136,
    1.9764224726486206,
    1.9653809901428223,
    1.9634797194671632,
    1.956909550857544,
    1.9515224024963378,
    1.953169865837097,
    1.9464909238433838,
    1.9330290287780763,
    1.9314862355804443,
    1.928262331123352,
    1.9303328213500976,
    1.92693065990448,
    1.9277244425201416,
    1.9199008724212647,
    1.9283373466873168,
    1.9231381713867188,
    1.9144316632843017,
    1.9135837273406981,
    1.9160166062545776,
    1.9046256752014161,
    1.904342620010376,
    1.912358452682495,
    1.9107097074890136,
    1.9049144596862793,
    1.9098553619003296,
    1.9061427897644043,
    1.9084260944366456,
    1.9101935963058472,
    1.9055920304870606
  ],
  "train_acc": [
    4.002,
    8.906,
    12.764,
    16.75,
    20.804,
    24.272,
    26.886,
    29.286,
    31.8,
    33.684,
    35.406,
    37.044,
    38.752,
    39.964,
    41.898,
    42.142,
    43.244,
    44.032,
    45.324,
    46.246,
    47.108,
    47.766,
    48.286,
    49.046,
    49.566,
    50.082,
    50.616,
    51.442,
    52.0,
    52.426,
    52.866,
    53.44,
    54.058,
    53.98,
    54.916,
    55.142,
    55.76,
    55.88,
    56.454,
    56.394,
    57.002,
    57.126,
    57.578,
    57.836,
    58.328,
    58.478,
    59.004,
    59.374,
    59.172,
    59.952,
    59.742,
    60.326,
    60.646,
    60.928,
    61.106,
    61.288,
    61.692,
    61.806,
    61.806,
    62.954,
    62.318,
    62.452,
    62.944,
    63.27,
    63.188,
    63.426,
    63.52,
    63.724,
    63.92,
    64.302,
    64.308,
    64.23,
    64.57,
    64.72,
    64.76,
    65.052,
    64.984,
    65.526,
    65.616,
    65.674,
    65.76,
    65.804,
    66.102,
    65.772,
    66.266,
    65.924,
    65.952,
    66.25,
    66.308,
    66.296,
    66.556,
    66.508,
    66.314,
    66.144,
    66.512,
    66.722,
    66.534,
    66.266,
    66.376,
    66.572
  ],
  "train_acc5": [
    14.724,
    27.57,
    35.372,
    42.804,
    48.418,
    52.968,
    56.558,
    59.636,
    62.032,
    64.038,
    66.332,
    67.934,
    69.268,
    70.056,
    71.776,
    72.328,
    73.152,
    73.802,
    74.826,
    75.648,
    76.268,
    76.78,
    77.564,
    77.786,
    78.112,
    78.93,
    79.124,
    79.518,
    80.086,
    80.15,
    80.596,
    81.018,
    81.368,
    81.664,
    81.894,
    82.084,
    82.488,
    82.584,
    83.152,
    82.99,
    83.332,
    83.298,
    83.85,
    83.902,
    84.098,
    84.494,
    84.568,
    85.004,
    85.056,
    84.958,
    85.324,
    85.532,
    85.628,
    85.784,
    86.102,
    86.208,
    86.406,
    86.478,
    86.506,
    86.92,
    86.718,
    86.978,
    87.056,
    87.272,
    87.104,
    87.23,
    87.386,
    87.33,
    87.726,
    87.582,
    87.872,
    87.744,
    87.79,
    87.928,
    88.07,
    88.182,
    87.936,
    88.256,
    88.534,
    88.576,
    88.654,
    88.646,
    88.532,
    88.568,
    88.802,
    88.492,
    88.592,
    88.822,
    88.898,
    88.802,
    89.012,
    89.148,
    88.88,
    89.002,
    88.984,
    88.902,
    89.168,
    88.956,
    89.092,
    89.032
  ],
  "test_loss": [
    4.175666847610474,
    3.8211805084228514,
    3.533731952667236,
    3.338105464935303,
    3.13224966468811,
    2.9169398445129393,
    2.8004705505371095,
    2.739754850769043,
    2.653023322296143,
    2.6013989597320557,
    2.5070617462158205,
    2.485668478012085,
    2.3987364585876465,
    2.345599836730957,
    2.297706335067749,
    2.274862336730957,
    2.220911476135254,
    2.209449242401123,
    2.184881322479248,
    2.1810677841186523,
    2.1400065807342528,
    2.112500365829468,
    2.0987801063537597,
    2.0583315561294557,
    2.0643270973205565,
    2.054696226119995,
    2.0289362236022948,
    2.015807249069214,
    2.0203000228881836,
    2.00861362991333,
    1.975582793045044,
    1.9784112873077393,
    1.9543486053466796,
    1.957763208770752,
    1.9533419582366944,
    1.932425932121277,
    1.9351943702697754,
    1.9097487651824951,
    1.8938143539428711,
    1.9030953258514405,
    1.8974090648651123,
    1.8928459114074707,
    1.883001661491394,
    1.8644767379760743,
    1.863001223373413,
    1.8805069175720215,
    1.8603516250610352,
    1.8433335174560548,
    1.8391038970947267,
    1.8489227462768554,
    1.8399733993530274,
    1.8362143459320068,
    1.832488854598999,
    1.820997867012024,
    1.8170111694335938,
    1.8109611953735352,
    1.8082118026733398,
    1.8047922855377196,
    1.8059064720153808,
    1.7952523433685303,
    1.785882638168335,
    1.7918185974121095,
    1.7826219623565673,
    1.7787253959655762,
    1.7924802028656006,
    1.7738113227844239,
    1.7749927757263184,
    1.7662578372955322,
    1.7787227821350098,
    1.7778917930603026,
    1.7658062580108642,
    1.7683314304351807,
    1.7622363361358642,
    1.759688835144043,
    1.7627689846038819,
    1.7502297286987305,
    1.7573050540924073,
    1.753489832687378,
    1.7579737110137938,
    1.7534212841033936,
    1.747618934249878,
    1.7523722789764404,
    1.751187110900879,
    1.7476712364196778,
    1.745313822364807,
    1.7478450204849243,
    1.7437916656494141,
    1.7422380905151367,
    1.7395249847412109,
    1.7432352027893065,
    1.7422046352386475,
    1.7400998888015746,
    1.737917130088806,
    1.7370185050964355,
    1.7395246021270752,
    1.7400851150512695,
    1.7383457490921022,
    1.7404279691696167,
    1.743723706817627,
    1.7415804552078247
  ],