{
  "train_loss": [
    4.377905679321289,
    4.106780522613525,
    3.865454200897217,
    3.634726845703125,
    3.4491740406799316,
    3.3093540390014646,
    3.207737007598877,
    3.1243585012054442,
    3.066017499847412,
    3.003794388580322,
    2.951692223968506,
    2.9260154638671874,
    2.901037294616699,
    2.865867323150635,
    2.845698738555908,
    2.812645556945801,
    2.793894461593628,
    2.7897074073028563,
    2.7650661051940917,
    2.7471075294494627,
    2.7339833854675293,
    2.719790260848999,
    2.7090290757751463,
    2.6926704708099365,
    2.6839270771026613,
    2.6769626583862305,
    2.670785978851318,
    2.652066255493164,
    2.6462027198791502,
    2.631795378417969,
    2.622149797668457,
    2.6152522344207765,
    2.603958207626343,
    2.598986669692993,
    2.5840270669555663,
    2.5744107568359373,
    2.5579907678222655,
    2.553256417617798,
    2.5513455353546144,
    2.5426005671691896,
    2.5296259078216554,
    2.5181791886901856,
    2.5193746572875977,
    2.4959609559631346,
    2.48907850189209,
    2.4757127703094484,
    2.470938978652954,
    2.459229125747681,
    2.4454290599823,
    2.443070824966431,
    2.4304287465667724,
    2.4106940312957765,
    2.408402540130615,
    2.383933942565918,
    2.3829746458435057,
    2.366461709976196,
    2.356518437728882,
    2.34446093170166,
    2.3247158192443846,
    2.317672776260376,
    2.3115446701812745,
    2.300352794799805,
    2.2846620404052733,
    2.2674138787841795,
    2.2545768271636963,
    2.244690160293579,
    2.2235734395599365,
    2.200445585746765,
    2.191246191635132,
    2.1787018969726564,
    2.160521672821045,
    2.1464575816345213,
    2.1404354768371583,
    2.1128340802001953,
    2.108683515472412,
    2.0852842221832275,
    2.0738701735687255,
    2.048561153831482,
    2.033483907470703,
    2.0141167739868164,
    2.007922933807373,
    1.9897199787139892,
    1.9741338841247558,
    1.951607920074463,
    1.9360637545013428,
    1.9237454984283446,
    1.9071395993804932,
    1.8865335739135742,
    1.876491558303833,
    1.856701918182373,
    1.8469243775177002,
    1.833166845703125,
    1.8261021382904052,
    1.8131695736694335,
    1.8102235455703735,
    1.795450078277588,
    1.7917398056793212,
    1.7902040858459474,
    1.7883092028808594,
    1.788037914199829
  ],
  "train_acc": [
    4.67,
    9.076,
    13.392,
    18.232,
    22.252,
    25.706,
    28.46,
    30.66,
    31.944,
    33.738,
    35.2,
    35.716,
    36.39,
    37.562,
    38.24,
    39.338,
    39.644,
    39.984,
    40.95,
    41.186,
    41.538,
    41.602,
    42.168,
    42.904,
    43.106,
    42.964,
    43.348,
    43.746,
    43.968,
    44.48,
    44.638,
    45.214,
    45.12,
    45.442,
    45.562,
    45.922,
    46.372,
    46.84,
    46.886,
    46.78,
    47.346,
    47.826,
    47.694,
    48.442,
    48.492,
    49.13,
    48.83,
    49.48,
    49.788,
    49.824,
    50.178,
    50.976,
    50.95,
    51.594,
    51.36,
    52.3,
    52.392,
    52.98,
    53.276,
    53.728,
    53.71,
    54.154,
    54.468,
    55.236,
    55.74,
    55.99,
    56.506,
    56.95,
    57.484,
    58.1,
    58.438,
    59.062,
    59.13,
    60.148,
    60.036,
    60.452,
    61.25,
    61.628,
    62.626,
    63.112,
    63.304,
    63.818,
    64.386,
    65.254,
    65.68,
    66.088,
    66.838,
    67.182,
    67.544,
    68.15,
    68.398,
    68.898,
    69.312,
    69.56,
    69.546,
    70.258,
    70.418,
    70.49,
    70.532,
    70.406
  ],
  "train_acc5": [
    17.452,
    28.182,
    37.244,
    45.232,
    51.466,
    56.062,
    59.242,
    61.604,
    62.982,
    64.886,
    66.078,
    67.044,
    67.766,
    68.418,
    69.05,
    69.694,
    69.944,
    70.3,
    70.946,
    71.332,
    71.806,
    72.23,
    72.258,
    72.704,
    72.956,
    72.978,
    73.294,
    73.556,
    73.784,
    74.35,
    74.496,
    74.596,
    75.022,
    75.184,
    75.588,
    75.536,
    75.9,
    75.892,
    75.842,
    76.312,
    76.508,
    76.732,
    76.85,
    77.31,
    77.556,
    77.518,
    77.88,
    78.306,
    78.508,
    78.498,
    78.986,
    79.262,
    79.168,
    79.68,
    79.958,
    80.258,
    80.432,
    80.464,
    81.156,
    81.354,
    81.364,
    81.532,
    81.912,
    82.282,
    82.526,
    82.584,
    83.014,
    83.702,
    83.772,
    84.192,
    84.418,
    84.582,
    84.768,
    85.282,
    85.436,
    86.038,
    86.048,
    86.748,
    86.848,
    87.014,
    87.226,
    87.748,
    87.842,
    88.184,
    88.454,
    88.622,
    89.11,
    89.394,
    89.496,
    89.808,
    90.124,
    90.364,
    90.358,
    90.742,
    90.618,
    90.956,
    90.856,
    90.99,
    91.146,
    90.948
  ],
  "test_loss": [
    4.114583410644531,
    3.8242088619232177,
    3.998248332977295,
    3.419696884918213,
    3.1763211784362793,
    3.0358442123413085,
    2.96676007270813,
    3.0179101318359374,
    2.715015532684326,
    2.903240685272217,
    2.59118758392334,
    2.9563536460876465,
    2.7067771293640135,
    2.5164249492645263,
    2.869707577896118,
    2.520692654418945,
    2.469933839416504,
    2.536861569213867,
    2.453304126358032,
    2.542900305175781,
    2.5279486804962157,
    2.5448604400634767,
    2.611031407165527,
    2.558777237701416,
    2.3444220523834227,
    2.3608921339035036,
    2.3455863471984864,
    2.492971872329712,
    2.4809686000823974,
    2.2800662414550783,
    2.3224544441223145,
    2.4142051280975343,
    2.23946736869812,
    2.351205700302124,
    2.2790510257720946,
    2.465671422576904,
    2.1964125461578368,
    2.4097817195892333,
    2.2028643775939942,
    2.2753072498321534,
    2.321227229309082,
    2.2143547161102295,
    2.2292312408447263,
    2.223170420074463,
    2.229096085357666,
    2.2329655391693115,
    2.135801425933838,
    2.1793591579437255,
    2.1690505241394042,
    2.2262019680023193,
    2.1581719520568847,
    2.1364203887939452,
    2.1375813621521,
    2.063543154335022,
    2.092420920562744,
    2.2098053596496583,
    2.1517371883392333,
    2.087808973312378,
    2.1306032474517824,
    2.0920091316223144,
    2.086204188156128,
    1.9766326873779296,
    1.9812125667572023,
    1.950522654724121,
    1.9465661130905152,
    1.928767018890381,
    1.9129058406829833,
    1.9087425533294677,
    1.8927098358154297,
    1.9748891914367677,
    1.8906509784698486,
    1.893117958831787,
    1.8741314416885375,
    1.8248212203979493,
    1.8331977642059327,
    1.7918048576354981,
    1.7836174713134765,
    1.799349081802368,
    1.7699838424682617,
    1.7812036485671998,
    1.7457765573501587,
    1.7384061965942383,
    1.7247731523513794,
    1.7067087356567383,
    1.7016322021484376,
    1.6872645118713379,
    1.6798953674316406,
    1.67562388381958,
    1.66264596824646,
    1.6533170185089112,
    1.6535582874298096,
    1.647715291595459,
    1.6358542961120606,
    1.6281747686386108,
    1.625686735534668,
    1.6304834392547607,
    1.62342985496521,
    1.6249374423980714,
    1.6225927309036254,
    1.6238197595596313
  ],