{
  "train_loss": [
    2.07535481842041,
    1.9278983525848388,
    1.8574108864593506,
    1.8092880573272705,
    1.7773251471328735,
    1.7505410669708252,
    1.7267856511688233,
    1.7114702843475342,
    1.6895128674697877,
    1.677811376953125,
    1.662958903465271,
    1.645893260154724,
    1.636366149291992,
    1.6219889974975585,
    1.6148695690155028,
    1.6009095212554931,
    1.591822815170288,
    1.583876053237915,
    1.573618733558655,
    1.5664031007766723,
    1.5555299890899659,
    1.5460798134613036,
    1.5378941409683227,
    1.528339041786194,
    1.5186631842422484,
    1.5083512087631226,
    1.502789110069275,
    1.4937564292144776,
    1.483083840560913,
    1.4748580081558227,
    1.4613876111221313,
    1.4526830005264282,
    1.4420040734863282,
    1.4318814944076539,
    1.4215296408843994,
    1.4114186613464355,
    1.3992342959594726,
    1.3891844557952882,
    1.378420558052063,
    1.3627813821792603,
    1.3544912335205077,
    1.3485770861434936,
    1.3346288735580445,
    1.3269628791046142,
    1.318826146850586,
    1.3160099731445312,
    1.3092425985336305,
    1.3070913669204711,
    1.3035183783340454,
    1.3051886261367798
  ],
  "train_acc": [
    27.772,
    35.91,
    40.074,
    42.476,
    44.302,
    45.754,
    46.848,
    47.804,
    48.758,
    49.674,
    50.284,
    51.3,
    51.496,
    52.174,
    52.688,
    53.388,
    53.752,
    54.206,
    54.656,
    54.868,
    55.452,
    55.856,
    56.198,
    56.672,
    57.008,
    57.552,
    57.71,
    58.09,
    58.606,
    58.936,
    59.564,
    60.064,
    60.286,
    60.712,
    61.198,
    61.73,
    61.998,
    62.508,
    62.848,
    63.532,
    63.578,
    63.904,
    64.506,
    64.842,
    65.0,
    64.902,
    65.426,
    65.492,
    65.616,
    65.548
  ],
  "test_loss": [
    1.6291612098693848,
    1.5972223066329956,
    1.3734025259017943,
    1.3907055807113649,
    1.226476537513733,
    1.2736824951171875,
    1.1685767456054688,
    1.220569158744812,
    1.1677631008148193,
    1.1133931190490722,
    1.130815002632141,
    1.1541608825683594,
    1.0588785049438476,
    1.0283795274734497,
    1.1061882137298584,
    0.999501057434082,
    1.030584988307953,
    0.9866864965438843,
    1.0416266857147216,
    0.9781499763488769,
    0.9676923045158387,
    0.960673672580719,
    0.9265451775550843,
    0.9370888231277466,
    0.8820262263298034,
    0.8800732645988464,
    0.8817471940994263,
    0.8582024433135986,
    0.867715931892395,
    0.8643949337005615,
    0.8330980664253235,
    0.8324872873306275,
    0.8325809477806091,
    0.8265121252059936,
    0.8301670167922973,
    0.8095373872756958,
    0.8163452034950256,
    0.7902345588684082,
    0.8090000114440918,
    0.8017798253059387,
    0.8019898879051208,
    0.7875516039848328,
    0.7951564422607422,
    0.7868859844207764,
    0.7915664874076843,
    0.7897464323043824,
    0.7923549560546875,
    0.789915833568573,
    0.7894262189865112,
    0.7910368922233582
  ],
  "test_acc": [
    44.54,
    47.85,
    57.0,
    57.52,
    64.08,
    62.65,
    65.19,
    64.59,
    67.04,
    69.01,
    68.63,
    65.99,
    71.07,
    71.07,
    69.39,
    71.7,
    71.93,
    74.51,
    70.43,
    73.18,
    75.63,
    75.46,
    75.65,
    75.82,
    77.49,
    77.89,
    77.69,
    78.37,
    78.15,
    78.07,
    79.49,
    79.71,
    79.99,
    79.61,
    80.07,
    80.27,
    80.21,
    81.0,
    81.07,
    80.56,
    80.63,
    81.45,
    80.8,
    81.25,
    81.32,
    81.24,
    81.24,
    81.21,
    81.15,
    81.32
  ],
  "learning_rate": [
    0.001,
    0.0009990133642141358,
    0.000996057350657239,
    0.0009911436253643444,
    0.0009842915805643156,
    0.0009755282581475769,
    0.0009648882429441258,
    0.0009524135262330099,
    0.0009381533400219318,
    0.0009221639627510075,
    0.0009045084971874736,
    0.0008852566213878945,
    0.0008644843137107056,
    0.0008422735529643443,
    0.0008187119948743448,
    0.0007938926261462366,
    0.0007679133974894982,
    0.0007408768370508576,
    0.0007128896457825362,
    0.0006840622763423389,
    0.0006545084971874735,
    0.0006243449435824271,
    0.0005936906572928622,
    0.000562666616782152,
    0.0005313952597646566,
    0.0004999999999999998,
    0.00046860474023534314,
    0.00043733338321784774,
    0.00040630934270713756,
    0.00037565505641757246,
    0.00034549150281252633,
    0.00031593772365766105,
    0.00028711035421746355,
    0.0002591231629491422,
    0.00023208660251050145,
    0.00020610737385376337,
    0.00018128800512565502,
    0.00015772644703565555,
    0.00013551568628929425,
    0.00011474337861210535,
    9.549150281252626e-05,
    7.783603724899252e-05,
    6.184665997806817e-05,
    4.7586473766990294e-05,
    3.5111757055874305e-05,
    2.4471741852423218e-05,
    1.5708419435684507e-05,
    8.856374635655634e-06,
    3.942649342761115e-06,
    9.866357858642198e-07
  ],
  "epoch_time": [
    8.842395544052124,
    4.507801532745361,
    4.544506788253784,
    4.576223134994507,
    4.54019570350647,
    4.511137962341309,
    4.444964170455933,
    4.515268802642822,
    4.438771486282349,
    4.51762843132019,
    4.503137111663818,
    4.466595411300659,
    4.414867401123047,
    4.485570430755615,
    4.464483022689819,
    4.417929410934448,
    4.5209760665893555,
    4.4509406089782715,
    4.510320425033569,
    4.421627044677734,
    4.435170412063599,
    4.46474289894104,
    4.431395053863525,
    4.471198797225952,
    4.493428707122803,
    4.542983055114746,
    4.541714906692505,
    4.425245523452759,
    4.549579858779907,
    4.500351190567017,
    4.46463680267334,
    4.497884273529053,
    4.491223096847534,
    4.521533012390137,
    4.51616907119751,
    4.504704713821411,
    4.504837512969971,
    4.543441295623779,
    4.538375616073608,
    4.4803454875946045,
    4.534496307373047,
    4.479578018188477,
    4.5081398487091064,
    4.447096824645996,
    4.475222826004028,
    4.540177822113037,
    4.508662700653076,
    4.471863031387329,
    4.540254831314087,
    4.522460222244263
  ]
}