{
  "train_loss": [
    4.459949758300781,
    4.187677075195312,
    4.040770066833496,
    3.990638875732422,
    3.994762363128662,
    4.001313856506347,
    3.9985794953918457,
    3.985100456542969,
    3.975164490737915,
    3.9629467726135252,
    3.950931573791504,
    3.945924080505371,
    3.935733522644043,
    3.9303524085235595,
    3.9219131160736085,
    3.907239972991943,
    3.903075992126465,
    3.8969265647125244,
    3.8920941007995604,
    3.8867217881011964,
    3.874830579223633,
    3.8673481901550293,
    3.8730241566467285,
    3.8591711793518066,
    3.8485182259368895,
    3.846700341796875,
    3.841922736053467,
    3.833320549545288,
    3.827654151763916,
    3.8225155308532717,
    3.8177816943359373,
    3.812316510467529,
    3.806761198425293,
    3.8073973484039305,
    3.8027231157684325,
    3.789871558151245,
    3.7850541532897948,
    3.7745534521484374,
    3.780528812866211,
    3.770894266357422,
    3.757626314468384,
    3.750432911605835,
    3.7475303799438477,
    3.745328131103516,
    3.7353371636199952,
    3.7286340531921387,
    3.727834621887207,
    3.71787440574646,
    3.709676281738281,
    3.703107705993652,
    3.7014441025543214,
    3.691364500427246,
    3.6826353340911866,
    3.676584513244629,
    3.672305192260742,
    3.669287925567627,
    3.661092290725708,
    3.6517791995239257,
    3.647311399612427,
    3.6431696938323976,
    3.634201304550171,
    3.6299799660491945,
    3.622714667892456,
    3.6150663676452637,
    3.608436901931763,
    3.6042687362670898,
    3.5932107580566406,
    3.5869255570220946,
    3.579866898880005,
    3.56804408493042,
    3.559062903137207,
    3.554324546432495,
    3.549659432144165,
    3.5368783879089354,
    3.53523580909729,
    3.525449375,
    3.5276177928161623,
    3.5117930359649656,
    3.503606891555786,
    3.4973940995788575,
    3.496311038284302,
    3.4915543462371827,
    3.4819395412445067,
    3.4754137561035154,
    3.4700320942687988,
    3.4654589012145998,
    3.4638551250457765,
    3.458289462738037,
    3.454316685180664,
    3.4480528480529786,
    3.4414027297210694,
    3.4400970263671873,
    3.44199258972168,
    3.4365323085021973,
    3.435524362640381,
    3.433048503036499,
    3.4312299574279783,
    3.4300317308807373,
    3.4309879425048826,
    3.4308751930999755
  ],
  "train_acc": [
    3.666,
    7.564,
    10.098,
    11.336,
    10.996,
    11.068,
    11.078,
    11.258,
    11.19,
    11.234,
    11.492,
    11.33,
    11.436,
    11.576,
    11.434,
    11.728,
    11.91,
    11.862,
    12.02,
    12.078,
    12.292,
    12.292,
    12.11,
    12.562,
    12.762,
    12.602,
    12.882,
    12.718,
    13.214,
    13.058,
    13.182,
    13.218,
    13.358,
    13.568,
    13.578,
    13.852,
    14.056,
    14.114,
    14.178,
    14.078,
    14.494,
    14.622,
    14.69,
    14.98,
    15.138,
    15.256,
    15.196,
    15.494,
    15.614,
    15.736,
    15.93,
    16.128,
    16.346,
    16.666,
    16.712,
    16.716,
    16.888,
    16.972,
    17.256,
    17.192,
    17.69,
    17.778,
    17.932,
    18.028,
    18.214,
    18.414,
    18.706,
    18.778,
    19.172,
    19.374,
    19.106,
    19.304,
    19.576,
    19.954,
    19.986,
    20.312,
    20.256,
    20.66,
    20.77,
    21.08,
    20.83,
    20.9,
    21.134,
    21.45,
    21.722,
    21.538,
    21.834,
    21.886,
    21.89,
    22.17,
    22.366,
    22.294,
    22.392,
    22.59,
    22.58,
    22.52,
    22.46,
    22.442,
    22.744,
    22.572
  ],
  "train_acc5": [
    14.264,
    25.752,
    31.918,
    34.414,
    34.382,
    34.372,
    34.604,
    35.192,
    35.22,
    35.36,
    35.684,
    35.708,
    35.898,
    35.934,
    36.36,
    36.754,
    36.806,
    37.13,
    37.254,
    37.076,
    37.758,
    37.902,
    37.636,
    38.856,
    38.792,
    38.8,
    39.192,
    39.396,
    39.532,
    39.71,
    39.958,
    40.31,
    40.334,
    40.526,
    40.6,
    41.036,
    41.398,
    41.794,
    41.428,
    41.848,
    42.34,
    42.678,
    42.854,
    42.998,
    43.2,
    43.614,
    43.562,
    43.928,
    44.362,
    44.208,
    44.686,
    45.124,
    45.35,
    45.504,
    45.59,
    45.828,
    46.112,
    46.436,
    46.61,
    46.838,
    47.376,
    47.49,
    47.358,
    48.01,
    47.962,
    48.248,
    48.878,
    48.894,
    49.12,
    49.63,
    49.922,
    49.9,
    50.13,
    50.788,
    50.604,
    51.214,
    51.13,
    51.78,
    51.906,
    52.154,
    52.016,
    52.496,
    52.808,
    52.916,
    53.236,
    53.384,
    53.338,
    53.636,
    53.622,
    54.088,
    54.14,
    54.248,
    53.934,
    54.352,
    54.296,
    54.586,
    54.516,
    54.448,
    54.68,
    54.36
  ],
  "test_loss": [
    4.157642597961426,
    4.074599546813965,
    3.861806912231445,
    3.9618759963989256,
    3.7912815143585203,
    3.8210732734680177,
    4.085280200958252,
    3.8481280639648436,
    3.7621716361999513,
    3.901671978378296,
    3.8170335289001467,
    3.714389252471924,
    3.719462526702881,
    3.6635768535614015,
    3.785136853027344,
    3.6369212875366213,
    3.692767124938965,
    3.6927165390014647,
    3.649686887741089,
    3.6607420490264895,
    3.5778637325286864,
    3.582884697341919,
    3.7188448665618896,
    3.535278768157959,
    3.577254196548462,
    3.492996286392212,
    3.579277990722656,
    3.5407587081909178,
    3.8120347679138185,
    3.577550547790527,
    3.5821728622436524,
    3.598575347137451,
    3.5004699504852295,
    3.4849147491455077,
    3.460898180389404,
    3.4654499198913573,
    3.510247840881348,
    3.4565063079833984,
    3.4795394088745115,
    3.5022443550109865,
    3.484063505935669,
    3.4298744045257568,
    3.436537983703613,
    3.3848318115234375,
    3.4292620567321777,
    3.4566252853393555,
    3.4394988174438477,
    3.4163483070373535,
    3.3303980712890624,
    3.423693116760254,
    3.37058123626709,
    3.355488747406006,
    3.3335358783721922,
    3.2848911029815673,
    3.3047796573638917,
    3.289320125198364,
    3.3174264472961426,
    3.29251898727417,
    3.2479217918395995,
    3.2737456588745117,
    3.269099563598633,
    3.2803517601013183,
    3.3092294483184816,
    3.246127269744873,
    3.289178342819214,
    3.218886600112915,
    3.184460131454468,
    3.2035874351501463,
    3.1532544082641603,
    3.1835188655853273,
    3.1640520923614504,
    3.137716530227661,
    3.148550820159912,
    3.113690394973755,
    3.117246379852295,
    3.1508772403717042,
    3.0780729656219483,
    3.095410376739502,
    3.0683165149688723,
    3.088063781738281,
    3.0651464893341065,
    3.053477087020874,
    3.040460103607178,
    3.057872441482544,
    3.019292469787598,
    3.035876003265381,
    3.018305330276489,
    3.0146605823516848,
    3.0207160758972167,
    3.013737484741211,
    3.0156510272979737,
    3.0093614810943605,
    3.008520351028442,
    3.0019149772644043,
    3.004087135314941,
    2.9986086521148683,
    2.9963237022399904,
    2.997846174621582,
    2.9989768749237062,
    2.9950476264953614
  ],