{
  "train_loss": [
    4.315381690368652,
    3.835770390930176,
    3.6236562782287596,
    3.489850334701538,
    3.3712081017303466,
    3.274482671356201,
    3.1821236695861814,
    3.1128186086273195,
    3.064161424407959,
    3.0027500866699217,
    2.966631284942627,
    2.9306486625671386,
    2.9016454301452637,
    2.8699636543273925,
    2.8484945249938964,
    2.8315949607086184,
    2.807597881393433,
    2.786688077392578,
    2.7679562896728513,
    2.750903045578003,
    2.735068917388916,
    2.7167427438354492,
    2.7017792185974123,
    2.6930370026397705,
    2.674047928009033,
    2.667948267211914,
    2.653620157699585,
    2.631844634475708,
    2.6250896321868895,
    2.6063825565338137,
    2.5976361975097655,
    2.591136738204956,
    2.5634026525115967,
    2.554406026916504,
    2.5484203032684327,
    2.5354269622802734,
    2.5063417343902588,
    2.506778108215332,
    2.4919416413116453,
    2.47661405921936,
    2.463804430389404,
    2.4382132987213136,
    2.4283230000305176,
    2.4163254136657715,
    2.4044709426879884,
    2.3842803971862794,
    2.360833017425537,
    2.3475711670684816,
    2.3282963008880615,
    2.3186349628448486,
    2.2951491501617434,
    2.284751368103027,
    2.269925652923584,
    2.2367718690490723,
    2.232490407104492,
    2.205386925201416,
    2.1839755559539795,
    2.171354567642212,
    2.1450619625854492,
    2.118359511489868,
    2.1083806671905516,
    2.084731001815796,
    2.0604792024230956,
    2.0268432514190673,
    2.0096243690109254,
    1.98035419921875,
    1.9467690041351318,
    1.9223278182983399,
    1.8905294290924073,
    1.866849899520874,
    1.8349936305999757,
    1.8028130548858643,
    1.776698037261963,
    1.7370965881347655,
    1.7011215242004394,
    1.6738883115386962,
    1.6281259281158447,
    1.5949125383758544,
    1.5590371996307373,
    1.515409327545166,
    1.475007430152893,
    1.4368388261413574,
    1.3933973370361328,
    1.3570826719665527,
    1.317331354522705,
    1.28275147605896,
    1.2418716275787354,
    1.2093959815979003,
    1.171805835876465,
    1.1482226097869872,
    1.122832137413025,
    1.0956093194580079,
    1.0854890114593505,
    1.068441265525818,
    1.0584925129318237,
    1.0467305877685547,
    1.0424704792022705,
    1.033396862487793,
    1.0288051483535767,
    1.02738442779541
  ],
  "train_acc": [
    6.964,
    13.452,
    17.864,
    20.966,
    23.714,
    25.964,
    27.902,
    29.746,
    31.282,
    32.636,
    33.726,
    34.804,
    35.042,
    36.314,
    36.724,
    37.038,
    37.768,
    38.254,
    38.82,
    39.312,
    39.724,
    40.24,
    40.438,
    40.612,
    41.384,
    41.484,
    41.79,
    42.596,
    42.67,
    43.094,
    43.372,
    43.49,
    44.244,
    44.464,
    44.726,
    45.092,
    45.774,
    45.706,
    46.164,
    46.862,
    47.084,
    47.83,
    48.036,
    48.356,
    48.436,
    49.096,
    49.816,
    50.114,
    50.674,
    50.79,
    51.38,
    51.83,
    52.42,
    53.282,
    53.578,
    54.194,
    54.952,
    55.27,
    56.076,
    56.814,
    56.954,
    57.758,
    58.482,
    59.416,
    59.978,
    61.024,
    62.064,
    62.792,
    63.712,
    64.508,
    65.5,
    66.492,
    67.548,
    68.666,
    69.69,
    70.604,
    72.244,
    73.478,
    74.666,
    76.17,
    77.73,
    78.956,
    80.564,
    81.876,
    83.66,
    84.702,
    86.346,
    87.652,
    89.282,
    90.032,
    91.086,
    92.014,
    92.184,
    92.972,
    93.412,
    93.826,
    94.078,
    94.418,
    94.602,
    94.62
  ],
  "test_loss": [
    3.8726061668395997,
    3.6277466793060302,
    3.453656623840332,
    3.294737772369385,
    3.18252116317749,
    3.1663782794952393,
    3.061454299545288,
    2.995225263595581,
    2.9291784767150877,
    2.8957261161804198,
    2.828206945037842,
    2.8703162994384765,
    2.7782146980285645,
    2.7363018997192383,
    2.7927488220214842,
    2.7852539527893065,
    2.743518606185913,
    2.8069735240936278,
    2.64591711807251,
    2.689553268432617,
    2.6544546028137206,
    2.693211415863037,
    2.7176510555267335,
    2.601961826324463,
    2.7746784301757814,
    2.6555214553833006,
    2.595384368133545,
    2.6275440631866456,
    2.5734591396331785,
    2.653061999130249,
    2.5125003040313723,
    2.5546585052490234,
    2.6664830387115477,
    2.612116327285767,
    2.6265704849243163,
    2.465766410446167,
    2.482324696350098,
    2.63121254234314,
    2.506784091949463,
    2.5078238876342773,
    2.4550608428955076,
    2.5200504371643064,
    2.4623157276153567,
    2.467519142150879,
    2.4319467876434326,
    2.4674428169250486,
    2.501295632171631,
    2.37704125289917,
    2.436104051208496,
    2.3409288764953615,
    2.377604668045044,
    2.3625098541259764,
    2.363085335159302,
    2.4867304039001463,
    2.35095772857666,
    2.367215587615967,
    2.35864326133728,
    2.3780249111175538,
    2.342929623413086,
    2.365589867782593,
    2.3319904243469236,
    2.289350828552246,
    2.3012049613952636,
    2.265312650489807,
    2.299583870315552,
    2.2667254928588867,
    2.2874268703460694,
    2.247679229736328,
    2.2783763885498045,
    2.274323963546753,
    2.2284113458633423,
    2.2695502029418946,
    2.2302564788818358,
    2.2154989944458006,
    2.2251514757156374,
    2.21854704246521,
    2.2173261768341064,
    2.256782833862305,
    2.217165976715088,
    2.2284049016952516,
    2.2186118446350096,
    2.2270244018554686,
    2.2254912132263183,
    2.2298353719711304,
    2.2321511825561524,
    2.2186135787963868,
    2.2114439567565918,
    2.2289575382232667,
    2.2318866577148437,
    2.2161369735717775,
    2.2210200679779053,
    2.2253292404174805,
    2.2285906875610353,
    2.225673273849487,
    2.2259738489151,
    2.220876749229431,
    2.217449586868286,
    2.21782773399353,
    2.220309241485596,
    2.217896968460083
  ],
  "test_acc": [
    12.53,
    18.38,
    21.55,
    25.47,
    29.1,
    29.2,
    31.54,
    33.31,
    34.6,
    35.69,
    37.67,
    36.79,
    38.99,
    39.7,
    39.25,
    38.64,
    39.81,
    38.66,
    42.66,
    41.1,
    42.63,
    40.86,
    40.22,
    43.61,
    39.5,
    42.39,
    44.27,
    42.99,
    43.99,
    42.91,
    46.23,
    44.77,
    42.09,
    44.17,
    43.34,
    47.25,
    47.33,
    42.79,
    46.31,
    46.75,
    47.97,
    46.16,
    47.91,
    47.71,
    48.76,
    47.67,
    47.02,
    49.96,
    48.82,
    51.04,
    50.5,
    50.56,
    50.63,
    47.42,
    51.03,
    51.11,
    50.7,
    50.0,
    51.43,
    51.08,
    52.23,
    52.94,
    53.21,
    54.26,
    52.72,
    54.33,
    53.31,
    54.88,
    54.32,
    54.56,
    55.48,
    54.96,
    56.24,
    56.28,
    56.76,
    57.51,
    56.52,
    55.44,
    57.19,
    56.92,
    57.7,
    57.64,
    57.93,
    57.78,
    57.82,
    58.65,
    58.93,
    58.64,
    58.37,
    58.65,
    58.63,
    58.89,
    58.87,
    58.7,
    59.14,
    59.12,
    59.1,
    58.98,
    59.02,
    58.99
  ],