{
  "train_loss": [
    4.390050154876709,
    4.285997088012695,
    4.275354892272949,
    4.276717991638184,
    4.249739529571533,
    4.215179780578613,
    4.181413430786133,
    4.152128902893066,
    4.130361589813233,
    4.110973162536621,
    4.093796838226319,
    4.0800042866516115,
    4.067907124557495,
    4.05284518737793,
    4.0383205894470215,
    4.033446659927368,
    4.02448729019165,
    4.014329767150879,
    4.003067323150635,
    3.9922999424743653,
    3.9839102157592774,
    3.9759385330200194,
    3.9663374112701417,
    3.9646815030670166,
    3.954692443847656,
    3.9429316539764403,
    3.9325405194091796,
    3.9219904459381105,
    3.916138358383179,
    3.900125848236084,
    3.8970491368865967,
    3.883221783294678,
    3.8792442765808106,
    3.8666832919311522,
    3.8520734399414063,
    3.8428238807678223,
    3.840706087875366,
    3.82644773727417,
    3.8178762338256838,
    3.8111771836090087,
    3.8044446598815918,
    3.7945347200012205,
    3.787669455871582,
    3.7809144498443605,
    3.7792370505523682,
    3.7710710202789306,
    3.763961395111084,
    3.7679943689727784,
    3.7634166925811767,
    3.765809663848877
  ],
  "train_acc": [
    4.266,
    5.754,
    5.978,
    6.194,
    6.448,
    6.918,
    7.318,
    7.618,
    8.15,
    8.438,
    8.626,
    8.822,
    9.16,
    9.15,
    9.554,
    9.694,
    9.712,
    9.928,
    9.878,
    10.116,
    10.342,
    10.44,
    10.408,
    10.628,
    10.764,
    11.06,
    11.128,
    11.33,
    11.488,
    11.712,
    12.03,
    12.262,
    12.042,
    12.514,
    12.83,
    12.68,
    13.278,
    13.176,
    13.508,
    13.68,
    13.646,
    14.158,
    14.19,
    14.348,
    14.234,
    14.316,
    14.732,
    14.704,
    14.88,
    14.85
  ],
  "train_acc5": [
    16.718,
    21.34,
    22.032,
    22.42,
    23.61,
    24.462,
    25.892,
    26.906,
    27.642,
    28.332,
    29.008,
    29.58,
    30.132,
    30.498,
    31.194,
    31.424,
    31.672,
    32.26,
    32.554,
    33.12,
    33.544,
    33.854,
    33.984,
    34.062,
    34.686,
    34.942,
    35.374,
    35.752,
    35.85,
    36.85,
    36.592,
    37.36,
    37.604,
    38.006,
    38.552,
    39.126,
    39.266,
    39.684,
    39.988,
    40.224,
    40.41,
    40.97,
    41.67,
    41.634,
    41.59,
    42.096,
    42.144,
    42.102,
    42.592,
    42.34
  ],
  "test_loss": [
    4.243814255523682,
    4.203234899902344,
    4.137379485702515,
    4.084525961685181,
    4.110054393386841,
    4.062050203704834,
    4.19640252532959,
    4.038535991668701,
    3.9650891296386717,
    4.155603448486328,
    3.935001570892334,
    3.8099977851867677,
    3.8745565208435058,
    3.8712425003051756,
    3.7981887016296385,
    3.849856784057617,
    3.791351294708252,
    3.721126156616211,
    3.7774477310180665,
    3.776247699737549,
    3.7116542503356933,
    3.7055679649353026,
    3.747482106399536,
    3.6978450588226317,
    3.7865852294921876,
    3.6880158718109133,
    3.612344758605957,
    3.7719037216186524,
    3.646389117050171,
    3.6062841621398927,
    3.5968382289886476,
    3.5960913963317873,
    3.5983484756469726,
    3.5694867839813234,
    3.600805348968506,
    3.5276375396728517,
    3.57809146232605,
    3.511032356643677,
    3.529067384338379,
    3.503787180328369,
    3.5553261512756347,
    3.4710893371582032,
    3.485555303955078,
    3.4454517265319824,
    3.44904716796875,
    3.4629334129333498,
    3.4632285076141356,
    3.44368829498291,
    3.448888891983032,
    3.4486445568084716
  ],
  "test_acc": [
    6.38,
    6.29,
    7.39,
    8.06,
    8.17,
    7.92,
    6.75,
    8.14,
    9.24,
    8.49,
    9.23,
    11.33,
    9.67,
    10.75,
    12.25,
    11.32,
    11.4,
    12.75,
    12.56,
    12.31,
    13.38,
    12.93,
    11.54,
    12.88,
    11.8,
    12.93,
    14.41,
    12.05,
    13.62,
    14.49,
    15.04,
    14.99,
    14.8,
    15.32,
    14.45,
    16.48,
    14.98,
    15.67,
    15.78,
    16.69,
    15.22,
    16.86,
    16.71,
    17.72,
    17.44,
    17.23,
    17.2,
    17.67,
    17.53,
    17.74
  ],
  "test_acc5": [
    22.47,
    22.46,
    26.18,
    28.0,
    28.0,
    29.09,
    24.62,
    28.32,
    31.11,
    28.63,
    32.11,
    36.61,
    33.7,
    35.07,
    36.63,
    34.32,
    36.99,
    40.32,
    38.96,
    38.49,
    39.71,
    40.5,
    38.62,
    40.81,
    37.08,
    40.78,
    43.31,
    37.81,
    42.11,
    43.61,
    44.8,
    45.1,
    44.35,
    44.97,
    43.6,
    46.97,
    45.12,
    47.07,
    46.5,
    48.05,
    45.83,
    49.09,
    48.11,
    50.2,
    49.69,
    49.07,
    49.3,
    50.14,
    49.83,
    49.96
  ],
  "lr": [
    0.001,
    0.0009990133642141358,
    0.000996057350657239,
    0.0009911436253643444,
    0.0009842915805643156,
    0.0009755282581475769,
    0.0009648882429441258,
    0.0009524135262330099,
    0.0009381533400219318,
    0.0009221639627510075,
    0.0009045084971874736,
    0.0008852566213878945,
    0.0008644843137107056,
    0.0008422735529643443,
    0.0008187119948743448,
    0.0007938926261462366,
    0.0007679133974894982,
    0.0007408768370508576,
    0.0007128896457825362,
    0.0006840622763423389,
    0.0006545084971874735,
    0.0006243449435824271,
    0.0005936906572928622,
    0.000562666616782152,
    0.0005313952597646566,
    0.0004999999999999998,
    0.00046860474023534314,
    0.00043733338321784774,
    0.00040630934270713756,
    0.00037565505641757246,
    0.00034549150281252633,
    0.00031593772365766105,
    0.00028711035421746355,
    0.0002591231629491422,
    0.00023208660251050145,
    0.00020610737385376337,
    0.00018128800512565502,
    0.00015772644703565555,
    0.00013551568628929425,
    0.00011474337861210535,
    9.549150281252626e-05,
    7.783603724899252e-05,
    6.184665997806817e-05,
    4.7586473766990294e-05,
    3.5111757055874305e-05,
    2.4471741852423218e-05,
    1.5708419435684507e-05,
    8.856374635655634e-06,
    3.942649342761115e-06,
    9.866357858642198e-07
  ],
  "epoch_time": [
    15.253811836242676,
    10.078324317932129,
    10.129302263259888,
    10.095390319824219,
    10.119216918945312,
    10.132916927337646,
    10.137612342834473,
    10.093110084533691,
    10.108302593231201,
    10.07123851776123,
    10.106566190719604,
    10.13174057006836,
    10.107600212097168,
    10.11277437210083,
    10.076637983322144,
    10.125216245651245,
    10.11411166191101,
    10.10878038406372,
    10.112425565719604,
    10.100489854812622,
    10.105533123016357,
    10.099917888641357,
    10.108441591262817,
    10.117634534835815,
    10.11788034439087,
    10.059041261672974,
    10.119858980178833,
    10.123818159103394,
    10.11815857887268,
    10.0867600440979,
    10.110059261322021,
    10.12197232246399,
    10.113290548324585,
    10.119202613830566,
    10.114135980606079,
    10.101496458053589,
    10.115782976150513,
    10.10500693321228,
    10.059491872787476,
    10.083183526992798,
    10.082056760787964,
    10.061547994613647,
    10.067466020584106,
    10.061425685882568,
    10.1074960231781,
    10.122041702270508,
    10.126231908798218,
    10.103776693344116,
    10.110607385635376,
    10.119584083557129
  ]
}