{
  "train_loss": [
    2.2126980267715455,
    1.591637532043457,
    1.3996052074813843,
    1.2390767264175415,
    1.1169947765922545,
    1.0448062526702881,
    0.9809188926696777,
    0.9272768292236329,
    0.8915164962387085,
    0.8638585415458679,
    0.8435586994552612,
    0.8137144247245789,
    0.7997194323539734,
    0.7917551230049134,
    0.7714519687271119,
    0.758693825340271,
    0.750588203086853,
    0.7307139888572692,
    0.7369204281616211,
    0.722409331073761,
    0.7087863585281372,
    0.6992971227645874,
    0.6954529419708252,
    0.684637907371521,
    0.6823992079353333,
    0.6755559412002563,
    0.6640428239059448,
    0.6650922713851929,
    0.6557303503799439,
    0.6473211151313781,
    0.6453190913963318,
    0.6403684797286987,
    0.6281366310310363,
    0.6227916582107544,
    0.6175950108528138,
    0.6106116723251342,
    0.6098487357711792,
    0.6002655475234986,
    0.5969708379554749,
    0.5877559270095826,
    0.5822412576675415,
    0.5722390261650085,
    0.5674573292732239,
    0.5626891091537476,
    0.5539261448287964,
    0.544765893611908,
    0.5440072913742066,
    0.5355319247817993,
    0.5249947261619567,
    0.5206174139022827,
    0.5151992978858948,
    0.5087263508224488,
    0.5051510742950439,
    0.4908412758731842,
    0.4843693257331848,
    0.4819140366363525,
    0.4714175352478027,
    0.45697016571044924,
    0.455450120677948,
    0.44729629469871524,
    0.43617097219467166,
    0.4207972696304321,
    0.4150550394439697,
    0.4130444089126587,
    0.40128619386672976,
    0.3903998146533966,
    0.381180269985199,
    0.36966954308509825,
    0.35974512660026553,
    0.3530266783428192,
    0.3369281897544861,
    0.328372550907135,
    0.31884219898223876,
    0.30557411747932434,
    0.29299519066333773,
    0.28577704957962036,
    0.26722132088661193,
    0.2638754691839218,
    0.24527577261924743,
    0.2347030787563324,
    0.22229572994232177,
    0.2125574442577362,
    0.19459685405254365,
    0.18876819665908814,
    0.17320064195632934,
    0.16178786298751832,
    0.15101600534439086,
    0.13614225598096846,
    0.12551240455150603,
    0.11672521729707717,
    0.11109933325529099,
    0.09937079638004304,
    0.09254838467597962,
    0.08673399952888489,
    0.08314191501617432,
    0.0811119917678833,
    0.07615625670433045,
    0.07403098675012589,
    0.07348253617048263,
    0.0727201612329483
  ],
  "train_acc": [
    26.256,
    40.866,
    49.038,
    55.496,
    60.27,
    63.08,
    65.594,
    67.568,
    68.97,
    70.108,
    70.926,
    72.104,
    72.43,
    72.722,
    73.434,
    73.964,
    74.204,
    75.018,
    74.924,
    75.24,
    75.656,
    76.06,
    76.282,
    76.62,
    76.74,
    76.748,
    76.986,
    77.208,
    77.552,
    77.688,
    77.858,
    78.16,
    78.624,
    78.594,
    78.952,
    79.092,
    79.228,
    79.59,
    79.654,
    79.844,
    79.914,
    80.504,
    80.57,
    80.778,
    81.02,
    81.362,
    81.396,
    81.726,
    81.922,
    82.132,
    82.282,
    82.656,
    82.62,
    83.134,
    83.252,
    83.4,
    83.74,
    84.124,
    84.376,
    84.542,
    85.016,
    85.572,
    85.846,
    85.786,
    86.402,
    86.502,
    86.846,
    87.182,
    87.702,
    87.872,
    88.276,
    88.68,
    88.846,
    89.508,
    89.736,
    90.098,
    90.68,
    90.878,
    91.438,
    91.796,
    92.214,
    92.72,
    93.232,
    93.462,
    93.902,
    94.346,
    94.81,
    95.356,
    95.686,
    95.984,
    96.188,
    96.642,
    96.694,
    97.068,
    97.226,
    97.264,
    97.476,
    97.616,
    97.578,
    97.576
  ],
  "test_loss": [
    1.6383015844345092,
    1.4086631303787231,
    1.2808059988021852,
    1.159091999912262,
    1.0544897660255432,
    1.0226333993911743,
    1.0167498315811156,
    0.9320205149650573,
    0.9357324069023132,
    0.9213320890426636,
    0.8437327991485596,
    0.8912620295524597,
    0.9679163195610047,
    0.8684557772159577,
    0.7701294544696808,
    0.8140373463153839,
    0.7835332866668702,
    0.7967932321071625,
    0.8580985728263855,
    0.7808951112747192,
    0.7192188913345336,
    0.849783931350708,
    0.7216699514389038,
    0.6581232936382294,
    0.9202564520835876,
    0.7072473938941956,
    0.8044610023975373,
    0.7108559911727905,
    0.773838119316101,
    0.7378995494365692,
    0.8129256295204162,
    0.7122511354923249,
    0.6718527961730957,
    0.6442845673084259,
    0.7080729818820953,
    0.6735950940132142,
    0.6959996344566345,
    0.7305950110435486,
    0.7333222461700439,
    0.6415777591705323,
    0.7101264848709107,
    0.6621310143470764,
    0.6634593612194061,
    0.6897818131446838,
    0.6205634111881256,
    0.6418479545593262,
    0.6468087571620941,
    0.629271295928955,
    0.6378843276023864,
    0.6664273966789246,
    0.7059645206928253,
    0.6097499527931214,
    0.6100522228240967,
    0.622040013217926,
    0.5832105028152466,
    0.5587163611412048,
    0.5668336588859558,
    0.5536173267841339,
    0.5230367403507232,
    0.5995792467117309,
    0.6077428268432618,
    0.5770549133777618,
    0.6111609467029572,
    0.5320365082502365,
    0.5347616755485535,
    0.5195276658535004,
    0.5060578086853027,
    0.5167493272304535,
    0.5621447819709778,
    0.510442972946167,
    0.49889737586975097,
    0.5017748837709427,
    0.5059960933208466,
    0.46506889591217043,
    0.47787156143188475,
    0.488268075799942,
    0.4669531388282776,
    0.4627810688972473,
    0.482036665725708,
    0.4452128412723541,
    0.4472715137481689,
    0.46058327674865723,
    0.4380931212425232,
    0.44468788464069364,
    0.4526363936424255,
    0.45006861362457273,
    0.44047297735214236,
    0.43809026613235474,
    0.43909721760749815,
    0.4355686561346054,
    0.4401344537734985,
    0.43921695404052735,
    0.4370058173775673,
    0.4291880080342293,
    0.43909344563484193,
    0.4379122911930084,
    0.43677262451648713,
    0.4409138939142227,
    0.43815454046726227,
    0.43711033433675767
  ],
  "test_acc": [
    38.47,
    47.9,
    53.03,
    58.92,
    63.13,
    63.8,
    63.83,
    68.18,
    68.09,
    68.07,
    71.11,
    69.71,
    66.79,
    70.55,
    73.46,
    71.86,
    72.81,
    73.21,
    71.45,
    73.65,
    75.51,
    71.33,
    75.57,
    77.37,
    69.58,
    75.78,
    72.92,
    75.83,
    72.87,
    75.27,
    72.68,
    75.83,
    77.31,
    78.29,
    76.06,
    77.37,
    76.44,
    75.65,
    75.11,
    78.4,
    76.22,
    77.78,
    77.93,
    76.65,
    79.29,
    78.31,
    78.43,
    78.59,
    78.92,
    77.74,
    76.23,
    79.64,
    79.33,
    79.09,
    79.95,
    81.31,
    80.83,
    81.19,
    82.41,
    79.92,
    79.8,
    81.12,
    79.83,
    82.41,
    82.09,
    82.95,
    83.02,
    82.94,
    82.0,
    83.08,
    83.67,
    83.37,
    83.11,
    84.89,
    84.41,
    84.16,
    84.82,
    84.79,
    84.68,
    85.71,
    85.74,
    85.68,
    86.07,
    86.01,
    86.39,
    86.06,
    86.92,
    86.89,
    87.15,
    87.3,
    87.42,
    87.37,
    87.4,
    87.67,
    87.47,
    87.5,
    87.6,
    87.37,
    87.64,
    87.63
  ],