{
  "train_loss": [
    2.1499713497543333,
    1.5366382453536986,
    1.3433511518096923,
    1.2044407836151123,
    1.0912388191604614,
    1.0136858389663697,
    0.9557699518013001,
    0.9153646838760376,
    0.8718356324958801,
    0.8379318106269836,
    0.8142088088798523,
    0.7972792419815063,
    0.7888892949676514,
    0.7688211127090454,
    0.7531183598709107,
    0.7452348457145691,
    0.7345142840194702,
    0.7295773000335694,
    0.7206386788749695,
    0.7074582266807556,
    0.7017896322250367,
    0.6926275713157654,
    0.6822200526618958,
    0.6786977628707885,
    0.6777136108779908,
    0.6676891184425354,
    0.6680705501556397,
    0.6557935837936402,
    0.6451998628234863,
    0.6438936950874329,
    0.6329680261611939,
    0.6343863528633118,
    0.6287747689819336,
    0.6145463570213318,
    0.6151311814880371,
    0.6142276473999023,
    0.5954044207000733,
    0.5962786612224579,
    0.5882843168258667,
    0.5714154067420959,
    0.5767563460540771,
    0.574528684501648,
    0.563408594045639,
    0.5627859120941162,
    0.5507235675239563,
    0.5436266946792603,
    0.5370579213523865,
    0.5337992226600647,
    0.5187841030502319,
    0.518452321357727,
    0.5200281288337707,
    0.5054833542251587,
    0.49909548195838926,
    0.4903217569923401,
    0.4805163125705719,
    0.4733388409233093,
    0.46088792308807375,
    0.4600511162376404,
    0.45153212202072146,
    0.4412206542778015,
    0.4296903402137756,
    0.41839440289497376,
    0.41173234308242795,
    0.40603506558418273,
    0.397979693813324,
    0.3852527424812317,
    0.3730628335094452,
    0.3652381476402283,
    0.3598321690940857,
    0.3427506598472595,
    0.3359425285053253,
    0.32506176191329955,
    0.31217976861000063,
    0.3048202356338501,
    0.2950813349723816,
    0.28121098836898806,
    0.26805610136032104,
    0.25381528389930724,
    0.24763871467828752,
    0.2342838828086853,
    0.2156884719657898,
    0.20663505542993546,
    0.19865805210113524,
    0.1810051554775238,
    0.16916107245445253,
    0.15483325325012207,
    0.15036646753311156,
    0.1375315823364258,
    0.1275247490119934,
    0.11706112127304077,
    0.10767959557533265,
    0.10048265553712844,
    0.09183842203617096,
    0.08874391597032547,
    0.0816710930132866,
    0.08019666914701462,
    0.07756554128170014,
    0.07572569055318833,
    0.07277667430400848,
    0.07130944768190384
  ],
  "train_acc": [
    28.56,
    43.238,
    51.24,
    56.81,
    60.998,
    64.472,
    66.62,
    68.252,
    69.498,
    71.106,
    71.816,
    72.338,
    72.666,
    73.448,
    74.082,
    74.37,
    74.828,
    74.798,
    74.92,
    75.672,
    75.956,
    76.124,
    76.53,
    76.592,
    76.788,
    77.05,
    76.98,
    77.492,
    77.768,
    77.754,
    78.33,
    78.208,
    78.29,
    79.004,
    78.846,
    78.838,
    79.504,
    79.66,
    79.848,
    80.264,
    80.164,
    79.986,
    80.79,
    80.518,
    81.024,
    81.45,
    81.572,
    81.638,
    82.014,
    82.324,
    82.108,
    82.544,
    82.872,
    83.13,
    83.446,
    83.626,
    84.146,
    84.18,
    84.224,
    84.69,
    85.192,
    85.398,
    85.722,
    85.754,
    86.136,
    86.438,
    87.038,
    87.468,
    87.532,
    88.058,
    88.27,
    88.716,
    89.168,
    89.344,
    89.712,
    90.19,
    90.716,
    91.126,
    91.264,
    91.962,
    92.458,
    92.77,
    93.01,
    93.754,
    94.166,
    94.676,
    94.83,
    95.15,
    95.574,
    95.926,
    96.332,
    96.572,
    96.904,
    96.98,
    97.26,
    97.316,
    97.416,
    97.536,
    97.59,
    97.574
  ],
  "test_loss": [
    1.5797885063171386,
    1.407619276046753,
    1.1583544080734254,
    1.1313276814460755,
    1.1314050254821777,
    1.1996390356063842,
    1.0248339759826661,
    0.882591716337204,
    0.8711773251533508,
    0.909558447265625,
    0.8064019888877869,
    0.9168284446716308,
    0.8096457805633545,
    0.882564650774002,
    0.7689538245201111,
    0.7832289840698242,
    0.8360359348773956,
    0.8630270937919616,
    0.7767367309570312,
    0.8175966129779816,
    0.7870566443443299,
    0.8559140139579773,
    0.7197287289619446,
    0.8159272165298462,
    0.7912850456237793,
    0.7703051856517792,
    0.7953681526184082,
    0.6516385086059571,
    0.7151208969116211,
    0.7108458379745484,
    0.7630955161094666,
    0.7329203338623047,
    0.7309111754417419,
    0.720949701499939,
    0.6523977746963501,
    0.6841516967773438,
    0.6405239815711975,
    0.6434292627334595,
    0.662881548166275,
    0.6494564083099366,
    0.6849817794799805,
    0.7282323413848877,
    0.7707066424369812,
    0.6230544288635254,
    0.6351590887546539,
    0.6155842296123505,
    0.5865279086112976,
    0.6885162208557128,
    0.6169267852783203,
    0.643215889787674,
    0.6124065091133117,
    0.6140972143173218,
    0.6321950866699219,
    0.5868153707504272,
    0.5991330508232117,
    0.5666063333511353,
    0.6263015317440033,
    0.6105076564788818,
    0.5386236309051514,
    0.5125580262184143,
    0.5369978057265282,
    0.5361724273681641,
    0.5299291043281555,
    0.5174858847141266,
    0.5193246506690979,
    0.49793109340667724,
    0.5088623157501221,
    0.5276884658813477,
    0.48961556692123415,
    0.5185659091472625,
    0.46655157465934755,
    0.47332543716430664,
    0.48948109283447266,
    0.48607376022338866,
    0.4805459955215454,
    0.47480934619903564,
    0.47506462259292603,
    0.4572971838951111,
    0.4718780776977539,
    0.43909581727981567,
    0.4474489893913269,
    0.4500793796539307,
    0.4474115475654602,
    0.46245973014831543,
    0.4477496558189392,
    0.44701548686027526,
    0.4453992582321167,
    0.435103045463562,
    0.4432779638290405,
    0.4414102299690247,
    0.4376836787700653,
    0.4428594807624817,
    0.44038271341323854,
    0.4408191222429276,
    0.44415268630981447,
    0.44207525968551636,
    0.44338590302467346,
    0.4418487759590149,
    0.43841490626335144,
    0.43958722052574156
  ],
  "test_acc": [
    40.44,
    48.27,
    58.47,
    60.29,
    60.55,
    62.2,
    64.91,
    69.07,
    69.8,
    68.6,
    71.82,
    69.18,
    71.79,
    70.48,
    73.75,
    72.73,
    71.86,
    70.56,
    73.68,
    72.21,
    73.28,
    71.45,
    75.4,
    72.87,
    72.52,
    74.2,
    72.83,
    78.04,
    75.99,
    76.31,
    74.61,
    74.87,
    74.97,
    75.69,
    77.44,
    77.02,
    78.53,
    77.32,
    77.5,
    78.03,
    77.09,
    75.64,
    74.89,
    78.08,
    78.53,
    79.02,
    80.01,
    76.92,
    79.09,
    78.11,
    79.15,
    79.23,
    78.08,
    80.39,
    80.14,
    80.91,
    79.01,
    79.57,
    81.87,
    82.43,
    82.18,
    82.1,
    82.34,
    82.62,
    82.38,
    83.69,
    82.75,
    82.64,
    83.74,
    82.73,
    84.67,
    84.38,
    83.83,
    84.04,
    84.17,
    84.42,
    84.66,
    85.18,
    84.98,
    85.8,
    85.68,
    85.99,
    85.78,
    85.89,
    86.08,
    86.36,
    86.62,
    87.07,
    86.9,
    87.23,
    87.45,
    87.38,
    87.54,
    87.38,
    87.57,
    87.63,
    87.69,
    87.86,
    87.94,
    87.88
  ],