{
  "train_loss": [
    4.316893819427491,
    3.9719084284210204,
    3.6844293825531005,
    3.4687237970733644,
    3.310937285385132,
    3.1894263582611084,
    3.078038760147095,
    2.9991117794799806,
    2.9195165963745118,
    2.8570699618530275,
    2.8045610820007325,
    2.7522183853149413,
    2.703587700881958,
    2.665699763031006,
    2.6251660738372804,
    2.594763819580078,
    2.5614019510650636,
    2.5266398268127443,
    2.4947249996948244,
    2.4857182553100587,
    2.449579242706299,
    2.4353899866485595,
    2.4106219017028807,
    2.378889630279541,
    2.365573075942993,
    2.353932643661499,
    2.326045248184204,
    2.31375528717041,
    2.2992411206054686,
    2.2790138694000244,
    2.2699310971069337,
    2.2523410230255125,
    2.2319292394256594,
    2.228787670288086,
    2.2117823247528077,
    2.1997108560180663,
    2.1834371967315676,
    2.1701237755584715,
    2.1597571980285646,
    2.1481173944091796,
    2.137666037750244,
    2.1247366906738283,
    2.117866682434082,
    2.1045455507659914,
    2.0907262718200683,
    2.0868526319885254,
    2.069048723678589,
    2.0676697441101073,
    2.068074031982422,
    2.05090148147583,
    2.0370265578079225,
    2.03437537109375,
    2.0258735480499266,
    2.0114610111999514,
    2.0094190770721436,
    2.005422535247803,
    2.00158888381958,
    1.990082135925293,
    1.9799307978820802,
    1.9697372534179687,
    1.9691340830230712,
    1.9640322785186768,
    1.9647205213928223,
    1.9503186599731446,
    1.9462167784500122,
    1.9372094418334962,
    1.9372981144714356,
    1.922093370666504,
    1.9212131535339356,
    1.918597802772522,
    1.910975905456543,
    1.9023521756744384,
    1.9016894163513183,
    1.895777541809082,
    1.894027695274353,
    1.8858293530273438,
    1.88118537109375,
    1.8813958166503906,
    1.879081731109619,
    1.8782368370819091,
    1.8672413190460204,
    1.8679180339050292,
    1.8649599800491332,
    1.868682679977417,
    1.8602963314056395,
    1.8564435554504395,
    1.8513661845397948,
    1.8626603733825684,
    1.8538596489715575,
    1.846517156829834,
    1.8518812100982667,
    1.8476071530914306,
    1.843033766746521,
    1.8419915494155883,
    1.8460275936126709,
    1.8470925570678711,
    1.8442182836914063,
    1.84407604347229,
    1.8413454696273803,
    1.8470997329711913
  ],
  "train_acc": [
    5.506,
    11.456,
    17.198,
    21.816,
    26.158,
    29.316,
    32.048,
    33.978,
    36.462,
    37.886,
    39.388,
    41.084,
    42.334,
    43.36,
    44.504,
    45.416,
    46.362,
    47.058,
    48.508,
    48.57,
    49.756,
    49.926,
    50.534,
    51.706,
    52.084,
    52.434,
    53.346,
    53.838,
    54.098,
    54.776,
    55.3,
    55.672,
    56.282,
    56.388,
    56.704,
    57.32,
    57.756,
    58.388,
    58.268,
    58.868,
    58.876,
    59.452,
    59.898,
    60.242,
    60.48,
    60.474,
    61.258,
    61.24,
    61.194,
    61.916,
    62.222,
    62.174,
    62.432,
    63.158,
    63.318,
    63.366,
    63.344,
    64.024,
    64.262,
    64.352,
    64.442,
    64.646,
    64.824,
    64.986,
    65.37,
    65.628,
    65.454,
    66.17,
    66.16,
    66.152,
    66.336,
    66.582,
    66.908,
    66.898,
    67.02,
    67.268,
    67.52,
    67.634,
    67.362,
    67.554,
    68.024,
    67.852,
    68.016,
    67.838,
    68.004,
    68.236,
    68.256,
    68.204,
    68.544,
    68.604,
    68.356,
    68.466,
    68.558,
    68.692,
    68.66,
    68.426,
    68.662,
    68.806,
    68.62,
    68.726
  ],
  "train_acc5": [
    19.582,
    33.322,
    43.6,
    50.584,
    55.6,
    59.468,
    62.53,
    64.584,
    66.916,
    68.786,
    70.016,
    71.086,
    72.454,
    73.378,
    74.27,
    74.98,
    75.754,
    76.598,
    77.214,
    77.232,
    78.302,
    78.75,
    79.364,
    79.976,
    80.064,
    80.408,
    80.938,
    81.178,
    81.438,
    81.82,
    82.294,
    82.486,
    83.04,
    82.768,
    83.192,
    83.508,
    83.836,
    83.986,
    84.316,
    84.536,
    84.798,
    85.13,
    85.108,
    85.368,
    85.802,
    85.716,
    86.086,
    86.064,
    86.042,
    86.4,
    86.712,
    86.702,
    86.992,
    86.954,
    87.044,
    87.332,
    87.246,
    87.362,
    87.688,
    87.778,
    87.94,
    87.83,
    87.902,
    88.218,
    88.25,
    88.524,
    88.322,
    88.738,
    88.582,
    88.644,
    88.958,
    89.228,
    89.046,
    89.298,
    89.19,
    89.324,
    89.572,
    89.366,
    89.602,
    89.272,
    89.674,
    89.628,
    89.634,
    89.758,
    89.792,
    89.858,
    89.994,
    89.548,
    89.878,
    90.05,
    89.938,
    89.964,
    89.822,
    89.988,
    89.928,
    90.12,
    90.06,
    90.144,
    90.18,
    90.092
  ],
  "test_loss": [
    4.023316463851929,
    3.8185179843902586,
    3.330735767364502,
    2.98734997253418,
    2.9542471450805663,
    2.8933269187927246,
    2.785836050796509,
    2.6281982597351075,
    2.4978241409301756,
    2.4633241081237793,
    2.384847259902954,
    2.447514414215088,
    2.3380498050689695,
    2.280211122894287,
    2.2382966430664064,
    2.2703774877548217,
    2.2052129470825195,
    2.14955521774292,
    2.142716216278076,
    2.1166296489715575,
    2.0701598989486696,
    2.071920301246643,
    2.0587019912719726,
    2.0264886505126953,
    2.0209242698669434,
    1.9991179084777833,
    1.9764052249908448,
    1.9720542947769164,
    1.9819100522994995,
    1.962405013847351,
    1.9401364753723145,
    1.9266836261749267,
    1.9182358257293701,
    1.9188098918914795,
    1.9000998615264892,
    1.8944671981811523,
    1.8954641220092774,
    1.872790378189087,
    1.8939457885742188,
    1.88334912109375,
    1.872426918411255,
    1.8440781154632568,
    1.8522383262634277,
    1.8357299278259278,
    1.8427613410949708,
    1.8337007829666139,
    1.823767357635498,
    1.821414694595337,
    1.813242888069153,
    1.8033556522369385,
    1.7905095767974855,
    1.796162131500244,
    1.8007663343429565,
    1.7839019262313842,
    1.7822928743362427,
    1.7882477096557616,
    1.7880461616516112,
    1.7812752824783324,
    1.7865833786010743,
    1.7714979209899901,
    1.78556164188385,
    1.7636649711608887,
    1.7575373119354247,
    1.7694996463775634,
    1.7501449087142944,
    1.7463005178451538,
    1.7480341997146607,
    1.7462613021850586,
    1.7625916046142578,
    1.74560486869812,
    1.7469056179046631,
    1.736818025779724,
    1.734676473236084,
    1.7372871360778808,
    1.7349277103424072,
    1.736746625328064,
    1.7268161804199218,
    1.7281767372131347,
    1.7299313430786132,
    1.7289254907608032,
    1.723040135383606,
    1.7248049865722657,
    1.7193092849731446,
    1.7244103353500366,
    1.7234344715118408,
    1.7249425172805786,
    1.7192090473175048,
    1.7220727851867677,
    1.7189507740020753,
    1.7200135055541992,
    1.7192692985534668,
    1.7184382568359375,
    1.7193421031951903,
    1.7174770545959472,
    1.716066915512085,
    1.7213713621139526,
    1.717686936187744,
    1.714664853668213,
    1.7182001529693605,
    1.7171061487197876
  ],