{
  "train_loss": [
    2.1060476889038084,
    1.939158265914917,
    1.8511276733398438,
    1.7942806786727905,
    1.7525843213653565,
    1.7185824172973634,
    1.689837061843872,
    1.6614747957611085,
    1.6381136889648438,
    1.6224118694686889,
    1.5988410924911498,
    1.5815127984237671,
    1.5677449212265016,
    1.5542615451812745,
    1.5378691927719117,
    1.5222818436431884,
    1.5089452243423462,
    1.4961062957382203,
    1.47953034324646,
    1.463827267112732,
    1.4481901536560058,
    1.4410768319702147,
    1.4207881954574586,
    1.4013959383392334,
    1.3870206130981446,
    1.3706014789581298,
    1.3548593041229249,
    1.3411063250732422,
    1.321854317855835,
    1.3043941956710816,
    1.2856137395477294,
    1.2629893312072753,
    1.2519395645141602,
    1.23621039894104,
    1.2156142234039307,
    1.2024089474868775,
    1.1920942819595337,
    1.1736604662322998,
    1.1524374987030028,
    1.146492978553772,
    1.1341695950698854,
    1.117029492225647,
    1.1127416519165039,
    1.1023547019195556,
    1.0994998672485352,
    1.0952245199203492,
    1.088188009223938,
    1.0832134061050416,
    1.0874311814117432,
    1.0798238642120361
  ],
  "train_acc": [
    26.022,
    34.734,
    39.582,
    42.76,
    44.976,
    46.586,
    48.204,
    49.454,
    50.686,
    51.532,
    52.548,
    53.264,
    53.926,
    54.412,
    55.124,
    55.714,
    56.176,
    56.548,
    57.176,
    57.78,
    58.162,
    58.248,
    58.96,
    59.632,
    59.902,
    60.27,
    60.654,
    60.998,
    61.582,
    62.022,
    62.332,
    63.002,
    63.074,
    63.412,
    64.002,
    64.394,
    64.638,
    65.022,
    65.472,
    65.71,
    65.918,
    66.452,
    66.548,
    66.692,
    66.802,
    66.942,
    67.022,
    67.254,
    67.244,
    67.446
  ],
  "test_loss": [
    1.5737919052124023,
    1.4430845138549804,
    1.3182181838989258,
    1.2437720447540284,
    1.1651464012145996,
    1.1470432348251343,
    1.1171734241485596,
    1.078605316066742,
    1.025760684299469,
    0.9968010312080383,
    1.0080229251861572,
    0.9862285078048706,
    0.9690002559661866,
    0.9774338799476624,
    0.9652896984100342,
    0.9347801973342895,
    0.9234355485916138,
    0.9391001029014587,
    0.9324232857704162,
    0.9099973699569702,
    0.9215211188316346,
    0.9282999033927918,
    0.9077501930236817,
    0.8918224815368653,
    0.9021262126922608,
    0.9023913225173951,
    0.9299680375099182,
    0.9151149509429931,
    0.9052526388168335,
    0.9292286626815796,
    0.9329950033187866,
    0.9208323642730712,
    0.9372233149528504,
    0.9468373369216919,
    0.944116271686554,
    0.9638499785423279,
    0.9840415533065796,
    0.987979489994049,
    0.9981690058708191,
    0.9901023480415344,
    0.9983576691627503,
    1.0017579654693602,
    1.0163911893844604,
    1.0163649899482727,
    1.0116210024833678,
    1.018354281616211,
    1.019373726940155,
    1.0215562165260315,
    1.0162662935256959,
    1.017504683303833
  ],
  "test_acc": [
    45.29,
    53.04,
    58.77,
    61.89,
    64.5,
    66.18,
    67.15,
    69.37,
    71.11,
    71.82,
    72.69,
    73.52,
    73.83,
    73.18,
    74.07,
    74.5,
    74.77,
    75.17,
    75.19,
    75.95,
    75.18,
    75.4,
    75.6,
    75.84,
    75.94,
    75.44,
    74.97,
    74.84,
    75.34,
    74.97,
    74.36,
    74.99,
    74.79,
    74.35,
    74.31,
    73.39,
    73.32,
    73.07,
    72.71,
    73.06,
    72.9,
    72.74,
    72.17,
    71.97,
    71.99,
    72.02,
    71.88,
    71.86,
    72.02,
    72.26
  ],
  "learning_rate": [
    0.0001,
    9.990133642141359e-05,
    9.96057350657239e-05,
    9.911436253643444e-05,
    9.842915805643155e-05,
    9.755282581475769e-05,
    9.648882429441257e-05,
    9.524135262330098e-05,
    9.381533400219317e-05,
    9.221639627510075e-05,
    9.045084971874735e-05,
    8.852566213878945e-05,
    8.644843137107056e-05,
    8.422735529643442e-05,
    8.187119948743447e-05,
    7.938926261462366e-05,
    7.679133974894982e-05,
    7.408768370508575e-05,
    7.128896457825361e-05,
    6.840622763423389e-05,
    6.545084971874736e-05,
    6.243449435824272e-05,
    5.9369065729286224e-05,
    5.626666167821521e-05,
    5.3139525976465657e-05,
    4.999999999999998e-05,
    4.6860474023534314e-05,
    4.3733338321784775e-05,
    4.063093427071375e-05,
    3.756550564175724e-05,
    3.454915028125263e-05,
    3.1593772365766105e-05,
    2.8711035421746357e-05,
    2.591231629491422e-05,
    2.3208660251050148e-05,
    2.061073738537634e-05,
    1.8128800512565503e-05,
    1.5772644703565555e-05,
    1.3551568628929426e-05,
    1.1474337861210536e-05,
    9.549150281252626e-06,
    7.783603724899252e-06,
    6.184665997806817e-06,
    4.75864737669903e-06,
    3.5111757055874303e-06,
    2.4471741852423216e-06,
    1.5708419435684504e-06,
    8.856374635655631e-07,
    3.942649342761114e-07,
    9.866357858642197e-08
  ],
  "epoch_time": [
    4.829224109649658,
    4.4405035972595215,
    4.429797649383545,
    4.45433783531189,
    4.441100120544434,
    4.441855430603027,
    4.388195753097534,
    4.473639965057373,
    4.448490619659424,
    4.4246320724487305,
    4.492253541946411,
    4.380036354064941,
    4.363457441329956,
    4.411624193191528,
    4.358274221420288,
    4.456762075424194,
    4.408959627151489,
    4.465275287628174,
    11.795399904251099,
    4.397902727127075,
    4.384156703948975,
    4.4685893058776855,
    4.383472442626953,
    4.394518136978149,
    4.3938307762146,
    31.860347509384155,
    4.430823087692261,
    4.4111669063568115,
    4.40391731262207,
    4.401013374328613,
    4.406508922576904,
    4.433189392089844,
    4.386162996292114,
    4.347985506057739,
    4.411661148071289,
    4.350519895553589,
    4.41658091545105,
    4.406457185745239,
    4.410137414932251,
    4.366036415100098,
    4.383752107620239,
    4.435103893280029,
    4.433042049407959,
    4.385248422622681,
    4.501159429550171,
    4.474592447280884,
    4.415936231613159,
    4.362061023712158,
    4.396982669830322,
    4.414762020111084
  ]
}