{
  "train_loss": [
    4.3207558531188965,
    3.970362045288086,
    3.666907900390625,
    3.447145849151611,
    3.303473311004639,
    3.180876572189331,
    3.0824256591796875,
    3.003939957809448,
    2.9384329406738283,
    2.8712354708099364,
    2.8057611055755616,
    2.7677981811523438,
    2.725196075592041,
    2.678680397033691,
    2.6422184772491457,
    2.6010056229400633,
    2.569012769241333,
    2.543049222717285,
    2.514216534729004,
    2.4871655630493166,
    2.459924469604492,
    2.4358575046539306,
    2.4169030895996095,
    2.3937816011047364,
    2.373494133300781,
    2.3571196813964845,
    2.339315973815918,
    2.321175138244629,
    2.3050694845581057,
    2.2866894944763185,
    2.2752091954040528,
    2.260005710372925,
    2.2492780991363523,
    2.2365982608032224,
    2.2198835037231444,
    2.2054133501434325,
    2.1856538694763183,
    2.1766878717803957,
    2.1722596534729,
    2.1538579761505128,
    2.1436913255310057,
    2.1282372235107423,
    2.1343305045318606,
    2.115091982498169,
    2.1049345553207397,
    2.096620636444092,
    2.089995506591797,
    2.0760761307144167,
    2.068761922073364,
    2.0649880418396,
    2.05427271484375,
    2.0421325872039793,
    2.0326863778686524,
    2.0208844844818117,
    2.0192786751556397,
    2.0125921209716795,
    2.003650473251343,
    1.996459066543579,
    1.9849422605133056,
    1.9784785430145264,
    1.9770454664611816,
    1.9712642080688476,
    1.963226119995117,
    1.9572178583526612,
    1.9533642237091065,
    1.9519522151947022,
    1.9409690490722655,
    1.9259330828857422,
    1.924284328918457,
    1.9201033782196044,
    1.9090378862380981,
    1.9079489877319336,
    1.9115030899047851,
    1.8998189376068115,
    1.901242301979065,
    1.886362622833252,
    1.897519799118042,
    1.8784527852630615,
    1.881760541267395,
    1.8746430932235718,
    1.8758073039245606,
    1.8720509798049927,
    1.8722185513305665,
    1.8662758876800538,
    1.8658167491149902,
    1.8624453588104248,
    1.8550251976394654,
    1.855325566253662,
    1.8608216972351075,
    1.8466210068511963,
    1.854581826095581,
    1.84927136302948,
    1.8557132967758179,
    1.8500681203460694,
    1.851995820198059,
    1.8478343102264405,
    1.8461864311218261,
    1.84885601272583,
    1.848586905517578,
    1.8453054891204834
  ],
  "train_acc": [
    5.44,
    11.532,
    17.546,
    22.478,
    26.122,
    29.244,
    31.722,
    33.758,
    35.54,
    37.694,
    39.488,
    40.49,
    41.658,
    42.834,
    43.94,
    45.252,
    46.14,
    46.744,
    47.956,
    48.594,
    49.526,
    49.65,
    50.514,
    51.526,
    51.922,
    52.282,
    52.852,
    53.442,
    53.908,
    54.458,
    54.642,
    55.258,
    55.574,
    56.028,
    56.368,
    57.096,
    57.882,
    57.954,
    57.876,
    58.424,
    58.938,
    59.43,
    59.198,
    59.818,
    60.246,
    60.366,
    60.618,
    60.874,
    61.136,
    61.366,
    61.758,
    62.19,
    62.414,
    62.81,
    62.888,
    63.156,
    63.264,
    63.598,
    63.99,
    64.032,
    64.108,
    64.502,
    64.65,
    65.082,
    65.08,
    65.176,
    65.3,
    65.762,
    65.998,
    66.148,
    66.522,
    66.56,
    66.302,
    66.788,
    66.598,
    67.088,
    66.846,
    67.314,
    67.326,
    67.618,
    67.48,
    67.546,
    67.89,
    67.938,
    67.782,
    68.072,
    68.348,
    68.148,
    68.084,
    68.332,
    68.106,
    68.372,
    68.174,
    68.384,
    68.202,
    68.408,
    68.482,
    68.296,
    68.462,
    68.58
  ],
  "train_acc5": [
    19.554,
    33.426,
    44.206,
    51.334,
    55.852,
    59.782,
    62.538,
    64.634,
    66.43,
    68.364,
    69.898,
    70.798,
    71.896,
    72.976,
    74.012,
    74.972,
    75.668,
    76.236,
    76.9,
    77.546,
    77.89,
    78.65,
    78.894,
    79.248,
    79.92,
    80.258,
    80.868,
    80.992,
    81.31,
    81.628,
    82.008,
    82.34,
    82.594,
    82.63,
    83.204,
    83.23,
    83.59,
    84.04,
    84.2,
    84.448,
    84.664,
    84.886,
    84.722,
    85.154,
    85.416,
    85.474,
    85.598,
    85.926,
    86.066,
    86.332,
    86.336,
    86.564,
    86.654,
    86.908,
    87.082,
    86.914,
    87.204,
    87.212,
    87.614,
    87.676,
    87.718,
    87.74,
    87.916,
    87.9,
    88.088,
    87.88,
    88.356,
    88.624,
    88.696,
    88.768,
    88.934,
    88.99,
    88.85,
    88.966,
    89.05,
    89.302,
    89.124,
    89.426,
    89.492,
    89.46,
    89.462,
    89.46,
    89.494,
    89.556,
    89.648,
    89.642,
    89.704,
    89.846,
    89.574,
    89.99,
    89.954,
    89.854,
    89.86,
    89.888,
    90.144,
    90.118,
    89.994,
    90.084,
    90.05,
    89.84
  ],
  "test_loss": [
    4.015595468902588,
    3.881230292892456,
    3.282711154174805,
    3.103372032928467,
    2.9968979469299315,
    2.7571911155700684,
    2.8265856033325196,
    2.6416921100616455,
    2.588775707244873,
    2.440852184677124,
    2.4111941738128664,
    2.377107361984253,
    2.325153511810303,
    2.3197713012695313,
    2.3137000648498534,
    2.238965961456299,
    2.1947654724121093,
    2.1645883590698243,
    2.130308977127075,
    2.14761932220459,
    2.125158637237549,
    2.10751181640625,
    2.0788528129577637,
    2.0331747631073,
    2.0535957401275633,
    2.043298229980469,
    2.015074598312378,
    1.992181336212158,
    1.989318465423584,
    1.9413594253540039,
    2.008668587112427,
    1.9256763164520263,
    1.952273401260376,
    1.9261289291381836,
    1.9382732227325439,
    1.9207630939483642,
    1.8924993957519531,
    1.8719539169311523,
    1.870373222732544,
    1.8692798137664794,
    1.8899123405456544,
    1.8671422790527343,
    1.846953461074829,
    1.8741788459777833,
    1.8324151824951171,
    1.8394389015197754,
    1.8262976383209228,
    1.8276985160827637,
    1.8166801849365235,
    1.8168571418762207,
    1.8227883499145507,
    1.7934500755310059,
    1.798993618774414,
    1.7898596500396728,
    1.7904954223632812,
    1.7870979583740234,
    1.7741622520446778,
    1.775725397491455,
    1.7807694408416748,
    1.7670681407928466,
    1.771699541091919,
    1.7787149681091308,
    1.7619070056915282,
    1.7597200859069824,
    1.758044121170044,
    1.7581181411743163,
    1.7508061841964722,
    1.7493890174865723,
    1.7427971691131592,
    1.7427053085327149,
    1.745958143234253,
    1.7467168102264403,
    1.7512672367095947,
    1.7434754280090332,
    1.7396208578109742,
    1.7337494094848633,
    1.7329830532073975,
    1.7312318353652953,
    1.7260159538269042,
    1.7307576398849487,
    1.7258804212570191,
    1.7291820545196532,
    1.7207599006652832,
    1.719455449104309,
    1.719687087059021,
    1.7232642002105714,
    1.7237560123443603,
    1.720001055908203,
    1.7221067634582519,
    1.718736279296875,
    1.7185644096374513,
    1.7175039703369142,
    1.7178646209716797,
    1.7160398807525634,
    1.715914492034912,
    1.7176110153198243,
    1.7160275436401367,
    1.7153366275787354,
    1.7167121978759765,
    1.7175499893188477
  ],