{
  "train_loss": [
    4.431720249023438,
    4.1247415539550785,
    3.9008222395324705,
    3.6672568463134767,
    3.492204080352783,
    3.3443467897796633,
    3.2310214628601073,
    3.128616569213867,
    3.044099051437378,
    2.972561569671631,
    2.8976439087677,
    2.844632724609375,
    2.8036428607940675,
    2.752293693847656,
    2.711709139175415,
    2.669591615142822,
    2.632920230407715,
    2.604841017456055,
    2.5831963242340086,
    2.547697596664429,
    2.514024116744995,
    2.4958015165710448,
    2.471375965194702,
    2.444928307571411,
    2.4252806913757325,
    2.4074961819458007,
    2.3937794913482664,
    2.374032588043213,
    2.353276223602295,
    2.337219882659912,
    2.3220704332733155,
    2.309551249923706,
    2.297862696914673,
    2.2790604754638673,
    2.2628724797821045,
    2.252294155807495,
    2.234618999786377,
    2.2232931995391847,
    2.2175824002838134,
    2.1951714630126955,
    2.1876932386779786,
    2.17495655960083,
    2.1826771171569823,
    2.159946138076782,
    2.149004779510498,
    2.137924436798096,
    2.124155400695801,
    2.121404338607788,
    2.1152742794799804,
    2.1106685501098634,
    2.0974193174743654,
    2.087888802185059,
    2.0793584832000733,
    2.0652785676574705,
    2.0692601641845703,
    2.058305243911743,
    2.0508155001068116,
    2.0402547773742676,
    2.030969213180542,
    2.031169925689697,
    2.02343038269043,
    2.0218787046051023,
    2.0168328811645506,
    2.010407428894043,
    2.005400354156494,
    1.999054008026123,
    1.987340664215088,
    1.9720745211029054,
    1.9739907946014403,
    1.9711019875335694,
    1.9597075890350342,
    1.9548897006988526,
    1.9592732577133178,
    1.9487204470062256,
    1.9513731201171876,
    1.9418085404968262,
    1.9497359907531737,
    1.9322267708587646,
    1.9334809645843505,
    1.9243674322128297,
    1.9282919634246827,
    1.9257728841400146,
    1.9233730202484132,
    1.915934573059082,
    1.91641005317688,
    1.916731336669922,
    1.9075753075408937,
    1.9105425137329102,
    1.9096226051330567,
    1.8990107012176514,
    1.9018992749404908,
    1.8975149974822998,
    1.9050899716949463,
    1.8973559967422486,
    1.9078742659378052,
    1.898418252105713,
    1.8942953149414063,
    1.8976718366241454,
    1.8967353419494628,
    1.8916604375457764
  ],
  "train_acc": [
    4.234,
    8.882,
    13.104,
    17.898,
    21.732,
    25.378,
    28.23,
    30.85,
    32.714,
    34.796,
    36.982,
    38.264,
    39.622,
    40.756,
    42.236,
    43.32,
    44.282,
    45.1,
    45.76,
    46.712,
    47.694,
    48.234,
    48.928,
    49.974,
    50.41,
    50.706,
    51.168,
    51.812,
    52.408,
    52.93,
    53.306,
    53.732,
    54.276,
    54.778,
    55.154,
    55.686,
    56.156,
    56.576,
    56.48,
    57.276,
    57.568,
    57.864,
    57.764,
    58.464,
    58.734,
    59.056,
    59.388,
    59.846,
    59.886,
    59.708,
    60.31,
    60.638,
    61.092,
    61.52,
    61.182,
    61.718,
    61.678,
    62.162,
    62.674,
    62.316,
    62.594,
    62.99,
    62.816,
    63.198,
    63.494,
    63.808,
    63.924,
    64.278,
    64.392,
    64.524,
    64.974,
    65.02,
    64.904,
    65.088,
    65.204,
    65.274,
    65.022,
    65.864,
    65.744,
    65.966,
    66.138,
    65.77,
    66.112,
    66.182,
    66.098,
    66.138,
    66.644,
    66.556,
    66.362,
    66.852,
    66.718,
    66.824,
    66.634,
    66.968,
    66.394,
    66.896,
    67.242,
    66.66,
    66.806,
    67.228
  ],
  "train_acc5": [
    15.108,
    27.438,
    35.844,
    44.05,
    49.944,
    54.6,
    57.98,
    61.096,
    63.688,
    65.538,
    67.446,
    68.95,
    69.904,
    71.206,
    72.294,
    73.128,
    74.13,
    74.86,
    75.152,
    76.112,
    76.948,
    77.336,
    77.696,
    78.354,
    78.74,
    79.242,
    79.654,
    79.786,
    80.55,
    80.728,
    81.136,
    81.266,
    81.684,
    81.956,
    82.364,
    82.37,
    82.902,
    82.95,
    83.212,
    83.736,
    83.878,
    84.112,
    83.798,
    84.29,
    84.522,
    84.748,
    84.998,
    85.056,
    85.146,
    85.326,
    85.572,
    85.624,
    85.98,
    85.946,
    86.2,
    86.256,
    86.362,
    86.404,
    86.784,
    86.958,
    86.814,
    86.914,
    87.068,
    86.922,
    87.244,
    87.162,
    87.41,
    87.626,
    87.806,
    87.732,
    88.18,
    88.164,
    88.03,
    88.098,
    88.182,
    88.436,
    88.314,
    88.438,
    88.4,
    88.704,
    88.444,
    88.6,
    88.7,
    88.794,
    88.722,
    88.768,
    89.024,
    88.848,
    89.112,
    89.066,
    88.954,
    89.078,
    89.092,
    89.148,
    89.052,
    89.25,
    89.148,
    89.126,
    89.27,
    89.116
  ],
  "test_loss": [
    4.164282270812988,
    3.87106354637146,
    3.5781734386444093,
    3.2863201763153076,
    3.0292189739227293,
    2.9114366539001466,
    2.8202616443634034,
    2.6564248752593995,
    2.607802711868286,
    2.507382169342041,
    2.4514159164428713,
    2.4075956993103027,
    2.354121573638916,
    2.335599282836914,
    2.2852980720520017,
    2.244276057434082,
    2.20726195602417,
    2.163706456375122,
    2.1677713802337646,
    2.1424894706726074,
    2.125781527709961,
    2.0936958824157714,
    2.073609407043457,
    2.0551132888793946,
    2.059981182861328,
    2.065850889968872,
    2.0199567794799806,
    2.0107276264190674,
    1.9997611938476563,
    1.9786895816802978,
    1.9830843509674072,
    1.9578752368927002,
    1.9426675323486329,
    1.93931695728302,
    1.949413222503662,
    1.9283780830383301,
    1.9162890216827393,
    1.9126404415130616,
    1.9036195861816407,
    1.8956396722793578,
    1.882790588760376,
    1.874887484931946,
    1.8625658151626587,
    1.8716766361236572,
    1.8596720748901368,
    1.8658028846740722,
    1.853842495727539,
    1.8386563772201538,
    1.8585402641296387,
    1.8431472784042358,
    1.835245713043213,
    1.8232657341003418,
    1.8292892044067384,
    1.8215412425994872,
    1.8189012147903443,
    1.8200309577941896,
    1.8070075860977173,
    1.8037812435150147,
    1.8020890462875365,
    1.795965581703186,
    1.7913085649490357,
    1.7978372016906738,
    1.7897338188171388,
    1.787328631591797,
    1.7892546943664551,
    1.7838532989501954,
    1.7699598022460938,
    1.7718684753417968,
    1.7694877376556397,
    1.771570096206665,
    1.7724906593322753,
    1.7691990325927733,
    1.7670489479064941,
    1.7652318037033081,
    1.76099790725708,
    1.7616996570587158,
    1.7633953615188598,
    1.7554722595214844,
    1.7584673530578614,
    1.755492337989807,
    1.7496700576782227,
    1.7520285369873048,
    1.751018545150757,
    1.7544370279312134,
    1.7471962196350097,
    1.7491712732315063,
    1.7470052043914794,
    1.746245041847229,
    1.7443016975402832,
    1.7447815521240235,
    1.743527081489563,
    1.7458972328186035,
    1.7439820636749268,
    1.743162907409668,
    1.744345405960083,
    1.746028173828125,
    1.7424009532928466,
    1.7437479309082031,
    1.7435958547592163,
    1.7432771545410157
  ],