{
  "train_loss": [
    4.445636889648437,
    4.196685270690918,
    4.0738042859649655,
    4.018503203048706,
    4.004989339141845,
    4.002661513214111,
    4.012175107421875,
    3.992754341812134,
    3.979271680984497,
    3.9630928019714355,
    3.9570611109161375,
    3.939275597229004,
    3.9265075874328614,
    3.915700340423584,
    3.9115203894042967,
    3.9020650302124023,
    3.8996283551025392,
    3.8874640370941163,
    3.8809763581085206,
    3.873425463256836,
    3.867112007827759,
    3.851354522628784,
    3.848716139831543,
    3.842847735748291,
    3.8416934620666505,
    3.834748701248169,
    3.8255702674102783,
    3.824590269012451,
    3.816932748184204,
    3.8106320526123048,
    3.8045709784698487,
    3.797361068649292,
    3.789652671051025,
    3.7882686431121826,
    3.779070913619995,
    3.771318818130493,
    3.775384984588623,
    3.7703050535583498,
    3.758776209640503,
    3.745667555770874,
    3.7478647732543946,
    3.74011722076416,
    3.7348349240112304,
    3.7263501612854,
    3.725070157318115,
    3.7155123262023926,
    3.7095032552337646,
    3.699585498046875,
    3.697886905975342,
    3.6947868395233154,
    3.683355771636963,
    3.6831824940490723,
    3.6734526210021974,
    3.6657145418548582,
    3.6589141149902344,
    3.658831436920166,
    3.651211669921875,
    3.642877257156372,
    3.6347577573394774,
    3.631093511810303,
    3.6180616822052003,
    3.610963112030029,
    3.6077398318481446,
    3.5966601860046388,
    3.590487790374756,
    3.5898594102478025,
    3.5777162397003175,
    3.5700984742736814,
    3.5674306674194334,
    3.5580428161621094,
    3.5500773235321046,
    3.5400025689697268,
    3.5367888079833985,
    3.5273271926879883,
    3.518266790313721,
    3.513523777618408,
    3.5108773474121096,
    3.50307098197937,
    3.493849504852295,
    3.4922050872039794,
    3.480546026763916,
    3.4729956929016113,
    3.468781001663208,
    3.462781884536743,
    3.4591742337799074,
    3.4516420042419433,
    3.4465920135498047,
    3.4392001292419434,
    3.4391071480560305,
    3.428587353134155,
    3.4318417084503174,
    3.425238573226929,
    3.4269694975280762,
    3.4170544059753416,
    3.422459982833862,
    3.417507908859253,
    3.412606256027222,
    3.419227177810669,
    3.4123087364959717,
    3.417086773681641
  ],
  "train_acc": [
    3.87,
    7.318,
    9.594,
    10.734,
    11.092,
    10.962,
    10.924,
    11.06,
    11.19,
    11.314,
    11.36,
    11.286,
    11.818,
    11.872,
    11.676,
    11.946,
    12.01,
    12.126,
    12.23,
    12.542,
    12.41,
    12.738,
    12.952,
    12.876,
    12.976,
    12.99,
    13.39,
    13.426,
    13.564,
    13.668,
    13.758,
    13.988,
    14.184,
    14.098,
    14.356,
    14.762,
    14.408,
    14.646,
    15.026,
    15.06,
    15.1,
    14.852,
    15.14,
    15.352,
    15.528,
    15.874,
    15.872,
    15.992,
    16.018,
    16.362,
    16.574,
    16.558,
    16.744,
    16.96,
    17.05,
    17.15,
    17.282,
    17.568,
    17.754,
    17.758,
    18.088,
    18.122,
    18.31,
    18.712,
    18.62,
    18.872,
    19.134,
    19.396,
    19.522,
    19.306,
    19.872,
    20.04,
    20.122,
    20.334,
    20.55,
    20.868,
    20.704,
    20.818,
    21.058,
    21.264,
    21.872,
    21.506,
    21.9,
    22.02,
    22.23,
    22.148,
    22.484,
    22.616,
    22.446,
    22.836,
    22.84,
    23.03,
    22.86,
    23.152,
    23.086,
    23.232,
    23.156,
    22.976,
    23.108,
    23.206
  ],
  "train_acc5": [
    15.05,
    25.3,
    30.396,
    32.968,
    33.96,
    34.386,
    33.884,
    34.652,
    35.266,
    35.318,
    35.454,
    35.816,
    36.162,
    36.782,
    36.722,
    37.23,
    36.958,
    37.58,
    37.656,
    38.134,
    38.284,
    38.91,
    39.098,
    39.066,
    39.174,
    39.494,
    39.806,
    39.89,
    40.408,
    40.5,
    40.908,
    41.078,
    41.348,
    41.412,
    41.764,
    42.29,
    41.902,
    42.114,
    42.712,
    42.912,
    43.054,
    43.288,
    43.46,
    43.584,
    43.946,
    43.948,
    44.284,
    44.436,
    44.75,
    44.638,
    45.34,
    45.2,
    45.51,
    46.01,
    46.25,
    46.334,
    46.402,
    46.914,
    47.198,
    47.398,
    47.944,
    47.904,
    48.308,
    48.39,
    48.774,
    48.84,
    49.276,
    49.738,
    49.656,
    49.846,
    50.566,
    51.038,
    50.73,
    51.152,
    51.322,
    51.752,
    51.88,
    52.08,
    52.504,
    52.612,
    52.98,
    53.35,
    53.252,
    53.782,
    53.794,
    54.008,
    54.138,
    54.61,
    54.52,
    54.89,
    54.69,
    54.906,
    54.954,
    55.258,
    55.076,
    55.042,
    55.588,
    55.038,
    55.364,
    55.4
  ],
  "test_loss": [
    4.313399562072754,
    4.105261011886597,
    3.913827732086182,
    3.884835119628906,
    3.9370359176635743,
    3.9255315925598144,
    3.847751219558716,
    3.753586112976074,
    3.868014288330078,
    3.9095743034362793,
    3.6955076023101805,
    3.8137083602905273,
    3.67069348526001,
    3.8916727966308593,
    3.6601255249023437,
    3.68598466796875,
    3.7062280277252198,
    3.64609043006897,
    3.670613635635376,
    3.6064818733215334,
    3.7280693462371826,
    3.873416732788086,
    3.9944669258117678,
    3.641285527420044,
    3.5789175998687743,
    3.6841290245056153,
    3.4782160671234132,
    3.579628247451782,
    3.538359260177612,
    3.5555090843200685,
    3.577865689468384,
    3.5578528610229494,
    3.4865786430358887,
    3.577124594497681,
    3.477198585510254,
    3.463549719619751,
    3.622321736907959,
    3.663638146209717,
    3.4262718448638916,
    3.4294571533203126,
    3.503802791595459,
    3.4841456981658934,
    3.3999103477478028,
    3.526299005126953,
    3.3630141456604004,
    3.4457589950561522,
    3.364542000579834,
    3.3596752555847167,
    3.3593924633026124,
    3.4478653881073,
    3.318100927734375,
    3.3590062088012695,
    3.3130663757324217,
    3.3252423328399656,
    3.304204553222656,
    3.3087000942230222,
    3.3391781581878663,
    3.3350470035552977,
    3.333147135925293,
    3.2889690868377683,
    3.2637251403808594,
    3.2340203079223633,
    3.2060450302124024,
    3.2043190509796142,
    3.2488223377227783,
    3.190274794006348,
    3.1947628364562988,
    3.1718829578399657,
    3.1291266036987304,
    3.1742387657165527,
    3.1566906784057616,
    3.1446369270324706,
    3.1574658866882324,
    3.118985779571533,
    3.118047922897339,
    3.0940806381225587,
    3.079012772369385,
    3.054969357681274,
    3.0823951656341553,
    3.06957127494812,
    3.0499616188049314,
    3.0391017139434813,
    3.037353108215332,
    3.0264354454040525,
    3.0134270286560056,
    3.031381488800049,
    3.012457366943359,
    3.000859251022339,
    3.0079812301635744,
    2.991635190200806,
    2.995469831085205,
    2.99421358795166,
    2.996332731628418,
    2.985431372833252,
    2.980886727142334,
    2.9862558589935304,
    2.9805955001831053,
    2.981165650558472,
    2.9799929847717284,
    2.98006416015625
  ],