{
  "train_loss": [
    4.450366162719726,
    4.131252605285645,
    3.879040185241699,
    3.656177282104492,
    3.495191493835449,
    3.3618142082214355,
    3.2614292502593996,
    3.1843982061767577,
    3.125739461898804,
    3.0697116458892824,
    3.0256843236541746,
    2.9930314936828615,
    2.963912835159302,
    2.934655176849365,
    2.9099143348693848,
    2.880212944717407,
    2.8652217601013183,
    2.851215955657959,
    2.8328087410736082,
    2.8126740336608886,
    2.7979373388671873,
    2.788162177429199,
    2.7731732654571535,
    2.7555155853271485,
    2.74306683883667,
    2.7423848431396483,
    2.7310384633636473,
    2.713383820953369,
    2.699829380874634,
    2.687067659225464,
    2.6747275007629394,
    2.6718157067108153,
    2.6577192113494874,
    2.647425888442993,
    2.631370738372803,
    2.627220751953125,
    2.6118819013977053,
    2.6007111515045165,
    2.59855660118103,
    2.586971092681885,
    2.5735078547668455,
    2.55334376373291,
    2.5628631800842285,
    2.5429364379882813,
    2.5297331504821776,
    2.523459377593994,
    2.514903370285034,
    2.503051051864624,
    2.492753141403198,
    2.4824793644714354,
    2.468546366653442,
    2.4587916477966307,
    2.446568973236084,
    2.4283322805786134,
    2.425725791168213,
    2.410646568984985,
    2.4033304051971434,
    2.3848217189025878,
    2.3742251906585694,
    2.3675855081939696,
    2.3606363263702392,
    2.347291973571777,
    2.3368220087432863,
    2.3242721264648436,
    2.3100033753967284,
    2.301688733520508,
    2.29097669631958,
    2.2671814009094238,
    2.26021703666687,
    2.2477909117126464,
    2.235038476333618,
    2.2257316233825684,
    2.219375812149048,
    2.1988310470581056,
    2.194695835647583,
    2.1770938819885255,
    2.1773551959991453,
    2.1556810250473024,
    2.141702961349487,
    2.1307175329589843,
    2.12603919593811,
    2.1188158918762205,
    2.1092705101013185,
    2.0942341471862793,
    2.088486070022583,
    2.0871173627471924,
    2.071605806045532,
    2.067493314971924,
    2.0651864848327635,
    2.051935860977173,
    2.050439638519287,
    2.0426177972412107,
    2.0439553216552735,
    2.0338624475860594,
    2.038464264907837,
    2.0266133294677733,
    2.0237455443572996,
    2.031435456314087,
    2.0255845460510256,
    2.025659232254028
  ],
  "train_acc": [
    3.902,
    8.826,
    13.248,
    17.766,
    21.412,
    24.658,
    27.282,
    29.144,
    30.416,
    32.22,
    33.27,
    34.216,
    34.854,
    36.008,
    36.558,
    37.196,
    37.772,
    37.996,
    38.48,
    39.324,
    39.578,
    39.652,
    40.286,
    40.74,
    41.124,
    41.04,
    41.708,
    42.108,
    42.286,
    42.714,
    43.116,
    43.184,
    43.656,
    44.204,
    44.274,
    44.692,
    44.85,
    45.562,
    45.4,
    45.462,
    46.13,
    46.86,
    46.358,
    47.018,
    47.512,
    47.634,
    47.938,
    48.118,
    48.558,
    48.846,
    49.078,
    49.502,
    49.838,
    50.584,
    50.33,
    50.998,
    51.05,
    51.656,
    51.772,
    52.318,
    52.278,
    52.82,
    53.118,
    53.66,
    53.768,
    54.334,
    54.404,
    55.134,
    55.51,
    55.784,
    56.176,
    56.534,
    56.712,
    57.44,
    57.388,
    58.106,
    58.012,
    58.562,
    59.254,
    59.694,
    59.752,
    59.846,
    59.746,
    60.594,
    60.952,
    60.562,
    61.334,
    61.378,
    61.292,
    61.666,
    61.76,
    62.028,
    62.214,
    62.44,
    62.09,
    62.674,
    62.9,
    62.45,
    62.598,
    62.476
  ],
  "train_acc5": [
    14.506,
    27.706,
    36.906,
    44.98,
    50.476,
    54.65,
    57.774,
    60.034,
    61.732,
    63.51,
    64.71,
    65.496,
    66.436,
    67.0,
    67.72,
    68.324,
    68.86,
    69.072,
    69.516,
    69.95,
    70.442,
    70.652,
    71.274,
    71.522,
    71.728,
    71.804,
    72.152,
    72.484,
    73.01,
    73.194,
    73.338,
    73.566,
    73.886,
    74.202,
    74.584,
    74.496,
    74.9,
    75.186,
    75.02,
    75.788,
    75.912,
    76.192,
    76.04,
    76.366,
    76.754,
    76.958,
    77.05,
    77.332,
    77.738,
    77.99,
    78.322,
    78.44,
    78.732,
    79.028,
    79.406,
    79.48,
    79.526,
    79.908,
    80.482,
    80.408,
    80.61,
    80.794,
    81.034,
    81.182,
    81.632,
    81.584,
    82.07,
    82.704,
    82.432,
    82.764,
    83.106,
    83.386,
    83.314,
    83.77,
    83.994,
    84.244,
    83.988,
    84.696,
    84.964,
    84.972,
    85.172,
    85.266,
    85.778,
    85.854,
    85.81,
    85.79,
    86.15,
    86.304,
    86.248,
    86.592,
    86.704,
    86.954,
    86.828,
    86.874,
    86.774,
    87.19,
    87.13,
    86.846,
    87.224,
    87.162
  ],
  "test_loss": [
    4.188757801055909,
    3.8977353340148926,
    3.595866539001465,
    3.398705388259888,
    3.2822031169891357,
    3.045542600631714,
    3.035678992843628,
    3.2550285484313966,
    2.653196158981323,
    2.6760015495300293,
    2.5938461563110353,
    2.6818602279663084,
    2.5521859550476074,
    2.5288786151885985,
    2.6960939250946043,
    2.4951076656341553,
    2.430469009399414,
    2.4653300579071047,
    2.383322611236572,
    2.3849664291381836,
    2.444836238861084,
    2.378152975463867,
    2.45934944152832,
    2.3840228797912597,
    2.324676679229736,
    2.315809602737427,
    2.3126366302490236,
    2.327872269821167,
    2.3992684955596926,
    2.2654845432281494,
    2.30844757232666,
    2.221544731903076,
    2.219394867324829,
    2.2424779205322265,
    2.2179103927612305,
    2.2006544258117677,
    2.147948231506348,
    2.2577071548461913,
    2.1745634086608887,
    2.197387047958374,
    2.195742938232422,
    2.144477250289917,
    2.172423097991943,
    2.1026419658660886,
    2.1171483554840087,
    2.131554892730713,
    2.0697639923095705,
    2.053511255645752,
    2.1043478572845458,
    2.0417760150909423,
    2.05262326965332,
    2.0364816814422606,
    2.0299158767700196,
    2.0321339763641357,
    1.999707251739502,
    2.0020437438964844,
    1.9898753896713257,
    1.9636688312530517,
    1.9722816120147706,
    1.9417343967437743,
    1.9451151035308838,
    1.9325141067504883,
    1.9291956718444825,
    1.9181069339752197,
    1.9149426475524902,
    1.8894813365936278,
    1.8815722686767578,
    1.8760613733291627,
    1.8645675777435302,
    1.8617830560684203,
    1.872012174987793,
    1.8537726137161255,
    1.8461928421020508,
    1.8181800239562989,
    1.8167574100494386,
    1.8046264656066895,
    1.794075866508484,
    1.7997602531433106,
    1.784977753829956,
    1.7790921611785888,
    1.769239856338501,
    1.7833482362747193,
    1.766636627960205,
    1.751387579727173,
    1.7507524297714234,
    1.7502106784820557,
    1.74828321685791,
    1.7410515224456786,
    1.7359854917526245,
    1.7361316833496094,
    1.731003214263916,
    1.7303438236236572,
    1.7289909210205079,
    1.7228970537185668,
    1.7228061031341553,
    1.725430648803711,
    1.7242895214080811,
    1.7213037586212159,
    1.7224150901794433,
    1.7237653057098388
  ],