{
  "train_loss": [
    1.5427796173858643,
    1.1772920785140992,
    1.0092933604812622,
    0.9159395240592957,
    0.8380311810684204,
    0.7769140718460082,
    0.7305538190078735,
    0.6932038216018677,
    0.6581759138679505,
    0.6273899035072327,
    0.6016573997688294,
    0.5798925716781617,
    0.5589787500953675,
    0.5360007445526123,
    0.5182208813858032,
    0.5042143142318726,
    0.48615941917419436,
    0.47465573305130004,
    0.4642982069969177,
    0.4414741762161255,
    0.43143678632736204,
    0.41794330877304076,
    0.41122939685821536,
    0.39989958560943606,
    0.39066714555740356,
    0.3791026058578491,
    0.37316496287345885,
    0.35579619165420534,
    0.3473080257606506,
    0.33572691979408265,
    0.3365635615634918,
    0.3260823478221893,
    0.3169209595966339,
    0.3073998762512207,
    0.30025431727409363,
    0.29528076276779175,
    0.28446199760437013,
    0.29057780821800233,
    0.2728233641004562,
    0.26531169156074524,
    0.26116832723140715,
    0.2527287820863724,
    0.24481706788539886,
    0.24270788111686706,
    0.23990889325141906,
    0.2487560133457184,
    0.23245378947257997,
    0.2149254536819458,
    0.21266128191947936,
    0.20864818848609926
  ],
  "train_acc": [
    44.028,
    58.072,
    64.176,
    67.792,
    70.74,
    72.758,
    74.588,
    75.94,
    76.896,
    78.12,
    79.306,
    79.85,
    80.61,
    81.18,
    81.916,
    82.432,
    83.08,
    83.654,
    83.78,
    84.53,
    84.826,
    85.338,
    85.546,
    86.002,
    86.232,
    86.798,
    86.868,
    87.404,
    87.662,
    88.062,
    88.1,
    88.38,
    88.878,
    89.272,
    89.446,
    89.502,
    89.834,
    89.684,
    90.442,
    90.638,
    90.82,
    91.024,
    91.312,
    91.128,
    91.384,
    91.13,
    91.702,
    92.366,
    92.384,
    92.54
  ],
  "test_loss": [
    1.4024607812881469,
    1.0024527975082398,
    0.9038525756835938,
    0.8674066351890564,
    0.8645975074768066,
    0.7599267197608948,
    0.726406195640564,
    0.69838536901474,
    0.6501472877979279,
    0.6748564686298371,
    0.6950422743797302,
    0.6044869532585144,
    0.6012693979263306,
    0.6110974470615387,
    0.6041482444763183,
    0.5886698384284973,
    0.565032077217102,
    0.5866887177467346,
    0.5763714444160462,
    0.5704194889545441,
    0.5477968033790588,
    0.5513171296596527,
    0.5445113978385925,
    0.5371597104072571,
    0.5407726787567139,
    0.5238652042865753,
    0.52830774974823,
    0.517754856300354,
    0.5326564118385315,
    0.5290404440879822,
    0.5118705589294433,
    0.534090114402771,
    0.5332766379356384,
    0.5461284687995911,
    0.5372314834594727,
    0.5219385835886001,
    0.5439804209709167,
    0.5205637546539307,
    0.5282349056720733,
    0.5260478216648102,
    0.5373492184638977,
    0.5443295028686523,
    0.546177694940567,
    0.5415855107307435,
    0.5239026016712188,
    0.5602778573989868,
    0.5365850015640259,
    0.5379766223907471,
    0.5568011940956116,
    0.5755526271820068
  ],
  "test_acc": [
    51.54,
    64.51,
    68.66,
    69.83,
    70.43,
    74.01,
    75.1,
    75.51,
    77.1,
    76.58,
    77.17,
    79.42,
    79.57,
    79.34,
    80.12,
    80.13,
    80.93,
    80.45,
    80.62,
    81.0,
    81.69,
    81.88,
    81.98,
    82.41,
    82.01,
    82.88,
    82.99,
    82.66,
    83.12,
    83.45,
    83.52,
    83.25,
    82.9,
    82.83,
    83.57,
    83.52,
    83.27,
    84.11,
    83.76,
    83.94,
    84.18,
    83.78,
    84.13,
    84.1,
    84.49,
    83.69,
    84.6,
    84.31,
    84.29,
    83.75
  ],
  "learning_rate": [
    0.001,
    0.0009999383162408303,
    0.0009997532801828658,
    0.0009994449374809851,
    0.0009990133642141358,
    0.000998458666866564,
    0.00099778098230154,
    0.0009969804777275899,
    0.000996057350657239,
    0.0009950118288582787,
    0.0009938441702975688,
    0.000992554663077387,
    0.0009911436253643444,
    0.0009896114053108828,
    0.0009879583809693736,
    0.0009861849601988382,
    0.0009842915805643154,
    0.000982278709228899,
    0.0009801468428384714,
    0.0009778965073991648,
    0.0009755282581475766,
    0.0009730426794137723,
    0.0009704403844771124,
    0.0009677220154149334,
    0.0009648882429441253,
    0.000961939766255643,
    0.0009588773128419901,
    0.0009557016383177221,
    0.0009524135262330093,
    0.0009490137878803073,
    0.0009455032620941834,
    0.0009418828150443463,
    0.0009381533400219311,
    0.0009343157572190951,
    0.0009303710135019713,
    0.0009263200821770456,
    0.000922163962751007,
    0.0009179036806841347,
    0.0009135402871372803,
    0.0009090748587125112,
    0.0009045084971874732,
    0.0008998423292435448,
    0.0008950775061878446,
    0.0008902152036691643,
    0.000885256621387894,
    0.0008802029828000149,
    0.0008750555348152292,
    0.0008698155474893041,
    0.0008644843137107051,
    0.0008590631488815938
  ],
  "epoch_time": [
    30.69921374320984,
    6.1639180183410645,
    5.985912322998047,
    6.105777263641357,
    5.837830305099487,
    5.913450002670288,
    5.904317378997803,
    5.909533262252808,
    5.873481750488281,
    5.850528240203857,
    5.8376054763793945,
    5.866704702377319,
    5.958822011947632,
    5.936030387878418,
    5.9188127517700195,
    5.852559566497803,
    5.965318918228149,
    5.95130729675293,
    5.898448705673218,
    5.869923114776611,
    5.935600280761719,
    5.824016094207764,
    5.960170030593872,
    6.017940521240234,
    5.90848445892334,
    5.823927402496338,
    5.902015924453735,
    5.8388566970825195,
    5.7493736743927,
    5.829697370529175,
    5.880409479141235,
    5.861256837844849,
    5.9737653732299805,
    5.929600477218628,
    5.917535781860352,
    5.8551857471466064,
    5.848917007446289,
    5.731031656265259,
    5.806663274765015,
    5.76072359085083,
    5.768106460571289,
    5.894208669662476,
    5.814377784729004,
    5.90693736076355,
    5.847098112106323,
    5.850018739700317,
    5.739089488983154,
    5.816910266876221,
    5.732556343078613,
    5.786518335342407
  ]
}