{
  "train_loss": [
    1.9533469216537476,
    1.7452641357040406,
    1.6419353691864014,
    1.5756524939346312,
    1.520883095703125,
    1.4833667888641358,
    1.4485046491622924,
    1.4190868798446654,
    1.3981809790802002,
    1.37186986492157,
    1.355506456680298,
    1.3358590339660645,
    1.31948137298584,
    1.308927166595459,
    1.2901490716934203,
    1.277878120689392,
    1.26391306640625,
    1.2530262547683715,
    1.247043287963867,
    1.2298549591827392
  ],
  "train_acc": [
    32.542,
    42.776,
    48.08,
    51.222,
    53.814,
    55.55,
    57.198,
    58.664,
    59.488,
    60.504,
    61.164,
    61.926,
    62.73,
    63.3,
    63.846,
    64.364,
    64.914,
    65.368,
    65.798,
    66.216
  ],
  "test_loss": [
    1.4854486595153809,
    1.3055197353363037,
    1.2842209854125977,
    1.126242339706421,
    1.0552315305709838,
    0.9963539178848266,
    0.9191396566390991,
    0.9325205547332763,
    0.8728043323516845,
    0.90561896276474,
    0.8971358695030213,
    0.8057951387405395,
    0.8284150831222534,
    0.7931324866294861,
    0.8097910581588745,
    0.787737873840332,
    0.7567319874763488,
    0.7616861722946167,
    0.7483370223999023,
    0.7655128064155579
  ],
  "test_acc": [
    48.28,
    56.83,
    59.28,
    65.15,
    68.32,
    69.78,
    70.87,
    71.92,
    74.64,
    72.86,
    75.12,
    76.22,
    75.93,
    76.27,
    76.07,
    77.26,
    79.15,
    77.99,
    78.91,
    78.07
  ],
  "learning_rate": [
    0.001,
    0.0009997532801828658,
    0.0009990133642141358,
    0.00099778098230154,
    0.000996057350657239,
    0.0009938441702975688,
    0.0009911436253643444,
    0.0009879583809693736,
    0.0009842915805643154,
    0.0009801468428384714,
    0.0009755282581475767,
    0.0009704403844771127,
    0.0009648882429441257,
    0.0009588773128419905,
    0.0009524135262330098,
    0.0009455032620941839,
    0.0009381533400219318,
    0.0009303710135019719,
    0.0009221639627510076,
    0.000913540287137281
  ],
  "epoch_time": [
    10.877554416656494,
    4.616623401641846,
    4.751630783081055,
    4.775547742843628,
    4.660862445831299,
    4.852450609207153,
    4.735062599182129,
    4.554517030715942,
    4.585829734802246,
    4.589644432067871,
    4.596574783325195,
    4.614872455596924,
    4.513387441635132,
    4.564350843429565,
    4.653810977935791,
    4.641826868057251,
    4.534292459487915,
    4.60372257232666,
    4.514412879943848,
    4.633155345916748
  ]
}