{
  "train_loss": [
    4.298156452941894,
    3.8474897108459474,
    3.6448657524108885,
    3.4994953724670412,
    3.3813657941436768,
    3.2858979122161864,
    3.2002303468322753,
    3.128127053527832,
    3.0671268161773684,
    3.0218116973114015,
    2.9852338326263426,
    2.9467578882598877,
    2.9196651946258543,
    2.8814316635894777,
    2.8587646759033203,
    2.8501659580993652,
    2.8139574499511717,
    2.8070523615264893,
    2.7795046206665037,
    2.754108130340576,
    2.7444878101348875,
    2.7303174856567383,
    2.7160702757263184,
    2.706536085205078,
    2.680122607269287,
    2.673240759277344,
    2.648293846206665,
    2.6417798768615723,
    2.6227255973815917,
    2.6116602584075927,
    2.5963917916870116,
    2.5836315574646,
    2.5634788191986084,
    2.5650165019226074,
    2.5415557918548584,
    2.5306553189086913,
    2.512101679458618,
    2.5013349714660644,
    2.4861516117858886,
    2.4767014642333987,
    2.4592888706207274,
    2.4441414459228517,
    2.4284746550750733,
    2.415065924987793,
    2.4043997687530516,
    2.3852754037475585,
    2.37214454536438,
    2.3653533006286622,
    2.336665287322998,
    2.3212271202087402,
    2.2965609847259523,
    2.2947417136383055,
    2.2633192531585693,
    2.2507627324676514,
    2.225881619644165,
    2.202707662963867,
    2.1823909394073486,
    2.166297180175781,
    2.14756080078125,
    2.1216515325164793,
    2.0988741617202757,
    2.075034529724121,
    2.0598956258392334,
    2.0283793531799317,
    2.0017830934906007,
    1.9696751371765138,
    1.9558686874389648,
    1.9210780686187745,
    1.8938742250442504,
    1.8622737351989747,
    1.8290740567398072,
    1.7945728856658936,
    1.7646856539916993,
    1.7283492344284057,
    1.6906821084594728,
    1.6617550637817382,
    1.6257566472625733,
    1.5762963534927368,
    1.5508519332885742,
    1.5035837236022949,
    1.4664714431762695,
    1.4273243588638305,
    1.3883245019149781,
    1.3460384425354004,
    1.3091275511169433,
    1.2671909692382812,
    1.2336768552398683,
    1.2025252355575562,
    1.170587949142456,
    1.1407024919891358,
    1.1159361723327637,
    1.0978563829803467,
    1.0760424195098877,
    1.0638604009628296,
    1.0542585610961914,
    1.0396471221160888,
    1.0358519075393677,
    1.030406509475708,
    1.0263473672103882,
    1.02505273727417
  ],
  "train_acc": [
    6.864,
    13.258,
    17.4,
    20.788,
    23.392,
    25.804,
    27.762,
    29.548,
    31.058,
    32.302,
    33.046,
    34.134,
    34.668,
    35.79,
    36.556,
    36.476,
    37.596,
    37.982,
    38.67,
    39.298,
    39.456,
    39.924,
    39.884,
    40.334,
    41.032,
    41.392,
    41.978,
    42.09,
    42.562,
    43.028,
    43.538,
    43.544,
    44.65,
    44.126,
    45.126,
    45.364,
    45.526,
    45.958,
    46.414,
    46.598,
    47.248,
    47.512,
    47.864,
    47.968,
    48.466,
    49.174,
    49.804,
    49.586,
    50.422,
    50.798,
    51.7,
    51.82,
    52.62,
    53.116,
    53.666,
    54.346,
    55.042,
    55.594,
    56.054,
    56.87,
    57.456,
    58.142,
    58.744,
    59.53,
    60.41,
    61.238,
    61.892,
    62.892,
    63.61,
    64.648,
    65.626,
    66.668,
    67.796,
    68.878,
    70.12,
    71.2,
    72.398,
    74.186,
    75.112,
    76.776,
    77.988,
    79.504,
    80.828,
    82.486,
    83.82,
    85.476,
    86.812,
    87.88,
    89.096,
    90.308,
    91.294,
    91.854,
    92.848,
    93.336,
    93.552,
    94.318,
    94.29,
    94.572,
    94.632,
    94.742
  ],
  "test_loss": [
    3.8919557388305663,
    3.6258471717834473,
    3.484269361114502,
    3.284329011154175,
    3.269063293457031,
    3.1848513717651366,
    3.126198226928711,
    2.9957627418518067,
    2.948200730895996,
    3.1017987297058105,
    2.884302482223511,
    2.866293377685547,
    2.8179105209350586,
    2.8633424018859865,
    2.7765629249572754,
    2.729298831939697,
    2.7849640365600585,
    2.8205218742370604,
    2.7215851135253906,
    2.7483434173583983,
    2.7167823051452635,
    2.664668435668945,
    2.647411619186401,
    2.5933667053222655,
    2.681608658981323,
    2.624336317825317,
    2.5839637817382815,
    2.5935092830657958,
    2.5982879276275637,
    2.590220009613037,
    2.5607070293426513,
    2.54706964302063,
    2.523495728302002,
    2.6105225322723387,
    2.51517898979187,
    2.5434107528686525,
    2.528720833206177,
    2.5519649726867675,
    2.5529400745391846,
    2.5224307132720947,
    2.4784202167510987,
    2.462675057220459,
    2.4430099990844725,
    2.4482208835601806,
    2.467636288833618,
    2.447378505706787,
    2.4633876274108886,
    2.4126046463012694,
    2.5054195297241213,
    2.4432981231689452,
    2.4093489952087404,
    2.4112633975982667,
    2.474966902542114,
    2.371828607559204,
    2.406068677520752,
    2.369307091522217,
    2.357596546936035,
    2.361961707687378,
    2.407431763458252,
    2.323340324783325,
    2.2970840423583985,
    2.3252294567108156,
    2.3800975349426268,
    2.2503166831970214,
    2.3192143478393556,
    2.2533863891601564,
    2.254248737335205,
    2.3331581378936765,
    2.2518942405700684,
    2.2516916412353516,
    2.240977243423462,
    2.243305888366699,
    2.230695680999756,
    2.2300358806610108,
    2.215540739250183,
    2.29688625869751,
    2.250700318145752,
    2.275002830886841,
    2.2237450603485107,
    2.212205866622925,
    2.2408498092651365,
    2.226386154747009,
    2.240458977127075,
    2.2715619485855103,
    2.228483141326904,
    2.249023051071167,
    2.2273083459854126,
    2.2585694664001466,
    2.232145514678955,
    2.235143004608154,
    2.2317622367858885,
    2.2288247901916503,
    2.228892555618286,
    2.2327904403686523,
    2.2288977714538576,
    2.2302041412353515,
    2.225805129623413,
    2.2272637424468993,
    2.2321154071807863,
    2.2250690555572508
  ],
  "test_acc": [
    11.86,
    17.82,
    20.8,
    26.47,
    26.39,
    28.52,
    30.0,
    33.02,
    33.84,
    31.64,
    36.0,
    36.9,
    37.44,
    36.94,
    38.88,
    40.49,
    38.94,
    38.95,
    40.09,
    39.97,
    40.63,
    42.17,
    42.66,
    44.48,
    42.07,
    44.07,
    44.5,
    44.61,
    44.53,
    43.51,
    44.51,
    45.88,
    46.08,
    43.45,
    45.78,
    45.7,
    46.01,
    45.26,
    45.53,
    46.49,
    47.47,
    47.99,
    48.29,
    48.4,
    47.68,
    48.31,
    48.07,
    49.35,
    47.22,
    48.62,
    50.23,
    49.93,
    47.89,
    50.37,
    49.87,
    51.06,
    51.38,
    50.95,
    48.95,
    52.32,
    53.38,
    52.27,
    51.11,
    54.4,
    52.69,
    54.74,
    54.61,
    52.77,
    54.46,
    54.57,
    55.61,
    55.23,
    55.97,
    55.8,
    56.3,
    54.91,
    55.91,
    55.75,
    56.99,
    57.53,
    56.93,
    57.57,
    57.15,
    56.76,
    58.19,
    57.84,
    58.2,
    57.61,
    58.36,
    58.39,
    58.68,
    58.82,
    58.92,
    58.91,
    58.77,
    58.83,
    58.77,
    59.0,
    58.8,
    58.84
  ],