{
  "train_loss": [
    4.5128421813964845,
    4.349009324645996,
    4.269835846710205,
    4.209729612731934,
    4.1426092041015625,
    4.093512442016602,
    4.010490230178833,
    3.950001237487793,
    3.884244613647461,
    3.8340499687194822,
    3.772352882385254,
    3.7030409713745116,
    3.6352319129943846,
    3.5830762828826903,
    3.5565950782775877,
    3.4808691661834716,
    3.425362670135498,
    3.3829685260772706,
    3.3355896701812746,
    3.3072011909484864,
    3.265771008682251,
    3.229625444030762,
    3.1716008918762206,
    3.1325987045288084,
    3.1138993938446045,
    3.0899313957214356,
    3.05261149559021,
    3.0124376293182373,
    3.004236598587036,
    2.966726378631592,
    2.943960205078125,
    2.9199894695281983,
    2.8810827640533447,
    2.872493639373779,
    2.833108603668213,
    2.83027459526062,
    2.809923466873169,
    2.784827227020264,
    2.774805930328369,
    2.7521330295562745,
    2.7476146938323973,
    2.7292157493591307,
    2.719063925933838,
    2.7080249950408937,
    2.721361145401001,
    2.708047937774658,
    2.6990387981414794,
    2.69801987991333,
    2.681349562835693,
    2.7060453483581544
  ],
  "train_acc": [
    3.17,
    4.89,
    5.8,
    7.24,
    7.99,
    9.17,
    11.18,
    11.85,
    13.11,
    14.27,
    15.59,
    17.3,
    19.01,
    20.17,
    20.28,
    22.38,
    23.01,
    24.28,
    25.46,
    26.34,
    27.13,
    28.42,
    29.7,
    30.49,
    31.45,
    31.94,
    32.55,
    34.25,
    34.59,
    35.36,
    36.15,
    36.76,
    37.73,
    37.92,
    39.22,
    39.36,
    39.81,
    41.1,
    41.02,
    41.31,
    41.97,
    42.64,
    42.52,
    42.89,
    43.01,
    43.25,
    43.42,
    43.59,
    43.71,
    42.89
  ],
  "train_acc5": [
    11.94,
    18.42,
    21.98,
    24.43,
    26.7,
    28.44,
    32.15,
    34.42,
    36.82,
    38.11,
    40.64,
    42.68,
    45.51,
    47.05,
    47.73,
    50.34,
    52.35,
    53.53,
    54.66,
    55.71,
    57.55,
    58.72,
    60.57,
    60.92,
    61.31,
    62.51,
    63.27,
    64.73,
    65.04,
    66.02,
    66.66,
    66.78,
    68.34,
    68.2,
    69.88,
    69.28,
    70.29,
    70.8,
    70.38,
    71.74,
    71.58,
    72.28,
    72.35,
    73.15,
    72.28,
    72.7,
    72.58,
    72.4,
    73.33,
    73.4
  ],
  "test_loss": [
    5.28272271194458,
    4.33806923904419,
    4.341608451843261,
    4.272985234069824,
    4.337361674880982,
    3.962351745605469,
    4.097233330535889,
    4.068702777862549,
    3.774381770324707,
    3.9284653831481933,
    3.7859874114990233,
    3.777116837310791,
    3.422609288406372,
    3.513703631210327,
    3.4043723114013673,
    3.461453120803833,
    3.2877458305358886,
    3.2013594982147215,
    3.298184925842285,
    3.082685784912109,
    3.029491528701782,
    3.014797053527832,
    3.0887020660400393,
    2.9155975200653077,
    2.969637586212158,
    2.9326068923950195,
    2.9351885330200194,
    2.8567154258728027,
    2.8611185474395753,
    2.8164322177886962,
    2.78987530708313,
    2.7587327381134035,
    2.7910838428497313,
    2.735625351715088,
    2.733829695892334,
    2.6725359802246094,
    2.6722054718017576,
    2.669401151275635,
    2.645758029937744,
    2.662285207748413,
    2.6360079566955568,
    2.633597938156128,
    2.633126268005371,
    2.6272310943603516,
    2.6225839965820312,
    2.6216951038360596,
    2.6210164218902587,
    2.617415950393677,
    2.614951540374756,
    2.6089846015930176
  ],
  "test_acc": [
    4.07,
    6.74,
    7.48,
    8.09,
    8.81,
    11.78,
    12.44,
    13.36,
    17.58,
    15.77,
    16.35,
    18.14,
    23.92,
    23.56,
    25.04,
    24.29,
    28.0,
    29.84,
    28.56,
    32.27,
    32.84,
    33.89,
    33.59,
    37.46,
    36.25,
    37.14,
    36.73,
    39.32,
    39.28,
    39.72,
    41.37,
    41.31,
    41.16,
    42.87,
    42.31,
    43.59,
    44.33,
    44.03,
    45.2,
    44.81,
    45.47,
    45.3,
    45.86,
    46.02,
    46.03,
    46.27,
    46.15,
    46.46,
    46.41,
    46.35
  ],
  "test_acc5": [
    16.32,
    24.2,
    24.94,
    28.7,
    28.11,
    34.86,
    35.89,
    37.76,
    44.88,
    41.71,
    42.63,
    46.18,
    52.95,
    52.71,
    54.95,
    54.57,
    59.18,
    61.64,
    59.19,
    63.82,
    65.51,
    66.62,
    64.92,
    69.52,
    68.42,
    68.84,
    69.68,
    70.96,
    71.26,
    71.92,
    73.28,
    73.12,
    73.09,
    74.07,
    74.06,
    75.25,
    75.78,
    75.3,
    75.97,
    75.66,
    76.41,
    76.09,
    76.24,
    76.34,
    76.49,
    76.44,
    76.7,
    76.67,
    76.79,
    76.82
  ],
  "lr": [
    0.001,
    0.0009990133642141358,
    0.000996057350657239,
    0.0009911436253643444,
    0.0009842915805643156,
    0.0009755282581475769,
    0.0009648882429441258,
    0.0009524135262330099,
    0.0009381533400219318,
    0.0009221639627510075,
    0.0009045084971874736,
    0.0008852566213878945,
    0.0008644843137107056,
    0.0008422735529643443,
    0.0008187119948743448,
    0.0007938926261462366,
    0.0007679133974894982,
    0.0007408768370508576,
    0.0007128896457825362,
    0.0006840622763423389,
    0.0006545084971874735,
    0.0006243449435824271,
    0.0005936906572928622,
    0.000562666616782152,
    0.0005313952597646566,
    0.0004999999999999998,
    0.00046860474023534314,
    0.00043733338321784774,
    0.00040630934270713756,
    0.00037565505641757246,
    0.00034549150281252633,
    0.00031593772365766105,
    0.00028711035421746355,
    0.0002591231629491422,
    0.00023208660251050145,
    0.00020610737385376337,
    0.00018128800512565502,
    0.00015772644703565555,
    0.00013551568628929425,
    0.00011474337861210535,
    9.549150281252626e-05,
    7.783603724899252e-05,
    6.184665997806817e-05,
    4.7586473766990294e-05,
    3.5111757055874305e-05,
    2.4471741852423218e-05,
    1.5708419435684507e-05,
    8.856374635655634e-06,
    3.942649342761115e-06,
    9.866357858642198e-07
  ],
  "epoch_time": [
    3.2570297718048096,
    2.7672221660614014,
    2.7652432918548584,
    2.818464517593384,
    2.777923345565796,
    2.8013339042663574,
    2.7716827392578125,
    2.796440839767456,
    2.793527126312256,
    2.815183162689209,
    2.7789618968963623,
    2.789405345916748,
    2.8282952308654785,
    2.849215269088745,
    2.843740463256836,
    2.8702380657196045,
    2.859264850616455,
    2.8156983852386475,
    2.8417537212371826,
    2.8557252883911133,
    2.9007880687713623,
    2.850405693054199,
    2.8451554775238037,
    2.859487533569336,
    2.8784265518188477,
    2.880568265914917,
    2.8127405643463135,
    2.8562369346618652,
    2.82930064201355,
    2.857844591140747,
    2.8615007400512695,
    2.8506486415863037,
    2.8485488891601562,
    2.8235836029052734,
    2.8538057804107666,
    2.8386616706848145,
    2.8617398738861084,
    2.8616509437561035,
    2.8191797733306885,
    2.8142027854919434,
    2.8172755241394043,
    2.843759059906006,
    2.8493778705596924,
    2.858445405960083,
    2.843376874923706,
    2.8621439933776855,
    2.8757073879241943,
    2.8511650562286377,
    2.8446035385131836,
    2.8573594093322754
  ]
}