{
  "train_loss": [
    4.309160382843017,
    3.9982958966064452,
    3.728034096221924,
    3.492442672653198,
    3.327839589996338,
    3.1990468865966797,
    3.0896394089508057,
    2.9944272035217283,
    2.9156013841247557,
    2.8572670486450193,
    2.789172466659546,
    2.732212265625,
    2.689620097427368,
    2.6475693464660646,
    2.5988202030181884,
    2.5716728071594237,
    2.5356340258026124,
    2.5067118420410157,
    2.472386160888672,
    2.44035475440979,
    2.419745263214111,
    2.3957419876098633,
    2.373280947418213,
    2.3563720658111573,
    2.327246719970703,
    2.3093369677734374,
    2.2910120050811766,
    2.2715411360931395,
    2.2598391844940187,
    2.2345650189208985,
    2.224086255493164,
    2.2003627447509766,
    2.1841558224487305,
    2.1708603792572023,
    2.160580916290283,
    2.1482024534606934,
    2.1406104801940917,
    2.132677457046509,
    2.121359152297974,
    2.114837329864502,
    2.1129472651672363,
    2.089889601135254,
    2.086639893798828,
    2.0952740648651123,
    2.084015926818848,
    2.078449815979004,
    2.0782726570892334,
    2.0736093646240232,
    2.073785864868164,
    2.078521568069458
  ],
  "train_acc": [
    5.67,
    10.928,
    16.372,
    21.648,
    25.598,
    28.592,
    31.712,
    34.232,
    36.472,
    37.846,
    39.702,
    41.398,
    42.8,
    44.034,
    45.26,
    45.832,
    47.092,
    47.782,
    48.844,
    49.85,
    50.548,
    51.288,
    51.642,
    52.33,
    53.392,
    53.864,
    54.186,
    54.708,
    55.418,
    56.118,
    56.466,
    57.082,
    57.494,
    58.196,
    58.482,
    58.624,
    59.152,
    59.262,
    59.502,
    59.948,
    59.926,
    60.834,
    60.936,
    60.376,
    60.952,
    60.822,
    60.934,
    60.984,
    61.216,
    60.922
  ],
  "train_acc5": [
    20.268,
    32.342,
    41.92,
    50.026,
    55.354,
    59.27,
    62.44,
    65.044,
    67.092,
    68.462,
    70.316,
    71.696,
    72.88,
    73.83,
    74.952,
    75.742,
    76.572,
    76.986,
    77.966,
    78.7,
    78.936,
    79.426,
    80.1,
    80.35,
    81.044,
    81.5,
    81.812,
    82.126,
    82.424,
    82.828,
    83.052,
    83.598,
    83.712,
    84.128,
    84.374,
    84.642,
    84.662,
    84.698,
    85.116,
    85.236,
    85.142,
    85.746,
    85.854,
    85.698,
    85.86,
    85.944,
    85.93,
    86.198,
    85.988,
    85.824
  ],
  "test_loss": [
    4.018020420074463,
    3.714132283782959,
    3.3509513748168946,
    3.0733225963592528,
    2.9618882415771486,
    2.8142831382751465,
    2.6663543212890626,
    2.5814528579711915,
    2.582897317504883,
    2.4577090366363525,
    2.3585493003845213,
    2.3436150398254396,
    2.3615459264755247,
    2.252102963638306,
    2.2384860694885256,
    2.211814810562134,
    2.147222469711304,
    2.120834214782715,
    2.084534464645386,
    2.071386708831787,
    2.0943368518829346,
    2.0495746440887452,
    2.0068844820022584,
    1.9811255302429198,
    1.9723180429458618,
    1.9651987407684326,
    1.9637293090820314,
    1.95050063457489,
    1.9404793962478637,
    1.9020757720947266,
    1.9034866367340089,
    1.8954381916046144,
    1.885511649131775,
    1.8694185529708862,
    1.8745535091400147,
    1.8543054912567138,
    1.8513128997802735,
    1.8451236000061035,
    1.846307441329956,
    1.8390096027374268,
    1.8361886180877685,
    1.8297778240203857,
    1.8287308269500733,
    1.8241098728179932,
    1.8213594579696655,
    1.819694371032715,
    1.8190375938415528,
    1.8198497592926026,
    1.8210649562835692,
    1.8187966146469117
  ],
  "test_acc": [
    9.39,
    16.7,
    25.57,
    32.32,
    35.42,
    39.24,
    43.47,
    45.79,
    47.21,
    50.36,
    52.67,
    53.08,
    53.36,
    55.87,
    56.09,
    57.44,
    59.76,
    59.81,
    61.6,
    62.02,
    61.65,
    62.48,
    63.89,
    64.93,
    64.78,
    64.77,
    65.2,
    65.64,
    66.4,
    67.2,
    66.95,
    66.82,
    67.48,
    68.48,
    67.92,
    68.62,
    68.73,
    69.13,
    69.08,
    69.3,
    69.73,
    69.74,
    69.64,
    69.69,
    69.8,
    69.89,
    69.78,
    69.68,
    69.79,
    69.87
  ],
  "test_acc5": [
    32.15,
    43.99,
    56.62,
    65.04,
    68.35,
    72.09,
    74.87,
    78.16,
    78.53,
    79.95,
    82.38,
    82.91,
    82.84,
    84.65,
    85.04,
    84.74,
    86.53,
    87.06,
    87.86,
    88.18,
    87.59,
    88.54,
    88.88,
    89.38,
    89.67,
    89.64,
    89.89,
    90.11,
    90.5,
    90.97,
    90.29,
    90.74,
    91.11,
    91.2,
    90.97,
    91.51,
    91.42,
    91.34,
    91.54,
    91.65,
    91.85,
    91.89,
    91.93,
    91.97,
    91.96,
    91.97,
    91.89,
    91.93,
    91.91,
    92.06
  ],
  "lr": [
    0.001,
    0.0009990133642141358,
    0.000996057350657239,
    0.0009911436253643444,
    0.0009842915805643156,
    0.0009755282581475769,
    0.0009648882429441258,
    0.0009524135262330099,
    0.0009381533400219318,
    0.0009221639627510075,
    0.0009045084971874736,
    0.0008852566213878945,
    0.0008644843137107056,
    0.0008422735529643443,
    0.0008187119948743448,
    0.0007938926261462366,
    0.0007679133974894982,
    0.0007408768370508576,
    0.0007128896457825362,
    0.0006840622763423389,
    0.0006545084971874735,
    0.0006243449435824271,
    0.0005936906572928622,
    0.000562666616782152,
    0.0005313952597646566,
    0.0004999999999999998,
    0.00046860474023534314,
    0.00043733338321784774,
    0.00040630934270713756,
    0.00037565505641757246,
    0.00034549150281252633,
    0.00031593772365766105,
    0.00028711035421746355,
    0.0002591231629491422,
    0.00023208660251050145,
    0.00020610737385376337,
    0.00018128800512565502,
    0.00015772644703565555,
    0.00013551568628929425,
    0.00011474337861210535,
    9.549150281252626e-05,
    7.783603724899252e-05,
    6.184665997806817e-05,
    4.7586473766990294e-05,
    3.5111757055874305e-05,
    2.4471741852423218e-05,
    1.5708419435684507e-05,
    8.856374635655634e-06,
    3.942649342761115e-06,
    9.866357858642198e-07
  ],
  "epoch_time": [
    10.746766805648804,
    10.094073295593262,
    10.126908540725708,
    10.154949188232422,
    10.15786337852478,
    10.191768169403076,
    10.165117502212524,
    10.188215732574463,
    10.160130977630615,
    10.17825722694397,
    10.151857376098633,
    10.153146505355835,
    10.160859107971191,
    10.173454523086548,
    10.161786794662476,
    10.165032386779785,
    10.171356201171875,
    10.176725387573242,
    10.17760181427002,
    10.172033309936523,
    10.180009603500366,
    10.16158652305603,
    10.169083595275879,
    10.17020058631897,
    10.173359394073486,
    10.180640935897827,
    10.12785291671753,
    10.156115531921387,
    10.159788608551025,
    10.176052570343018,
    10.187205791473389,
    10.200883865356445,
    10.169456481933594,
    10.159624814987183,
    10.148128509521484,
    10.138354301452637,
    10.173852920532227,
    10.180238008499146,
    10.171372652053833,
    10.168450593948364,
    10.17833924293518,
    10.165217876434326,
    10.175883293151855,
    10.118756771087646,
    10.115465641021729,
    10.162719964981079,
    10.173135995864868,
    10.148179054260254,
    10.181178331375122,
    10.16500473022461
  ]
}