{
  "train_loss": [
    4.495210871124268,
    4.263981484985352,
    4.103510904693604,
    3.9360392288208006,
    3.7658442707061766,
    3.6288226989746093,
    3.502100082397461,
    3.3940004112243654,
    3.296923853302002,
    3.214103142547607,
    3.1251720916748047,
    3.046889486694336,
    2.982924938964844,
    2.9324519374847413,
    2.8835472137451172,
    2.825914508056641,
    2.759866835784912,
    2.7346947395324706,
    2.6603884368896487,
    2.663857155609131,
    2.6015223064422606,
    2.572897743606567,
    2.526877571105957,
    2.494461067199707,
    2.4694334323883056,
    2.4449303089141847,
    2.4139354988098143,
    2.367599158859253,
    2.3522419105529786,
    2.317537368774414,
    2.300037763595581,
    2.2701261604309084,
    2.229750966644287,
    2.2203580421447753,
    2.182944828414917,
    2.185161822128296,
    2.1611211681365967,
    2.13384900932312,
    2.12358056678772,
    2.113566477584839,
    2.1054528732299804,
    2.0940104969024658,
    2.0737262046813965,
    2.070603988647461,
    2.088463848876953,
    2.071194422149658,
    2.06102081451416,
    2.0690981212615966,
    2.0506291988372802,
    2.057867367553711
  ],
  "train_acc": [
    3.48,
    6.45,
    9.37,
    12.57,
    16.64,
    18.54,
    21.7,
    25.03,
    26.52,
    29.36,
    31.24,
    33.11,
    34.9,
    36.75,
    37.44,
    39.43,
    41.22,
    41.49,
    44.14,
    44.17,
    45.77,
    46.51,
    48.38,
    48.49,
    49.75,
    50.2,
    51.49,
    53.12,
    53.67,
    54.25,
    54.71,
    56.5,
    57.3,
    57.92,
    58.61,
    59.93,
    59.86,
    60.37,
    60.98,
    61.02,
    61.95,
    62.42,
    62.78,
    62.69,
    62.69,
    62.54,
    63.13,
    63.09,
    63.86,
    63.17
  ],
  "train_acc5": [
    13.13,
    22.44,
    29.33,
    34.51,
    40.74,
    45.99,
    49.98,
    53.96,
    56.39,
    58.95,
    61.58,
    63.71,
    65.23,
    66.66,
    68.09,
    69.95,
    71.19,
    71.81,
    73.48,
    73.9,
    74.94,
    75.97,
    77.12,
    77.75,
    78.26,
    78.73,
    79.39,
    80.39,
    80.87,
    81.46,
    81.63,
    82.51,
    83.22,
    83.57,
    84.46,
    84.26,
    84.89,
    85.97,
    85.42,
    85.88,
    85.93,
    86.37,
    86.71,
    86.67,
    86.34,
    86.33,
    86.78,
    86.34,
    87.04,
    86.69
  ],
  "test_loss": [
    5.174329932403564,
    4.129669722747803,
    4.012215182495117,
    3.699252388381958,
    3.7475709335327148,
    3.338584248352051,
    3.2532536041259768,
    3.201144060897827,
    3.057418391418457,
    2.962405405807495,
    2.947746240234375,
    2.82655888671875,
    2.813466921234131,
    2.7834073860168456,
    2.7163594135284423,
    2.7985184967041015,
    2.6874218772888185,
    2.620225296783447,
    2.651310763168335,
    2.5756153106689452,
    2.5802906517028807,
    2.5291988216400147,
    2.5111215744018556,
    2.5476608013153075,
    2.4564862564086916,
    2.486317900848389,
    2.4565617816925047,
    2.433744980621338,
    2.4317412353515624,
    2.417385319137573,
    2.4324000736236573,
    2.3924145957946776,
    2.404903771972656,
    2.375493622970581,
    2.353176238632202,
    2.365016834259033,
    2.35294365234375,
    2.342636541366577,
    2.3334210845947267,
    2.336279878616333,
    2.3430145122528074,
    2.3271562057495117,
    2.346949945449829,
    2.3311044429779053,
    2.3334766841888426,
    2.3212187648773193,
    2.3273919139862063,
    2.319753034591675,
    2.326665670776367,
    2.3175266929626464
  ],
  "test_acc": [
    5.69,
    10.58,
    13.39,
    17.48,
    20.36,
    26.64,
    28.25,
    31.95,
    33.51,
    36.17,
    36.7,
    40.05,
    41.24,
    42.43,
    43.42,
    42.49,
    45.29,
    47.07,
    47.69,
    48.23,
    48.87,
    49.91,
    50.17,
    49.33,
    51.93,
    51.29,
    52.49,
    53.39,
    53.88,
    53.78,
    54.0,
    54.59,
    53.51,
    55.28,
    55.74,
    55.48,
    55.93,
    55.83,
    56.21,
    56.05,
    56.09,
    56.3,
    55.89,
    56.4,
    56.27,
    56.47,
    56.39,
    56.52,
    56.24,
    56.42
  ],
  "test_acc5": [
    21.7,
    32.63,
    36.21,
    45.79,
    47.55,
    56.96,
    60.35,
    63.55,
    64.55,
    68.79,
    69.04,
    71.82,
    72.02,
    73.88,
    74.6,
    74.23,
    76.58,
    77.84,
    77.56,
    78.62,
    78.85,
    79.74,
    80.2,
    79.35,
    81.28,
    80.58,
    81.71,
    82.12,
    81.99,
    82.18,
    82.09,
    82.75,
    82.18,
    82.87,
    83.13,
    83.07,
    83.24,
    83.06,
    83.41,
    83.24,
    83.49,
    83.54,
    83.41,
    83.56,
    83.47,
    83.63,
    83.78,
    83.72,
    83.51,
    83.74
  ],
  "lr": [
    0.001,
    0.0009990133642141358,
    0.000996057350657239,
    0.0009911436253643444,
    0.0009842915805643156,
    0.0009755282581475769,
    0.0009648882429441258,
    0.0009524135262330099,
    0.0009381533400219318,
    0.0009221639627510075,
    0.0009045084971874736,
    0.0008852566213878945,
    0.0008644843137107056,
    0.0008422735529643443,
    0.0008187119948743448,
    0.0007938926261462366,
    0.0007679133974894982,
    0.0007408768370508576,
    0.0007128896457825362,
    0.0006840622763423389,
    0.0006545084971874735,
    0.0006243449435824271,
    0.0005936906572928622,
    0.000562666616782152,
    0.0005313952597646566,
    0.0004999999999999998,
    0.00046860474023534314,
    0.00043733338321784774,
    0.00040630934270713756,
    0.00037565505641757246,
    0.00034549150281252633,
    0.00031593772365766105,
    0.00028711035421746355,
    0.0002591231629491422,
    0.00023208660251050145,
    0.00020610737385376337,
    0.00018128800512565502,
    0.00015772644703565555,
    0.00013551568628929425,
    0.00011474337861210535,
    9.549150281252626e-05,
    7.783603724899252e-05,
    6.184665997806817e-05,
    4.7586473766990294e-05,
    3.5111757055874305e-05,
    2.4471741852423218e-05,
    1.5708419435684507e-05,
    8.856374635655634e-06,
    3.942649342761115e-06,
    9.866357858642198e-07
  ],
  "epoch_time": [
    3.6301662921905518,
    3.0197343826293945,
    3.0377089977264404,
    3.020078659057617,
    3.0395824909210205,
    3.05851411819458,
    3.038456439971924,
    3.0360748767852783,
    3.0319604873657227,
    3.016352891921997,
    3.038532018661499,
    3.031280279159546,
    3.0558464527130127,
    3.0705983638763428,
    3.049651622772217,
    3.1071345806121826,
    3.1160316467285156,
    3.0379600524902344,
    3.071580171585083,
    3.0956130027770996,
    3.070838689804077,
    3.095747470855713,
    3.0510053634643555,
    3.026104688644409,
    3.1159613132476807,
    3.1270663738250732,
    3.1686952114105225,
    3.1320323944091797,
    3.115206003189087,
    3.1142818927764893,
    3.0673961639404297,
    3.0772225856781006,
    3.059682846069336,
    3.113844871520996,
    3.0703115463256836,
    3.1089694499969482,
    3.0657992362976074,
    3.0626654624938965,
    3.1201281547546387,
    3.071711540222168,
    3.0929276943206787,
    3.0627171993255615,
    3.105835199356079,
    3.075530767440796,
    3.076491355895996,
    3.034780740737915,
    3.0684401988983154,
    3.072415590286255,
    3.061220169067383,
    3.0943005084991455
  ]
}