{
  "train_loss": [
    4.324854960784912,
    4.006830196762085,
    3.727567628479004,
    3.5041447689819334,
    3.3285414443969725,
    3.2081654388427734,
    3.0872779695129395,
    3.008319420623779,
    2.9262758784484864,
    2.8591146520996094,
    2.799134075241089,
    2.7520085765075684,
    2.7003262953186034,
    2.654813678741455,
    2.617829415740967,
    2.582787694091797,
    2.5455415943145754,
    2.5159468756103514,
    2.481872614364624,
    2.4654896977233887,
    2.4282811201477053,
    2.4140334420776366,
    2.390187472076416,
    2.3598734101867676,
    2.3404417235565185,
    2.326002639694214,
    2.3024220442199708,
    2.2811571389770506,
    2.269621282196045,
    2.2415120222473144,
    2.2404204679107664,
    2.222627978363037,
    2.1963818061828615,
    2.1978607885742187,
    2.1787186405181886,
    2.1661118878173826,
    2.1537082080841063,
    2.140612314834595,
    2.130419715576172,
    2.123970548782349,
    2.1207185120391845,
    2.1069221900939943,
    2.1077288681030275,
    2.0989169174957274,
    2.094795160446167,
    2.0924497386169434,
    2.0896130025482176,
    2.0872596897125244,
    2.0893246507263186,
    2.0876631075286864
  ],
  "train_acc": [
    5.438,
    10.736,
    16.416,
    21.168,
    25.486,
    28.894,
    31.696,
    33.552,
    35.94,
    37.822,
    39.384,
    41.01,
    42.514,
    43.75,
    44.506,
    45.61,
    46.752,
    47.514,
    48.582,
    49.28,
    50.312,
    50.634,
    51.354,
    52.316,
    52.892,
    53.274,
    54.012,
    54.944,
    54.998,
    55.834,
    55.924,
    56.626,
    57.214,
    57.468,
    57.972,
    58.452,
    58.67,
    58.986,
    59.15,
    59.678,
    59.532,
    60.18,
    59.98,
    60.376,
    60.536,
    60.45,
    60.65,
    60.812,
    60.734,
    60.802
  ],
  "train_acc5": [
    19.55,
    31.944,
    42.198,
    49.638,
    55.028,
    58.7,
    62.538,
    64.638,
    66.894,
    68.83,
    70.082,
    71.346,
    72.296,
    73.68,
    74.432,
    75.29,
    76.078,
    76.918,
    77.692,
    77.894,
    78.784,
    79.012,
    79.546,
    80.13,
    80.668,
    80.97,
    81.396,
    82.022,
    82.066,
    82.77,
    82.826,
    83.022,
    83.778,
    83.494,
    83.93,
    84.276,
    84.448,
    84.756,
    85.08,
    84.848,
    85.128,
    85.532,
    85.44,
    85.606,
    85.648,
    85.818,
    85.756,
    85.926,
    85.72,
    85.848
  ],
  "test_loss": [
    4.061182600402832,
    3.8767937503814696,
    3.3245965518951417,
    3.189587939453125,
    2.9951797500610353,
    2.794416342163086,
    2.870733118057251,
    2.638913815307617,
    2.6212690330505373,
    2.4458087432861326,
    2.377460432815552,
    2.410170771789551,
    2.33907253112793,
    2.249879412078857,
    2.257175109100342,
    2.256014577102661,
    2.1800137115478515,
    2.1545149269104003,
    2.095147512435913,
    2.0772555999755857,
    2.034963669204712,
    2.050274817276001,
    2.0583657890319826,
    2.002929098510742,
    2.0032336585998536,
    1.9740581756591797,
    1.9531756462097167,
    1.93761971950531,
    1.9315533550262451,
    1.9119850002288818,
    1.9160723045349122,
    1.90679496383667,
    1.889818007659912,
    1.8750953214645385,
    1.8776050556182862,
    1.8685615264892579,
    1.8633125379562379,
    1.8485409227371217,
    1.8541232202529907,
    1.8410482921600342,
    1.840544313812256,
    1.832349277496338,
    1.8311017093658448,
    1.8307564413070678,
    1.826817880821228,
    1.822570133781433,
    1.8219415332794189,
    1.8233167980194092,
    1.823109913635254,
    1.824094764137268
  ],
  "test_acc": [
    10.57,
    14.31,
    24.27,
    29.28,
    34.93,
    39.85,
    38.46,
    44.74,
    45.14,
    50.18,
    52.51,
    52.49,
    53.5,
    55.8,
    56.12,
    55.98,
    58.34,
    58.65,
    61.57,
    61.86,
    62.27,
    62.79,
    62.78,
    63.85,
    64.03,
    64.61,
    65.09,
    66.01,
    65.84,
    66.86,
    66.87,
    67.38,
    67.76,
    68.09,
    67.93,
    68.02,
    68.48,
    68.78,
    68.52,
    69.04,
    69.02,
    69.1,
    69.18,
    69.35,
    69.63,
    69.62,
    69.62,
    69.53,
    69.6,
    69.47
  ],
  "test_acc5": [
    30.8,
    40.14,
    56.37,
    61.31,
    66.78,
    72.02,
    71.0,
    76.97,
    77.03,
    80.69,
    82.19,
    81.48,
    82.75,
    84.42,
    84.51,
    84.79,
    86.08,
    86.61,
    87.64,
    87.79,
    88.29,
    88.55,
    88.46,
    89.16,
    89.11,
    89.46,
    89.6,
    90.02,
    89.8,
    90.74,
    90.52,
    90.41,
    90.71,
    91.0,
    90.86,
    91.15,
    91.16,
    91.34,
    91.35,
    91.65,
    91.37,
    91.67,
    91.57,
    91.57,
    91.61,
    91.68,
    91.79,
    91.66,
    91.57,
    91.67
  ],
  "lr": [
    0.001,
    0.0009990133642141358,
    0.000996057350657239,
    0.0009911436253643444,
    0.0009842915805643156,
    0.0009755282581475769,
    0.0009648882429441258,
    0.0009524135262330099,
    0.0009381533400219318,
    0.0009221639627510075,
    0.0009045084971874736,
    0.0008852566213878945,
    0.0008644843137107056,
    0.0008422735529643443,
    0.0008187119948743448,
    0.0007938926261462366,
    0.0007679133974894982,
    0.0007408768370508576,
    0.0007128896457825362,
    0.0006840622763423389,
    0.0006545084971874735,
    0.0006243449435824271,
    0.0005936906572928622,
    0.000562666616782152,
    0.0005313952597646566,
    0.0004999999999999998,
    0.00046860474023534314,
    0.00043733338321784774,
    0.00040630934270713756,
    0.00037565505641757246,
    0.00034549150281252633,
    0.00031593772365766105,
    0.00028711035421746355,
    0.0002591231629491422,
    0.00023208660251050145,
    0.00020610737385376337,
    0.00018128800512565502,
    0.00015772644703565555,
    0.00013551568628929425,
    0.00011474337861210535,
    9.549150281252626e-05,
    7.783603724899252e-05,
    6.184665997806817e-05,
    4.7586473766990294e-05,
    3.5111757055874305e-05,
    2.4471741852423218e-05,
    1.5708419435684507e-05,
    8.856374635655634e-06,
    3.942649342761115e-06,
    9.866357858642198e-07
  ],
  "epoch_time": [
    10.575413703918457,
    10.066754817962646,
    10.083667278289795,
    10.075178623199463,
    10.105072498321533,
    10.088889122009277,
    10.092766761779785,
    10.094642162322998,
    10.109439611434937,
    10.098526239395142,
    10.111066818237305,
    10.120388269424438,
    10.053939580917358,
    10.120872259140015,
    10.075572729110718,
    10.072031736373901,
    10.068624019622803,
    10.086708784103394,
    10.134605407714844,
    10.11721658706665,
    10.099913120269775,
    10.099637031555176,
    10.106920719146729,
    10.148259401321411,
    10.113266944885254,
    10.115767240524292,
    10.12142038345337,
    10.102455139160156,
    10.12520456314087,
    10.151004076004028,
    10.109490633010864,
    10.063985586166382,
    10.124282836914062,
    10.09475064277649,
    10.10545039176941,
    10.064940214157104,
    10.082513809204102,
    10.113441944122314,
    10.10379672050476,
    10.021349668502808,
    10.123702049255371,
    10.093433618545532,
    10.11015248298645,
    10.140623331069946,
    10.116793870925903,
    10.17155122756958,
    10.096755504608154,
    10.135627746582031,
    10.10401201248169,
    10.076611042022705
  ]
}