{
  "train_loss": [
    4.1449567555236815,
    3.5275532931518554,
    3.179837692565918,
    2.994245224914551,
    2.856177338180542,
    2.7565035468292236,
    2.679022972335815,
    2.6179581447601317,
    2.560703914642334,
    2.5095234743499755,
    2.4674465187835692,
    2.4272033615112303,
    2.3953742514038088,
    2.3668215126037597,
    2.336891591415405,
    2.304041094055176,
    2.2876668883514406,
    2.2607884129333495,
    2.2451643753051758,
    2.2315628845977784,
    2.206062291870117,
    2.191540941390991,
    2.1733941007232667,
    2.1656812462997435,
    2.1413920642471314,
    2.134992026824951,
    2.117016353225708,
    2.0982979067230225,
    2.077233226776123,
    2.065600657043457,
    2.0681118091583253,
    2.0496768253326416,
    2.03478295211792,
    2.023532394104004,
    2.017632813720703,
    2.0121676918792724,
    2.0018778827667236,
    1.9823457392883301,
    1.9795582500457765,
    1.966473342590332,
    1.9518885066986085,
    1.9521539668273926,
    1.9472151949310303,
    1.934736828918457,
    1.9283345908355713,
    1.909946357421875,
    1.9126991662216186,
    1.9096069623184204,
    1.8873646069335936,
    1.8780717721557618,
    1.878896056060791,
    1.8698649419403077,
    1.8531644008636474,
    1.8539364254760742,
    1.8479766721343993,
    1.8443295362854004,
    1.8275247712707519,
    1.8323240879058837,
    1.8296650650787354,
    1.808912275543213,
    1.8168582537460327,
    1.801419224472046,
    1.796710955619812,
    1.7932542627716064,
    1.7858650450897218,
    1.7806538465118409,
    1.7756691036224366,
    1.773263388748169,
    1.761976475982666,
    1.7581745380401612,
    1.7607903636550903,
    1.7512071238708495,
    1.7484519444274902,
    1.7398179942321776,
    1.738293339881897,
    1.7338768217468261,
    1.7287561336135864,
    1.7354317908477783,
    1.729791508331299,
    1.7253894916152954,
    1.728740923347473,
    1.715084560394287,
    1.7155937677001953,
    1.712793515625,
    1.7097453429794311,
    1.7085573851776124,
    1.71250013671875,
    1.7135186861801148,
    1.7049662417602538,
    1.70110469581604,
    1.7004429009246826,
    1.705330687942505,
    1.7071447400283815,
    1.6983248657226562,
    1.7001584241485597,
    1.7021167543029785,
    1.6978414569091798,
    1.6949553833007813,
    1.7043351644897462,
    1.699453450012207
  ],
  "train_acc": [
    8.882,
    21.296,
    29.348,
    34.206,
    37.944,
    41.042,
    42.988,
    44.552,
    46.388,
    47.948,
    48.878,
    50.248,
    51.45,
    51.974,
    52.92,
    53.956,
    54.678,
    55.284,
    55.758,
    56.078,
    56.92,
    57.224,
    58.014,
    58.282,
    58.944,
    59.098,
    59.778,
    60.512,
    60.834,
    61.576,
    61.192,
    61.6,
    62.348,
    62.718,
    62.642,
    62.972,
    62.998,
    63.656,
    64.184,
    64.534,
    64.754,
    65.03,
    65.156,
    65.462,
    65.742,
    66.414,
    66.176,
    66.274,
    66.98,
    67.298,
    67.458,
    67.644,
    68.068,
    68.166,
    68.462,
    68.484,
    69.042,
    68.902,
    68.928,
    69.804,
    69.424,
    69.886,
    70.166,
    70.19,
    70.53,
    70.73,
    70.628,
    70.806,
    71.08,
    71.322,
    71.358,
    71.564,
    71.642,
    71.872,
    72.138,
    72.162,
    72.378,
    72.308,
    72.138,
    72.358,
    72.31,
    72.812,
    72.792,
    72.876,
    73.028,
    73.206,
    73.008,
    72.946,
    73.294,
    73.356,
    73.458,
    73.146,
    73.32,
    73.586,
    73.486,
    73.362,
    73.468,
    73.61,
    73.288,
    73.336
  ],
  "train_acc5": [
    26.684,
    48.764,
    59.748,
    65.088,
    68.476,
    70.988,
    72.7,
    74.444,
    75.442,
    76.87,
    77.906,
    78.712,
    79.21,
    80.042,
    80.638,
    81.508,
    81.64,
    82.066,
    82.578,
    82.84,
    83.352,
    83.618,
    83.766,
    84.164,
    84.602,
    84.512,
    85.006,
    85.494,
    85.85,
    86.014,
    86.002,
    86.35,
    86.68,
    87.066,
    86.912,
    86.992,
    87.28,
    87.66,
    87.594,
    87.92,
    88.224,
    87.968,
    88.002,
    88.33,
    88.492,
    88.786,
    88.754,
    88.754,
    89.208,
    89.348,
    89.264,
    89.548,
    89.932,
    89.934,
    89.786,
    89.894,
    90.332,
    90.16,
    90.254,
    90.544,
    90.31,
    90.628,
    90.692,
    90.652,
    90.968,
    90.902,
    90.98,
    91.038,
    91.342,
    91.228,
    91.224,
    91.444,
    91.436,
    91.662,
    91.698,
    91.612,
    91.83,
    91.67,
    91.738,
    91.884,
    91.788,
    91.97,
    91.946,
    92.096,
    92.102,
    92.084,
    92.018,
    91.996,
    92.082,
    92.222,
    92.296,
    92.224,
    91.898,
    92.244,
    92.204,
    92.178,
    92.274,
    92.306,
    92.146,
    92.24
  ],
  "test_loss": [
    3.469171143722534,
    2.9368869941711426,
    2.6403698993682863,
    2.4884588218688966,
    2.3871889518737794,
    2.3157392700195314,
    2.234934386444092,
    2.2133107418060303,
    2.1773332637786864,
    2.0943539154052733,
    2.0630763565063477,
    2.019769811820984,
    2.0312135314941404,
    1.984595849609375,
    1.9447517864227295,
    1.9405368644714356,
    1.9288525680541992,
    1.916047608566284,
    1.892624504852295,
    1.8863141975402833,
    1.8571421211242676,
    1.8753657470703124,
    1.8380108295440674,
    1.8291784042358399,
    1.8604352817535401,
    1.821545837020874,
    1.8268243896484375,
    1.807587960243225,
    1.802283090400696,
    1.8037762435913085,
    1.788665521812439,
    1.777636967086792,
    1.767830187034607,
    1.7833370861053466,
    1.7738167825698852,
    1.7569178287506104,
    1.7639558048248292,
    1.75392186126709,
    1.7534413722991944,
    1.735339550971985,
    1.740421416091919,
    1.7387814811706543,
    1.729804587173462,
    1.724361353302002,
    1.7183351602554322,
    1.7287456941604615,
    1.7223012042999268,
    1.7231705327987672,
    1.7006956647872924,
    1.7204029090881348,
    1.6992529453277587,
    1.696790338897705,
    1.692774764251709,
    1.6997448276519775,
    1.6972586612701417,
    1.6922265155792235,
    1.6839244014739991,
    1.6857304626464844,
    1.6816757236480713,
    1.6849542631149292,
    1.672669659614563,
    1.6776685987472535,
    1.675095669746399,
    1.6758529397964477,
    1.6803878520965576,
    1.6711791130065918,
    1.6704237747192383,
    1.6642052783966064,
    1.6641807216644287,
    1.6642180948257446,
    1.6618548038482666,
    1.6558514221191407,
    1.6595120803833008,
    1.6578488597869874,
    1.6508638898849488,
    1.6536701812744141,
    1.6489716087341308,
    1.6543967483520507,
    1.6480661724090577,
    1.6448438125610352,
    1.6487896011352539,
    1.644926665878296,
    1.6475633514404298,
    1.6440529735565186,
    1.6481313335418701,
    1.6445919805526734,
    1.6426929405212403,
    1.6437722089767457,
    1.641040562057495,
    1.6434357265472412,
    1.6441649993896483,
    1.6418414995193482,
    1.6410987689971923,
    1.6387071001052858,
    1.6399511352539062,
    1.642297462081909,
    1.6404902753829955,
    1.6409792863845825,
    1.6423207557678223,
    1.6390704391479491
  ],