{
  "train_loss": [
    4.340847461242676,
    4.0480199327087405,
    3.792314697570801,
    3.574127158432007,
    3.3902791580963134,
    3.2540503457641603,
    3.1577182458496096,
    3.053905710449219,
    2.977248289871216,
    2.907347534713745,
    2.8465364698028566,
    2.7961023877716062,
    2.744394669494629,
    2.692657500152588,
    2.6619944868469236,
    2.623526172180176,
    2.5930497354888917,
    2.5576164929199217,
    2.53557958732605,
    2.5021421327972413,
    2.481697785797119,
    2.447389122238159,
    2.4252142126464844,
    2.410406922607422,
    2.3900772143554687,
    2.366602120437622,
    2.3516980628204345,
    2.3363322950744627,
    2.308369968414307,
    2.2947447370910643,
    2.284409962234497,
    2.259322938461304,
    2.2523804163360595,
    2.2405752140808106,
    2.233597569656372,
    2.2107542876434327,
    2.199489557495117,
    2.19049946144104,
    2.172935478591919,
    2.1641833198547364,
    2.155478526687622,
    2.1528741593933107,
    2.1293018265533448,
    2.121762494354248,
    2.1103402001953127,
    2.0968042109680174,
    2.0971695561599732,
    2.076447647476196,
    2.078484449996948,
    2.0638150006866454,
    2.0603174459838867,
    2.055089963760376,
    2.04247233795166,
    2.0333251035690307,
    2.0219869798278807,
    2.014613271255493,
    2.006252273864746,
    2.001789091720581,
    1.9906959474182129,
    1.983722474975586,
    1.9778253145599365,
    1.9706010314941407,
    1.962381174736023,
    1.9594333882904054,
    1.9514482361602783,
    1.9498714125061034,
    1.9376747297668457,
    1.930670210456848,
    1.9368809982299804,
    1.917383691215515,
    1.923171686553955,
    1.9023662330627442,
    1.9080577798461915,
    1.9027473196411133,
    1.8976294534301759,
    1.8952403823089599,
    1.8924164531707763,
    1.8889051445770264,
    1.8822057820510865,
    1.8859107804107667,
    1.8779836475372313,
    1.870070642967224,
    1.8677299549865722,
    1.8642739589691162,
    1.8553372802734376,
    1.8598523918914796,
    1.8550378264236451,
    1.8548819437408448,
    1.8606249208831787,
    1.8486443321228028,
    1.8506320581817628,
    1.8496497652435302,
    1.8493586500167847,
    1.843372003326416,
    1.8496183582687378,
    1.8410408206939697,
    1.8368114424133302,
    1.8505189057922364,
    1.8457236854553223,
    1.8497382593536378
  ],
  "train_acc": [
    5.072,
    10.008,
    15.092,
    20.024,
    24.194,
    27.414,
    29.996,
    32.508,
    34.848,
    36.718,
    38.374,
    39.584,
    41.134,
    42.866,
    43.374,
    44.414,
    45.486,
    46.568,
    47.32,
    48.066,
    48.702,
    49.624,
    50.292,
    50.768,
    51.318,
    52.222,
    52.528,
    53.134,
    53.938,
    54.24,
    54.698,
    55.438,
    55.466,
    56.052,
    56.128,
    56.91,
    57.266,
    57.652,
    58.018,
    58.222,
    58.432,
    58.554,
    59.452,
    59.63,
    59.934,
    60.546,
    60.352,
    61.01,
    60.82,
    61.334,
    61.562,
    61.824,
    62.184,
    62.502,
    62.79,
    63.174,
    63.724,
    63.478,
    63.972,
    63.99,
    64.324,
    64.314,
    64.552,
    64.84,
    65.216,
    64.974,
    65.598,
    65.814,
    65.53,
    66.192,
    66.134,
    66.864,
    66.43,
    66.684,
    66.638,
    66.856,
    67.204,
    67.188,
    67.344,
    67.266,
    67.718,
    67.754,
    67.852,
    67.948,
    68.552,
    68.16,
    68.194,
    68.226,
    67.942,
    68.65,
    68.422,
    68.7,
    68.54,
    68.784,
    68.548,
    68.704,
    69.022,
    68.618,
    68.626,
    68.706
  ],
  "train_acc5": [
    18.838,
    30.644,
    40.042,
    47.434,
    53.278,
    57.458,
    60.552,
    63.344,
    65.498,
    67.422,
    68.772,
    70.088,
    71.33,
    72.682,
    73.322,
    74.42,
    75.022,
    75.998,
    76.116,
    77.102,
    77.33,
    78.382,
    78.976,
    79.158,
    79.722,
    79.916,
    80.47,
    80.768,
    81.446,
    81.748,
    82.064,
    82.342,
    82.382,
    82.824,
    82.84,
    83.222,
    83.532,
    83.532,
    84.052,
    84.258,
    84.468,
    84.534,
    84.794,
    85.012,
    85.248,
    85.614,
    85.568,
    85.902,
    85.816,
    86.148,
    86.112,
    86.146,
    86.658,
    86.666,
    87.016,
    86.97,
    87.028,
    87.246,
    87.434,
    87.62,
    87.568,
    87.876,
    88.216,
    88.076,
    88.27,
    88.226,
    88.39,
    88.582,
    88.286,
    88.722,
    88.658,
    88.944,
    88.886,
    88.968,
    89.302,
    89.24,
    89.2,
    89.15,
    89.4,
    89.338,
    89.494,
    89.604,
    89.846,
    89.626,
    89.766,
    89.79,
    89.88,
    89.834,
    89.776,
    89.882,
    89.788,
    89.896,
    89.956,
    90.136,
    89.91,
    90.24,
    90.2,
    90.02,
    89.96,
    89.732
  ],
  "test_loss": [
    4.249718251800537,
    3.8107198669433595,
    3.49598575592041,
    3.1137423404693605,
    2.9499279174804687,
    2.843332222366333,
    2.7047484348297117,
    2.737799949645996,
    2.5928979232788087,
    2.494571053314209,
    2.4313159633636476,
    2.496092992401123,
    2.382200870513916,
    2.2750843086242676,
    2.3134148803710937,
    2.2390871963500976,
    2.1752913772583007,
    2.2348007846832276,
    2.1071753879547117,
    2.120605810546875,
    2.109046862411499,
    2.1231577938079833,
    2.0774623344421386,
    2.059359958267212,
    2.0490383060455324,
    2.0238529668807983,
    1.987839792251587,
    2.016841034889221,
    1.9607263221740723,
    1.9851832473754882,
    1.9717728065490723,
    1.9218455961227416,
    1.9442775772094727,
    1.9461685626983642,
    1.9153640602111817,
    1.957238005256653,
    1.8965707008361816,
    1.9015875812530518,
    1.8846594676971435,
    1.876868607711792,
    1.8827588554382324,
    1.8534756732940674,
    1.8663260467529297,
    1.8512378242492675,
    1.8411397010803223,
    1.8403175718307496,
    1.819660415649414,
    1.8068972953796387,
    1.8339648920059204,
    1.8136081594467164,
    1.8118387865066528,
    1.816401612663269,
    1.786957095336914,
    1.8066488571166992,
    1.8029058671951295,
    1.7822311233520507,
    1.7841109245300293,
    1.7845617584228515,
    1.77531046295166,
    1.7590815200805665,
    1.7585975788116455,
    1.7646369369506836,
    1.7641263750076295,
    1.7596491693496703,
    1.7569734092712401,
    1.752106796836853,
    1.7514816024780273,
    1.738679146194458,
    1.744616230583191,
    1.7341196269989014,
    1.7368516946792603,
    1.7472213579177855,
    1.7334333778381348,
    1.7267602588653563,
    1.728735149383545,
    1.7219497604370118,
    1.7221049770355226,
    1.720768553161621,
    1.723830530166626,
    1.7205447063446044,
    1.7250785789489747,
    1.7174113632202148,
    1.7131365385055541,
    1.714999800491333,
    1.7166297981262206,
    1.7182836101531982,
    1.713231852722168,
    1.7080849018096924,
    1.7124647472381591,
    1.709720606994629,
    1.7093660236358643,
    1.7106919658660888,
    1.709586399078369,
    1.7077086353302002,
    1.7073535636901855,
    1.7103239974975586,
    1.706869775390625,
    1.707621865463257,
    1.7083601488113402,
    1.708441259765625
  ],