{
  "train_loss": [
    4.048118710784912,
    3.6326418354797365,
    3.4053426342773436,
    3.2342137655639647,
    3.102537537307739,
    2.99241138961792,
    2.8939851333618165,
    2.8209370063018797,
    2.74756947227478,
    2.6896159980773926,
    2.633053443450928,
    2.573050668563843,
    2.526771784286499,
    2.462260833129883,
    2.422623261947632,
    2.3823099234771727,
    2.334043649291992,
    2.293536661529541,
    2.254205128707886,
    2.210121347351074,
    2.169152123336792,
    2.1360659601593017,
    2.0960053929138183,
    2.059278959274292,
    2.015975480041504,
    1.9777453900527955,
    1.9435144491577148,
    1.9030180551147462,
    1.8572138161849976,
    1.8309599826049805,
    1.790102978668213,
    1.7597722026824951,
    1.723624139480591,
    1.6985182207107543,
    1.65585436920166,
    1.6201181614685058,
    1.5982719508361816,
    1.5640287744903565,
    1.5317668586349487,
    1.5023694405364991,
    1.4753397526550294,
    1.450838395614624,
    1.4278486248779296,
    1.4002350230407714,
    1.3855016804504394,
    1.3585826222991944,
    1.3400331566619874,
    1.3243348210906982,
    1.3044232795715331,
    1.287181254081726,
    1.2696531008911134,
    1.2529328569412232,
    1.2352580990982056,
    1.2185423707580567,
    1.2073507508087158,
    1.1904095751190185,
    1.182830813293457,
    1.1704804209518433,
    1.1591472059631347,
    1.1508225528335572,
    1.1339486938476562,
    1.1244737188720704,
    1.1155526288604736,
    1.1071438760375976,
    1.1001814849090576,
    1.0917666445922851,
    1.087358020133972,
    1.0749471341705323,
    1.070405274772644,
    1.0620356772232056,
    1.0577395141601562,
    1.0490838302230836,
    1.0417345824050903,
    1.0356898753738404,
    1.0337788535308838,
    1.0311700205230714,
    1.0252251798629761,
    1.0206420984268187,
    1.015441687889099,
    1.0093263328552247,
    1.008491591567993,
    1.0057572640228272,
    1.0051592110443115,
    0.9996373602294922,
    0.9956074080085754,
    0.9934957903289795,
    0.9960326050949097,
    0.9917969087219238,
    0.9880511122322082,
    0.9875192301559448,
    0.9859767917442321,
    0.9847255910682678,
    0.9861932468032837,
    0.9839154344558716,
    0.9838535298156739,
    0.9799607122421264,
    0.9817361372756958,
    0.9791200687789917,
    0.9803820230865479,
    0.9801076065063477
  ],
  "train_acc": [
    10.21,
    17.976,
    23.068,
    27.15,
    30.256,
    33.018,
    35.564,
    37.698,
    39.24,
    41.002,
    42.334,
    44.196,
    45.44,
    47.114,
    48.276,
    49.426,
    50.944,
    51.81,
    52.87,
    54.606,
    55.524,
    56.538,
    57.884,
    58.972,
    60.264,
    61.284,
    62.12,
    63.886,
    65.218,
    66.56,
    67.614,
    68.586,
    70.02,
    70.796,
    72.47,
    73.818,
    74.452,
    75.682,
    77.032,
    78.076,
    79.286,
    80.166,
    81.088,
    82.072,
    82.712,
    83.742,
    84.484,
    85.198,
    85.932,
    86.7,
    87.362,
    88.018,
    88.824,
    89.322,
    89.916,
    90.562,
    90.762,
    91.19,
    91.818,
    91.972,
    92.754,
    93.106,
    93.422,
    93.696,
    94.028,
    94.246,
    94.42,
    94.868,
    95.15,
    95.396,
    95.408,
    95.792,
    96.09,
    96.282,
    96.386,
    96.424,
    96.598,
    96.658,
    96.944,
    97.156,
    97.162,
    97.23,
    97.29,
    97.424,
    97.598,
    97.58,
    97.394,
    97.664,
    97.708,
    97.758,
    97.83,
    97.824,
    97.684,
    97.794,
    97.854,
    97.932,
    97.94,
    98.064,
    97.912,
    97.954
  ],
  "test_loss": [
    3.6369609466552735,
    3.4086256065368654,
    3.2181775703430175,
    3.062311187362671,
    2.9578580783843993,
    2.8356215660095216,
    2.7898565238952635,
    2.7077689846038817,
    2.6829121894836425,
    2.665132736968994,
    2.628913799285889,
    2.5679134586334227,
    2.5195588371276854,
    2.581740714263916,
    2.522624806976318,
    2.481421158218384,
    2.4771208431243896,
    2.445271284866333,
    2.437141255187988,
    2.4100146003723144,
    2.418154079437256,
    2.4104264183044433,
    2.4201859924316405,
    2.4023721073150637,
    2.426563974761963,
    2.422286250305176,
    2.411372959518433,
    2.425179357910156,
    2.440442872619629,
    2.432972277832031,
    2.434494199371338,
    2.441219709777832,
    2.4289236625671387,
    2.4399573928833007,
    2.4894092781066894,
    2.4873782371521,
    2.490006251525879,
    2.476951184082031,
    2.487480048370361,
    2.5159047813415527,
    2.5286791534423827,
    2.545626546859741,
    2.537014186859131,
    2.5495952983856203,
    2.5319400169372557,
    2.543075788116455,
    2.545237666320801,
    2.5713960903167723,
    2.5355388942718506,
    2.557679229736328,
    2.558455358505249,
    2.5573907897949217,
    2.5871376735687255,
    2.564802651977539,
    2.5586184768676756,
    2.565810541534424,
    2.571742407989502,
    2.56797666015625,
    2.5664276527404786,
    2.5802457653045656,
    2.5650040802001954,
    2.558930045700073,
    2.5637898555755614,
    2.5609968830108643,
    2.579340702056885,
    2.556367168045044,
    2.572891123199463,
    2.5753834869384766,
    2.5633256671905515,
    2.5572500957489015,
    2.55536554145813,
    2.5541882011413573,
    2.552026822280884,
    2.5486678661346436,
    2.5486067447662353,
    2.5434266315460206,
    2.5376138412475586,
    2.5387077884674074,
    2.5362307891845703,
    2.532123807144165,
    2.5361988582611086,
    2.534447822570801,
    2.5364740169525146,
    2.53210733833313,
    2.5320777111053467,
    2.52736037902832,
    2.5306574710845946,
    2.5288965381622313,
    2.5289985443115235,
    2.5208246887207033,
    2.5295608268737793,
    2.52646413192749,
    2.531112066268921,
    2.526496543121338,
    2.527342746734619,
    2.525099270629883,
    2.5263345333099365,
    2.5258842433929445,
    2.5296618598937988,
    2.521662944793701
  ],
  "test_acc": [
    18.4,
    22.69,
    28.43,
    31.94,
    35.01,
    37.75,
    38.56,
    41.33,
    42.45,
    42.81,
    43.87,
    45.33,
    46.76,
    44.88,
    47.53,
    48.41,
    48.45,
    49.21,
    50.17,
    50.48,
    50.98,
    50.27,
    50.57,
    51.32,
    51.25,
    51.47,
    51.78,
    51.79,
    51.84,
    52.52,
    52.41,
    52.68,
    52.98,
    52.96,
    52.0,
    52.53,
    53.02,
    53.37,
    53.22,
    52.29,
    52.84,
    52.75,
    52.69,
    52.51,
    53.17,
    52.97,
    53.2,
    52.98,
    53.2,
    53.46,
    52.63,
    53.29,
    52.86,
    53.18,
    53.17,
    53.2,
    53.47,
    53.56,
    53.74,
    53.03,
    53.62,
    53.94,
    53.81,
    53.31,
    53.13,
    53.78,
    53.75,
    53.15,
    53.54,
    53.63,
    53.65,
    53.59,
    53.84,
    53.92,
    53.92,
    53.95,
    53.98,
    53.98,
    54.08,
    54.06,
    53.86,
    53.97,
    53.98,
    54.12,
    53.98,
    54.44,
    54.1,
    54.09,
    53.91,
    54.34,
    54.11,
    53.99,
    54.16,
    54.2,
    54.17,
    54.16,
    54.18,
    54.17,
    54.08,
    54.19
  ],