{
  "train_loss": [
    4.350078752059937,
    4.0534646571350095,
    3.774276041870117,
    3.5400018166351317,
    3.3636059284973143,
    3.2395072760009764,
    3.134711126022339,
    3.0516381923675535,
    2.9671002140808107,
    2.886562042312622,
    2.8382845961761474,
    2.7819250183868407,
    2.727868254318237,
    2.6875501140594484,
    2.6433280691528322,
    2.598334535827637,
    2.5754860498046876,
    2.5371815784454346,
    2.5109652403259277,
    2.4795470809936524,
    2.4517140531921386,
    2.429452710647583,
    2.4014126426696776,
    2.386242738189697,
    2.3581751583862305,
    2.3441356869506835,
    2.3201095568084718,
    2.298649918899536,
    2.2767042402648925,
    2.260995938796997,
    2.254667618255615,
    2.2339310906219483,
    2.2189649641418456,
    2.202757218780518,
    2.195017678527832,
    2.1831977101135256,
    2.1718852222442626,
    2.154922489013672,
    2.156492176361084,
    2.145837716217041,
    2.1270408558654785,
    2.130328067398071,
    2.12196434173584,
    2.116352537918091,
    2.1165476267242433,
    2.103487192993164,
    2.1099085718536377,
    2.113540760574341,
    2.105127759628296,
    2.099247278137207
  ],
  "train_acc": [
    5.052,
    9.99,
    15.136,
    20.626,
    24.782,
    27.808,
    30.57,
    32.646,
    34.83,
    37.23,
    38.316,
    40.102,
    41.39,
    43.026,
    43.958,
    44.96,
    46.0,
    47.004,
    47.722,
    48.672,
    49.59,
    50.01,
    51.228,
    51.712,
    52.548,
    52.7,
    53.654,
    53.884,
    54.778,
    55.682,
    55.45,
    55.99,
    56.626,
    56.976,
    57.274,
    57.752,
    58.042,
    58.612,
    58.666,
    59.018,
    59.314,
    59.548,
    59.816,
    59.97,
    59.75,
    60.396,
    59.946,
    59.768,
    60.21,
    60.484
  ],
  "train_acc5": [
    18.378,
    30.342,
    40.264,
    48.42,
    53.946,
    57.994,
    60.832,
    63.25,
    65.562,
    67.58,
    68.984,
    70.372,
    71.7,
    72.748,
    74.002,
    74.936,
    75.512,
    76.426,
    77.026,
    77.652,
    78.406,
    78.762,
    79.258,
    79.762,
    80.238,
    80.422,
    81.212,
    81.594,
    82.012,
    82.102,
    82.482,
    82.932,
    83.232,
    83.698,
    83.548,
    83.81,
    84.164,
    84.392,
    84.374,
    84.502,
    85.106,
    85.102,
    85.012,
    85.118,
    85.254,
    85.562,
    85.334,
    85.132,
    85.514,
    85.442
  ],
  "test_loss": [
    4.23155657043457,
    3.6303656688690187,
    3.481686552810669,
    3.3013062576293946,
    3.0589156368255614,
    2.937708615112305,
    2.8074763114929198,
    2.6517201248168947,
    2.6753947357177736,
    2.532642855453491,
    2.467907943725586,
    2.439154629516602,
    2.372886777496338,
    2.3438611457824705,
    2.236231854248047,
    2.2017884925842286,
    2.2061374584198,
    2.128738271331787,
    2.128160269165039,
    2.1052066722869873,
    2.0842520347595217,
    2.0649920541763307,
    2.039171578979492,
    2.018345961380005,
    2.0214478130340576,
    1.9880982513427734,
    1.9837900962829589,
    1.9670834213256836,
    1.934527921295166,
    1.9414492279052735,
    1.9248804164886475,
    1.927764385986328,
    1.9069343208312988,
    1.8948735023498535,
    1.8866557981491088,
    1.878968915939331,
    1.8794036796569824,
    1.862361672782898,
    1.853189987564087,
    1.8578058025360107,
    1.8456874248504638,
    1.8400894760131836,
    1.840612905883789,
    1.8362431259155274,
    1.836549794769287,
    1.834516923713684,
    1.833080174446106,
    1.8360899406433104,
    1.8332475200653076,
    1.8355432273864747
  ],
  "test_acc": [
    7.31,
    18.15,
    21.95,
    28.56,
    33.96,
    36.68,
    40.2,
    43.61,
    43.43,
    48.44,
    49.34,
    50.91,
    52.28,
    53.5,
    56.61,
    57.7,
    57.76,
    60.12,
    59.78,
    60.59,
    62.07,
    62.65,
    63.31,
    64.08,
    63.76,
    64.67,
    64.67,
    65.16,
    66.61,
    66.18,
    67.15,
    66.71,
    66.74,
    67.91,
    67.82,
    67.93,
    68.1,
    68.51,
    68.63,
    68.91,
    68.95,
    69.38,
    69.19,
    69.24,
    69.43,
    69.42,
    69.35,
    69.32,
    69.39,
    69.51
  ],
  "test_acc5": [
    27.2,
    45.67,
    51.27,
    60.16,
    66.54,
    69.13,
    72.47,
    75.66,
    75.21,
    78.96,
    80.35,
    80.59,
    82.77,
    82.71,
    85.18,
    85.73,
    85.38,
    86.8,
    86.72,
    87.56,
    87.96,
    88.27,
    88.4,
    89.0,
    88.99,
    89.2,
    89.32,
    89.96,
    90.29,
    90.35,
    90.33,
    90.3,
    90.6,
    91.04,
    90.99,
    91.0,
    91.35,
    91.34,
    91.65,
    91.47,
    91.66,
    91.8,
    91.79,
    91.72,
    91.79,
    91.79,
    91.8,
    91.72,
    91.78,
    91.72
  ],
  "lr": [
    0.001,
    0.0009990133642141358,
    0.000996057350657239,
    0.0009911436253643444,
    0.0009842915805643156,
    0.0009755282581475769,
    0.0009648882429441258,
    0.0009524135262330099,
    0.0009381533400219318,
    0.0009221639627510075,
    0.0009045084971874736,
    0.0008852566213878945,
    0.0008644843137107056,
    0.0008422735529643443,
    0.0008187119948743448,
    0.0007938926261462366,
    0.0007679133974894982,
    0.0007408768370508576,
    0.0007128896457825362,
    0.0006840622763423389,
    0.0006545084971874735,
    0.0006243449435824271,
    0.0005936906572928622,
    0.000562666616782152,
    0.0005313952597646566,
    0.0004999999999999998,
    0.00046860474023534314,
    0.00043733338321784774,
    0.00040630934270713756,
    0.00037565505641757246,
    0.00034549150281252633,
    0.00031593772365766105,
    0.00028711035421746355,
    0.0002591231629491422,
    0.00023208660251050145,
    0.00020610737385376337,
    0.00018128800512565502,
    0.00015772644703565555,
    0.00013551568628929425,
    0.00011474337861210535,
    9.549150281252626e-05,
    7.783603724899252e-05,
    6.184665997806817e-05,
    4.7586473766990294e-05,
    3.5111757055874305e-05,
    2.4471741852423218e-05,
    1.5708419435684507e-05,
    8.856374635655634e-06,
    3.942649342761115e-06,
    9.866357858642198e-07
  ],
  "epoch_time": [
    11.018586158752441,
    10.12639570236206,
    10.14624834060669,
    10.183182954788208,
    10.19008183479309,
    10.151821851730347,
    10.175485372543335,
    10.225823402404785,
    10.206220388412476,
    10.188171863555908,
    10.194815397262573,
    10.180071830749512,
    10.1875159740448,
    10.192735195159912,
    10.196611881256104,
    10.194926977157593,
    10.195441007614136,
    10.184990406036377,
    10.189849853515625,
    10.225541830062866,
    10.189523935317993,
    10.194204330444336,
    10.163827180862427,
    10.205417156219482,
    10.211559295654297,
    10.20892071723938,
    10.479132175445557,
    10.199872970581055,
    10.19203782081604,
    10.18713665008545,
    10.198888301849365,
    10.148421287536621,
    10.191699266433716,
    10.188740253448486,
    10.195405960083008,
    10.162136554718018,
    10.192091226577759,
    10.188691139221191,
    10.1373291015625,
    10.211890935897827,
    10.186873435974121,
    10.190135478973389,
    10.17931580543518,
    10.187817811965942,
    10.291686773300171,
    11.73875117301941,
    11.818456649780273,
    10.966975212097168,
    10.204549074172974,
    10.182430267333984
  ]
}