{
  "train_loss": [
    4.398881697845459,
    4.082567313079834,
    3.8741296815490722,
    3.674362314910889,
    3.496803721542358,
    3.3538172666168213,
    3.246126678237915,
    3.14381017578125,
    3.056904544906616,
    2.984384603652954,
    2.9200282405090334,
    2.866615429229736,
    2.8176502918243407,
    2.761033516998291,
    2.7243873529052736,
    2.6803218481445312,
    2.6508117669677733,
    2.6135246096801756,
    2.585584795074463,
    2.5547428328704833,
    2.5318328662109373,
    2.501556987609863,
    2.475064250564575,
    2.4543068249511717,
    2.4384142904663086,
    2.417001521606445,
    2.4011927670288085,
    2.37840568069458,
    2.3545789353179933,
    2.342835623397827,
    2.332038998184204,
    2.309867432937622,
    2.2923934524536134,
    2.2868273449707033,
    2.2719412561035157,
    2.2550857933807373,
    2.244698571243286,
    2.2329796817016603,
    2.2217724946594237,
    2.202844805603027,
    2.1916782945251465,
    2.189829636077881,
    2.175173794555664,
    2.159963838348389,
    2.1494670768737794,
    2.1368196519470213,
    2.1283816581726076,
    2.1250497277832032,
    2.119750336685181,
    2.100550567550659,
    2.1012309927368165,
    2.0949489669799806,
    2.084666458206177,
    2.073298913650513,
    2.0648898065185546,
    2.0619252000427246,
    2.0517684197998047,
    2.046121389694214,
    2.0422407987213136,
    2.0355800829315185,
    2.0262207596588135,
    2.0176019300842287,
    2.0036145278167723,
    2.0076307695770264,
    1.9993474687957764,
    1.9992671147918701,
    1.984104559326172,
    1.9820107934570312,
    1.9879257636260987,
    1.9670211555480956,
    1.9675258239746094,
    1.960005955505371,
    1.9549705003356934,
    1.9534443123626708,
    1.9461357385253906,
    1.9470110847473145,
    1.9436521026992797,
    1.9426643592834472,
    1.9310231874084474,
    1.9347804009246825,
    1.933566854133606,
    1.9265581719970704,
    1.9213479148864747,
    1.9183793344116211,
    1.9125424577331542,
    1.91347529045105,
    1.907952161026001,
    1.9090099445343018,
    1.9107368183898925,
    1.902735579071045,
    1.9027407679748536,
    1.9020031920242308,
    1.8990900118255616,
    1.9021281089782716,
    1.9036028449630737,
    1.8979217223358154,
    1.8960883737564087,
    1.905576283607483,
    1.8998402656555176,
    1.9010345720672608
  ],
  "train_acc": [
    4.616,
    9.604,
    13.642,
    17.962,
    21.544,
    25.064,
    28.026,
    30.48,
    32.788,
    34.614,
    36.258,
    37.854,
    39.252,
    40.946,
    41.634,
    42.768,
    43.93,
    45.01,
    45.758,
    46.624,
    47.39,
    48.106,
    48.988,
    49.692,
    49.906,
    50.758,
    50.932,
    51.79,
    52.58,
    52.868,
    53.096,
    53.658,
    54.51,
    54.648,
    55.37,
    55.706,
    56.02,
    56.458,
    56.216,
    57.27,
    57.482,
    57.564,
    58.15,
    58.27,
    58.866,
    59.246,
    59.406,
    59.72,
    59.948,
    60.306,
    60.302,
    60.318,
    60.864,
    61.09,
    61.534,
    61.488,
    61.974,
    62.156,
    62.19,
    62.424,
    62.808,
    62.852,
    63.36,
    63.394,
    63.832,
    63.48,
    63.99,
    63.972,
    64.026,
    64.686,
    64.608,
    64.872,
    65.154,
    65.334,
    65.206,
    65.194,
    65.548,
    65.452,
    66.0,
    65.682,
    65.796,
    65.826,
    66.164,
    66.278,
    66.476,
    66.314,
    66.738,
    66.494,
    66.584,
    66.696,
    66.784,
    66.886,
    67.01,
    66.712,
    66.698,
    66.804,
    67.02,
    66.838,
    66.918,
    66.984
  ],
  "train_acc5": [
    16.736,
    29.076,
    37.08,
    43.942,
    50.06,
    54.368,
    57.594,
    60.702,
    63.008,
    65.32,
    66.76,
    68.36,
    69.572,
    70.95,
    71.914,
    73.03,
    73.622,
    74.472,
    75.072,
    76.028,
    76.342,
    77.09,
    77.728,
    78.362,
    78.51,
    78.898,
    79.142,
    79.856,
    80.376,
    80.664,
    80.862,
    81.182,
    81.66,
    81.792,
    82.224,
    82.428,
    82.67,
    82.714,
    83.326,
    83.36,
    83.594,
    83.886,
    84.026,
    84.476,
    84.614,
    84.804,
    84.79,
    84.946,
    84.986,
    85.414,
    85.496,
    85.556,
    85.64,
    85.928,
    85.96,
    86.07,
    86.218,
    86.436,
    86.414,
    86.602,
    86.798,
    87.078,
    87.516,
    87.238,
    87.444,
    87.442,
    87.574,
    87.804,
    87.5,
    87.906,
    88.116,
    88.044,
    88.074,
    88.024,
    88.128,
    88.272,
    88.354,
    88.28,
    88.53,
    88.356,
    88.418,
    88.698,
    88.746,
    88.666,
    88.852,
    88.958,
    88.92,
    88.954,
    88.862,
    88.988,
    88.934,
    88.962,
    89.044,
    89.194,
    88.856,
    89.29,
    89.348,
    89.056,
    88.988,
    89.004
  ],
  "test_loss": [
    4.237276503753662,
    3.826359519958496,
    3.539593360519409,
    3.3573302894592287,
    3.194118801498413,
    2.932020919799805,
    2.8775502807617186,
    2.7412928256988525,
    2.69501681098938,
    2.608422747039795,
    2.4979050846099855,
    2.492054564666748,
    2.415588570404053,
    2.3373628704071043,
    2.388290126800537,
    2.2498735431671144,
    2.2390919708251955,
    2.2463331939697264,
    2.1680426094055174,
    2.1589542114257814,
    2.1378363708496093,
    2.0980168354034423,
    2.097749429130554,
    2.0803026950836183,
    2.0806332473754883,
    2.0693335069656373,
    2.0291284606933595,
    2.0128540214538573,
    2.009191813659668,
    1.998980290222168,
    1.9775458101272583,
    1.9653522745132446,
    1.9593717262268067,
    1.9540286218643188,
    1.939157599258423,
    1.9471935241699219,
    1.9123216087341308,
    1.9286254543304444,
    1.9225785528182984,
    1.8961142677307128,
    1.8831660243988038,
    1.881575834083557,
    1.8801451379776002,
    1.8607689979553224,
    1.8839462730407714,
    1.8702446495056153,
    1.8649830909729004,
    1.8394629678726195,
    1.8518980319976808,
    1.829245293045044,
    1.830317848968506,
    1.8311336696624756,
    1.8232494865417481,
    1.8293624382019043,
    1.8177519973754883,
    1.8206849266052245,
    1.8121816562652588,
    1.8063614608764649,
    1.8075634990692138,
    1.8035243780136108,
    1.7900774341583252,
    1.7832473461151124,
    1.7794046836853028,
    1.7871804578781127,
    1.7740067108154296,
    1.769722856903076,
    1.7668136283874512,
    1.7746301628112793,
    1.7766753448486328,
    1.7667623268127441,
    1.7613264686584473,
    1.772994651412964,
    1.7670125717163085,
    1.7651972946166992,
    1.7594524772644042,
    1.7563414575576781,
    1.7538501537323,
    1.7577272396087646,
    1.7503008993148803,
    1.7478962867736816,
    1.7513630138397216,
    1.7488574531555177,
    1.7440248876571656,
    1.746260775756836,
    1.75077012424469,
    1.746384916305542,
    1.7450142501831054,
    1.7388341079711913,
    1.7443891206741333,
    1.7427975601196288,
    1.742958403778076,
    1.7443904052734376,
    1.7425736562728882,
    1.740542184829712,
    1.7422903106689454,
    1.741083428955078,
    1.7367070943832397,
    1.73971284866333,
    1.7422877323150634,
    1.7384747291564941
  ],