{
  "train_loss": [
    4.5032530044555665,
    4.247088026428223,
    4.072770528411866,
    3.8998460636138916,
    3.7596444774627686,
    3.6049119293212892,
    3.4774390739440917,
    3.389406268310547,
    3.282479359817505,
    3.19733383102417,
    3.1014825462341307,
    3.02311573677063,
    2.9742887939453126,
    2.915677339172363,
    2.848741621017456,
    2.8009138538360596,
    2.753343611526489,
    2.7201775825500487,
    2.6722468048095704,
    2.6356224082946778,
    2.6137741188049315,
    2.556566742706299,
    2.5191691303253174,
    2.47397592086792,
    2.4354534984588625,
    2.4207272850036623,
    2.378026569366455,
    2.3459713371276854,
    2.3215390312194826,
    2.3132286071777344,
    2.271121601104736,
    2.238332551574707,
    2.2333130092620848,
    2.212497011184692,
    2.186751252746582,
    2.176751416015625,
    2.1400669357299806,
    2.1042808380126954,
    2.1033366764068604,
    2.1043872451782226,
    2.0907346000671385,
    2.0777689800262453,
    2.0714017608642576,
    2.045559765625,
    2.0547662666320803,
    2.04351664352417,
    2.0514459930419924,
    2.0499075122833252,
    2.044361291503906,
    2.0478927490234375
  ],
  "train_acc": [
    3.44,
    6.92,
    9.72,
    13.26,
    16.22,
    19.82,
    22.48,
    24.22,
    27.02,
    29.74,
    31.36,
    34.0,
    34.48,
    36.41,
    38.4,
    40.27,
    40.63,
    42.75,
    43.98,
    44.83,
    45.64,
    46.47,
    48.45,
    50.2,
    50.79,
    51.62,
    52.38,
    53.75,
    54.02,
    54.75,
    56.1,
    57.57,
    57.82,
    58.39,
    58.64,
    58.92,
    60.21,
    61.24,
    61.38,
    61.87,
    61.69,
    62.74,
    62.82,
    63.76,
    63.29,
    63.64,
    63.43,
    64.26,
    63.77,
    63.76
  ],
  "train_acc5": [
    13.28,
    23.1,
    29.67,
    36.36,
    41.5,
    46.72,
    51.43,
    53.51,
    56.98,
    58.88,
    61.76,
    64.17,
    65.84,
    67.04,
    69.15,
    70.33,
    72.2,
    72.1,
    73.46,
    74.53,
    74.45,
    76.27,
    77.5,
    77.84,
    79.2,
    79.55,
    80.26,
    81.35,
    81.96,
    81.79,
    82.93,
    83.1,
    83.11,
    83.79,
    84.52,
    84.48,
    85.01,
    85.7,
    86.2,
    85.63,
    86.32,
    86.78,
    86.34,
    87.38,
    86.93,
    87.47,
    87.27,
    86.92,
    87.21,
    87.17
  ],
  "test_loss": [
    4.9474877212524415,
    4.21794122467041,
    3.7977251556396485,
    3.6892499195098876,
    3.7169987319946287,
    3.298066474533081,
    3.1244215087890623,
    3.1559912631988527,
    3.015123358154297,
    3.0725301120758055,
    2.9359930980682374,
    2.8468628982543946,
    2.783842597198486,
    2.7195108345031738,
    2.7082164543151857,
    2.6182683685302734,
    2.747892984008789,
    2.633172473526001,
    2.5535937744140624,
    2.567706693267822,
    2.633306774520874,
    2.528217106628418,
    2.505902716064453,
    2.5073391399383547,
    2.468422269439697,
    2.4467174297332765,
    2.4631432945251466,
    2.4341305881500244,
    2.434179430770874,
    2.4165737213134766,
    2.3839139255523683,
    2.3875753818511964,
    2.373121658706665,
    2.377731427001953,
    2.3553709632873536,
    2.3501411613464356,
    2.337815799713135,
    2.3473650451660157,
    2.352955919265747,
    2.3298801708221437,
    2.3313773365020753,
    2.32841669921875,
    2.3263812454223634,
    2.3276152755737303,
    2.3288472068786623,
    2.3145930919647215,
    2.3203496353149413,
    2.3101012634277343,
    2.3150377311706545,
    2.313869776535034
  ],
  "test_acc": [
    5.67,
    10.33,
    14.47,
    18.15,
    18.87,
    26.12,
    30.24,
    31.44,
    33.91,
    33.73,
    36.65,
    39.97,
    41.77,
    43.51,
    43.69,
    45.48,
    44.0,
    46.79,
    48.44,
    48.7,
    48.45,
    49.72,
    50.34,
    50.97,
    51.38,
    52.52,
    52.02,
    53.31,
    52.86,
    53.51,
    55.01,
    54.5,
    54.85,
    54.59,
    55.31,
    55.15,
    55.7,
    55.63,
    55.89,
    56.18,
    56.26,
    56.1,
    56.72,
    56.55,
    56.31,
    56.51,
    56.61,
    56.65,
    56.59,
    56.82
  ],
  "test_acc5": [
    20.22,
    31.39,
    41.06,
    45.56,
    45.76,
    57.7,
    62.38,
    63.46,
    67.02,
    66.08,
    69.75,
    72.02,
    73.59,
    75.07,
    75.14,
    77.26,
    75.9,
    77.88,
    79.81,
    78.86,
    78.3,
    79.69,
    80.62,
    80.5,
    81.02,
    81.08,
    80.92,
    82.27,
    81.8,
    82.1,
    82.76,
    83.07,
    82.97,
    83.04,
    83.47,
    83.46,
    83.84,
    83.46,
    83.67,
    83.92,
    84.03,
    83.94,
    83.91,
    83.97,
    83.92,
    83.98,
    84.06,
    84.15,
    84.07,
    84.09
  ],
  "lr": [
    0.001,
    0.0009990133642141358,
    0.000996057350657239,
    0.0009911436253643444,
    0.0009842915805643156,
    0.0009755282581475769,
    0.0009648882429441258,
    0.0009524135262330099,
    0.0009381533400219318,
    0.0009221639627510075,
    0.0009045084971874736,
    0.0008852566213878945,
    0.0008644843137107056,
    0.0008422735529643443,
    0.0008187119948743448,
    0.0007938926261462366,
    0.0007679133974894982,
    0.0007408768370508576,
    0.0007128896457825362,
    0.0006840622763423389,
    0.0006545084971874735,
    0.0006243449435824271,
    0.0005936906572928622,
    0.000562666616782152,
    0.0005313952597646566,
    0.0004999999999999998,
    0.00046860474023534314,
    0.00043733338321784774,
    0.00040630934270713756,
    0.00037565505641757246,
    0.00034549150281252633,
    0.00031593772365766105,
    0.00028711035421746355,
    0.0002591231629491422,
    0.00023208660251050145,
    0.00020610737385376337,
    0.00018128800512565502,
    0.00015772644703565555,
    0.00013551568628929425,
    0.00011474337861210535,
    9.549150281252626e-05,
    7.783603724899252e-05,
    6.184665997806817e-05,
    4.7586473766990294e-05,
    3.5111757055874305e-05,
    2.4471741852423218e-05,
    1.5708419435684507e-05,
    8.856374635655634e-06,
    3.942649342761115e-06,
    9.866357858642198e-07
  ],
  "epoch_time": [
    3.6640660762786865,
    3.0196633338928223,
    3.0428898334503174,
    2.995690107345581,
    2.989940643310547,
    3.023270845413208,
    3.039710760116577,
    3.0366368293762207,
    2.998487710952759,
    3.026418447494507,
    3.0275485515594482,
    3.015265703201294,
    3.034943103790283,
    3.010262966156006,
    3.0014755725860596,
    3.0288777351379395,
    3.0527443885803223,
    2.983693838119507,
    3.008683443069458,
    3.0194311141967773,
    3.014366626739502,
    2.9742543697357178,
    3.013873815536499,
    3.0233168601989746,
    3.000411033630371,
    2.994277000427246,
    3.035217523574829,
    3.032939910888672,
    3.027028799057007,
    2.9737765789031982,
    3.019059658050537,
    2.999490261077881,
    3.0058977603912354,
    2.973329782485962,
    3.0063316822052,
    3.0088112354278564,
    3.0074076652526855,
    2.9942421913146973,
    3.043529987335205,
    3.075505256652832,
    3.079867362976074,
    3.074711799621582,
    3.0328567028045654,
    3.080765962600708,
    3.076502799987793,
    3.038940668106079,
    3.040605068206787,
    3.0586676597595215,
    3.061739206314087,
    3.0737569332122803
  ]
}