{
  "train_loss": [
    2.1849326160430906,
    1.5081549683380127,
    1.3349580127334595,
    1.1922635252761842,
    1.0769012704467773,
    1.0016010284423829,
    0.9446376626777649,
    0.9061900339126587,
    0.8690856991195679,
    0.8409848334121705,
    0.8158227464485168,
    0.8041800535202026,
    0.7847860302352905,
    0.7696027321243286,
    0.7567808069229126,
    0.7565435104751587,
    0.739192634010315,
    0.7189550127983093,
    0.7172517328262329,
    0.7055445998764038,
    0.7022492451667786,
    0.6912824731445313,
    0.6960717517089844,
    0.6838645537948609,
    0.6789292242240905,
    0.6707976095199585,
    0.65580095703125,
    0.6547290788841248,
    0.6471630074501038,
    0.6409457827949524,
    0.63689973361969,
    0.6233336422729492,
    0.6281027068519592,
    0.6213205476760865,
    0.611359123954773,
    0.609564720878601,
    0.6060354526901245,
    0.5980410216140747,
    0.5928754781723022,
    0.5837547423553466,
    0.5833403237342835,
    0.568654859046936,
    0.574623653678894,
    0.5580496191024781,
    0.5560424628257752,
    0.5485904269218445,
    0.5422551645755768,
    0.537219499053955,
    0.5266502517032623,
    0.5182561758804322,
    0.5105771444702148,
    0.5075366157531739,
    0.5022441562461853,
    0.4909296534538269,
    0.4858862670898437,
    0.47070593030929564,
    0.4737916418457031,
    0.4596475954246521,
    0.44375132507324216,
    0.44576390931129456,
    0.4365976963615417,
    0.4229843403053284,
    0.41950429841041564,
    0.4110296805000305,
    0.39480705487251283,
    0.38754734073638913,
    0.37437147227287293,
    0.3704238806629181,
    0.3563368310070038,
    0.3523137954711914,
    0.3372239008522034,
    0.33001370697021487,
    0.3202008218193054,
    0.3033825762748718,
    0.29545332984924316,
    0.28157731901168825,
    0.2654416826248169,
    0.2587570956802368,
    0.24569287819862365,
    0.23012634083747863,
    0.2180951743412018,
    0.2075093833875656,
    0.19355754887580873,
    0.1790555025291443,
    0.16912235589027405,
    0.155303175573349,
    0.1417796686267853,
    0.1372665372943878,
    0.124452366437912,
    0.11503035214424133,
    0.10635057419061661,
    0.09893548156261445,
    0.08936626297950745,
    0.08631083397388459,
    0.08490809450387955,
    0.08039110522508622,
    0.0769787384223938,
    0.0721443928360939,
    0.06982727774858474,
    0.07018820872068406
  ],
  "train_acc": [
    29.242,
    44.602,
    51.366,
    57.04,
    61.776,
    64.718,
    67.026,
    68.316,
    69.984,
    70.742,
    71.65,
    72.356,
    72.974,
    73.276,
    73.916,
    73.864,
    74.502,
    75.39,
    75.594,
    75.914,
    76.072,
    76.444,
    76.226,
    76.72,
    76.628,
    76.642,
    77.352,
    77.588,
    77.816,
    77.94,
    78.36,
    78.616,
    78.548,
    78.564,
    78.852,
    79.0,
    79.136,
    79.398,
    79.61,
    80.072,
    80.076,
    80.59,
    80.288,
    80.948,
    80.916,
    81.134,
    81.412,
    81.468,
    81.808,
    82.152,
    82.48,
    82.65,
    82.816,
    83.15,
    83.252,
    83.74,
    83.632,
    84.07,
    84.702,
    84.562,
    84.998,
    85.314,
    85.5,
    85.816,
    86.306,
    86.644,
    86.948,
    87.172,
    87.498,
    87.67,
    88.28,
    88.566,
    88.808,
    89.428,
    89.808,
    90.116,
    90.796,
    90.922,
    91.476,
    92.09,
    92.338,
    92.7,
    93.236,
    93.782,
    94.156,
    94.65,
    95.142,
    95.24,
    95.77,
    95.988,
    96.296,
    96.632,
    96.918,
    97.16,
    97.138,
    97.292,
    97.428,
    97.734,
    97.712,
    97.728
  ],
  "test_loss": [
    1.7282331377029418,
    1.3801379962921143,
    1.356699135017395,
    1.1429915001869202,
    1.0047723129272461,
    1.0339518594741821,
    0.9720809319496154,
    0.9163524306297303,
    0.8322408204078674,
    0.8755026208877563,
    0.8308051446914673,
    1.024098924446106,
    0.8797071439743042,
    0.774167972278595,
    0.77988980550766,
    0.8001756142616272,
    0.8234384537696838,
    0.7357959218025207,
    0.8247787709236145,
    0.7374289213180542,
    0.7529130130767823,
    0.913418754863739,
    0.7577101554870606,
    0.8074505714416504,
    0.7816702399253845,
    0.7196421897411347,
    0.7079095070362091,
    0.890684355545044,
    0.7372533617019653,
    0.7390509202957153,
    0.6805645403862,
    0.6548268264293671,
    0.6504422889232635,
    0.6739422439336776,
    0.6535351173400878,
    0.6445640322685242,
    0.6416289783000946,
    0.658628360748291,
    0.6010525239944458,
    0.6871934688568115,
    0.7285625835418701,
    0.6198343085050583,
    0.6207513406276702,
    0.6278344095706939,
    0.623570175743103,
    0.6170285631179809,
    0.6937301580429077,
    0.634779367685318,
    0.6562236357688904,
    0.6164463814735412,
    0.5650237606048584,
    0.5758145085334778,
    0.6166475835800171,
    0.5549454831123352,
    0.5620486568927765,
    0.6037212817192078,
    0.5738517134666443,
    0.5639984917640686,
    0.5799674170970917,
    0.560737560749054,
    0.5225938717842102,
    0.5378104468822479,
    0.5176624918460846,
    0.5211095855951309,
    0.526951805114746,
    0.5361985323905945,
    0.6005682482719421,
    0.5073495324134827,
    0.501143717288971,
    0.5120224616765976,
    0.5160381378173828,
    0.5351288484811783,
    0.49549746203422546,
    0.48846952142715455,
    0.48049769897460937,
    0.48289851422309876,
    0.4708798187732697,
    0.46853870754241944,
    0.48416016454696653,
    0.442912142086029,
    0.46739814429283144,
    0.4525370666503906,
    0.449822793674469,
    0.4574049005031586,
    0.4515356478691101,
    0.4574362261295319,
    0.44373569951057434,
    0.44365296010971067,
    0.4462767240047455,
    0.4444004771232605,
    0.4486861048698425,
    0.4475270935535431,
    0.4490489062786102,
    0.4494501318454742,
    0.4486721342086792,
    0.44177690148353577,
    0.4449240303993225,
    0.44530792365074157,
    0.44421446080207827,
    0.4418490962982178
  ],
  "test_acc": [
    40.04,
    49.68,
    52.87,
    60.04,
    65.72,
    64.43,
    66.79,
    68.84,
    71.76,
    69.71,
    71.77,
    67.3,
    70.11,
    73.14,
    72.75,
    72.32,
    71.72,
    75.07,
    72.1,
    74.8,
    74.31,
    68.94,
    74.08,
    72.94,
    74.09,
    75.0,
    76.35,
    71.06,
    75.49,
    75.57,
    76.67,
    77.49,
    77.93,
    77.06,
    77.75,
    78.17,
    78.44,
    77.95,
    79.52,
    76.68,
    75.75,
    79.29,
    79.29,
    78.76,
    78.74,
    79.15,
    77.64,
    78.88,
    78.13,
    79.58,
    80.5,
    80.54,
    79.38,
    81.22,
    80.85,
    79.61,
    80.32,
    80.88,
    80.83,
    81.44,
    82.35,
    81.65,
    82.82,
    82.02,
    82.64,
    81.99,
    80.61,
    83.38,
    83.48,
    83.3,
    83.11,
    82.74,
    83.81,
    84.02,
    84.68,
    84.3,
    84.82,
    84.93,
    84.6,
    86.01,
    85.54,
    85.89,
    85.83,
    85.72,
    86.21,
    86.57,
    86.8,
    86.51,
    86.73,
    86.86,
    86.94,
    86.98,
    87.05,
    87.28,
    87.4,
    87.47,
    87.44,
    87.32,
    87.43,
    87.31
  ],