{
  "train_loss": [
    4.455072531738281,
    4.195852013244629,
    4.1069085729217525,
    4.054384740447998,
    4.032340325622559,
    4.025330682220459,
    4.0209463227844235,
    4.001959591522216,
    3.9852464943695067,
    3.9804808654785155,
    3.9577684768676757,
    3.953266845703125,
    3.9410916510009764,
    3.927359662780762,
    3.9201895384979246,
    3.9156414599609377,
    3.9030852717590334,
    3.9000021256256105,
    3.8897042712402343,
    3.885127537994385,
    3.874897871246338,
    3.8673910750579834,
    3.8694939489746094,
    3.8575229179382324,
    3.8538494905090332,
    3.8486187980651856,
    3.841493875427246,
    3.8437667446136476,
    3.8315186654663087,
    3.8268257442474365,
    3.8204343411254884,
    3.8140968867492675,
    3.8043672651672362,
    3.803443687667847,
    3.801277597808838,
    3.789815706787109,
    3.780657781829834,
    3.777576707687378,
    3.7683746057891847,
    3.767723831176758,
    3.756693084335327,
    3.754335171127319,
    3.742488425216675,
    3.7420118507385256,
    3.7377179588317873,
    3.731745472717285,
    3.717407265625,
    3.715615079956055,
    3.7098067726135255,
    3.701751392593384,
    3.697061057739258,
    3.6906845280456544,
    3.6815116683197022,
    3.6804747357940673,
    3.66870649559021,
    3.665211056442261,
    3.6541831575012207,
    3.6500146388244628,
    3.646411421890259,
    3.6367783910369873,
    3.6283932824707033,
    3.623581068191528,
    3.6163501763153074,
    3.6076069675445557,
    3.600800836715698,
    3.59388145324707,
    3.5853268866729735,
    3.578021897277832,
    3.568303033294678,
    3.5653937760162355,
    3.5546000637054442,
    3.5508603618621826,
    3.5342255268096925,
    3.5328202476501467,
    3.5242618798828125,
    3.512162192840576,
    3.5116211753845215,
    3.505690491104126,
    3.4891112646484377,
    3.482405038528442,
    3.476954352798462,
    3.47163450088501,
    3.464910659790039,
    3.4566465226745606,
    3.4508725075531004,
    3.4507233670043944,
    3.4405802964019774,
    3.4370237815856934,
    3.434184772644043,
    3.4296732889556885,
    3.4278576343536376,
    3.4175605503845214,
    3.4201136228179934,
    3.414656410522461,
    3.4102831198883057,
    3.4137028409576415,
    3.4108272483062745,
    3.4096265661621095,
    3.41306876121521,
    3.410810833129883
  ],
  "train_acc": [
    3.946,
    7.456,
    8.916,
    10.2,
    10.64,
    10.676,
    10.84,
    10.82,
    11.158,
    11.048,
    11.108,
    11.254,
    11.268,
    11.648,
    11.722,
    11.422,
    11.924,
    11.888,
    11.94,
    12.236,
    12.232,
    12.438,
    12.3,
    12.48,
    12.742,
    12.74,
    12.88,
    12.864,
    13.058,
    13.28,
    13.402,
    13.51,
    13.752,
    13.948,
    13.954,
    14.168,
    14.31,
    14.294,
    14.706,
    14.566,
    14.724,
    15.004,
    15.188,
    15.214,
    15.486,
    15.486,
    15.68,
    15.804,
    16.086,
    16.108,
    16.324,
    16.342,
    16.818,
    16.828,
    16.954,
    17.41,
    17.23,
    17.502,
    17.554,
    17.83,
    17.846,
    18.076,
    18.228,
    18.35,
    18.642,
    18.812,
    18.962,
    19.21,
    19.248,
    19.526,
    19.956,
    19.854,
    20.358,
    20.154,
    20.216,
    20.862,
    20.676,
    21.164,
    21.356,
    21.446,
    21.57,
    21.674,
    21.856,
    22.086,
    22.12,
    22.334,
    22.314,
    22.632,
    22.662,
    22.992,
    22.778,
    23.076,
    23.164,
    23.19,
    23.45,
    23.12,
    23.35,
    23.186,
    23.25,
    23.286
  ],
  "train_acc5": [
    14.77,
    25.2,
    29.464,
    31.728,
    33.152,
    33.698,
    33.456,
    34.116,
    34.886,
    34.632,
    35.408,
    35.546,
    35.512,
    36.31,
    36.65,
    36.48,
    37.034,
    37.014,
    37.246,
    37.846,
    37.842,
    38.11,
    38.148,
    38.46,
    38.596,
    38.93,
    39.17,
    39.132,
    39.712,
    39.752,
    40.138,
    40.372,
    40.948,
    40.874,
    40.712,
    41.288,
    41.48,
    41.504,
    42.214,
    42.382,
    42.494,
    42.84,
    42.862,
    43.256,
    43.268,
    43.486,
    43.778,
    44.152,
    44.582,
    44.984,
    45.104,
    45.198,
    45.55,
    45.686,
    46.168,
    46.108,
    46.414,
    46.694,
    46.736,
    47.116,
    47.538,
    47.816,
    47.848,
    48.4,
    48.682,
    48.73,
    49.102,
    49.514,
    49.602,
    50.074,
    50.062,
    50.12,
    50.936,
    50.992,
    51.476,
    51.818,
    51.884,
    52.028,
    52.474,
    52.624,
    53.11,
    53.218,
    53.464,
    53.624,
    53.964,
    53.792,
    54.566,
    54.33,
    54.438,
    54.922,
    54.918,
    55.278,
    55.564,
    55.3,
    55.682,
    55.226,
    55.532,
    55.526,
    55.246,
    55.438
  ],
  "test_loss": [
    4.17220182800293,
    4.023423728179932,
    3.9510911251068115,
    3.8955530197143555,
    3.834883981704712,
    3.8117316192626953,
    3.848493711853027,
    3.8697226013183594,
    3.7220423553466797,
    3.6882724380493164,
    3.8156846168518066,
    3.713413468551636,
    3.6848841705322264,
    3.8505593002319336,
    3.8197104984283445,
    3.7436345085144045,
    3.7076523700714112,
    3.6558746223449705,
    3.7113429931640627,
    3.6059384086608888,
    3.634349617385864,
    3.724597605895996,
    3.6662527908325195,
    3.6614855781555176,
    3.615839792251587,
    3.6091771881103516,
    3.5641618984222414,
    3.796264818572998,
    3.6077551376342774,
    3.521058745956421,
    3.5474515129089355,
    3.631581681060791,
    3.545914338684082,
    3.6650508270263673,
    3.5393310943603518,
    3.519920589065552,
    3.417493087387085,
    3.457786492919922,
    3.6736564235687257,
    3.493589186859131,
    3.533329959487915,
    3.583335530471802,
    3.4502362979888916,
    3.4130525825500486,
    3.385792721557617,
    3.378763689804077,
    3.3771652507781984,
    3.4105588417053223,
    3.32071042098999,
    3.304331162261963,
    3.396219299316406,
    3.374894864654541,
    3.4618859683990477,
    3.405331399536133,
    3.318561170578003,
    3.2763827545166015,
    3.259498902130127,
    3.3265810501098634,
    3.256477910614014,
    3.2203952114105223,
    3.2440615573883056,
    3.2894627098083498,
    3.21019241104126,
    3.235639381790161,
    3.2526575580596924,
    3.17134453125,
    3.2198144317626953,
    3.197425796508789,
    3.164202779006958,
    3.1580428421020508,
    3.17970814743042,
    3.1567166561126707,
    3.1088550220489504,
    3.118051093673706,
    3.1010662208557127,
    3.090241933822632,
    3.1177084648132323,
    3.081679235839844,
    3.062930820465088,
    3.0756088481903077,
    3.050237604522705,
    3.035557248687744,
    3.039863882446289,
    3.0306777885437013,
    3.01369867477417,
    3.010713121032715,
    3.019072526550293,
    3.0018564598083497,
    2.9751421085357665,
    2.9846813163757324,
    2.9908091007232667,
    2.974439060592651,
    2.9713742935180663,
    2.9760218734741213,
    2.9752463829040527,
    2.9704897441864015,
    2.9699150302886963,
    2.976392652130127,
    2.9624149360656737,
    2.9662810703277587
  ],