{
  "train_loss": [
    4.343845951843262,
    4.0568602936553955,
    3.7959490902709963,
    3.5644975469207765,
    3.37813998336792,
    3.2364300747680663,
    3.141698640289307,
    3.040743104171753,
    2.964364395751953,
    2.8948620877075197,
    2.83670742225647,
    2.7870471478271486,
    2.7383329965972902,
    2.685632031402588,
    2.65585610748291,
    2.6138932776641846,
    2.58715320602417,
    2.550141851577759,
    2.5262493560028076,
    2.5027623524475096,
    2.4707947600555418,
    2.442050951690674,
    2.4240133753967283,
    2.3967570558166504,
    2.3829992645263673,
    2.360059617767334,
    2.3566318030548095,
    2.3326805056762696,
    2.30053477394104,
    2.29318393157959,
    2.279990625305176,
    2.260840354003906,
    2.2426328450012205,
    2.2308574213409424,
    2.2218743964385985,
    2.2051759292602537,
    2.199442237548828,
    2.1896626483917236,
    2.166914866104126,
    2.1594475888824465,
    2.1481552293396,
    2.1470881848907473,
    2.1259855098724367,
    2.114788183670044,
    2.1075360802459717,
    2.092907269821167,
    2.0871050760650633,
    2.0779249925231933,
    2.0676746061706544,
    2.058697421722412,
    2.0585851387786867,
    2.0446985051727293,
    2.0381686726379393,
    2.0272179377365114,
    2.0159823976898195,
    2.0128858227920534,
    2.003846324005127,
    2.000281465339661,
    1.9889321586608886,
    1.9841678901672364,
    1.9788941833496094,
    1.9683823335266113,
    1.957211383743286,
    1.9573445300292969,
    1.9506229835510254,
    1.9489730210113525,
    1.9380536613464356,
    1.9287408282089233,
    1.9378691179656982,
    1.9168788187789918,
    1.9231538928222656,
    1.9139356550598146,
    1.9096099298858642,
    1.9042437301635742,
    1.897655518875122,
    1.8985337678909302,
    1.8919525397491455,
    1.8939896939086913,
    1.886077703857422,
    1.8913560263061524,
    1.880803257369995,
    1.8792097953796387,
    1.8736232877349854,
    1.8752453684616088,
    1.864698855743408,
    1.8648084940719605,
    1.8644404193878175,
    1.8580224980163573,
    1.8681026047897338,
    1.85471976436615,
    1.8553054312896728,
    1.85159649810791,
    1.857411866760254,
    1.8522123421859742,
    1.8573114376831055,
    1.8493833414077758,
    1.845298955154419,
    1.8598436374664307,
    1.853326845779419,
    1.8585148341369628
  ],
  "train_acc": [
    5.07,
    9.854,
    15.244,
    20.25,
    24.544,
    27.8,
    30.14,
    33.168,
    35.056,
    36.85,
    38.226,
    40.004,
    41.32,
    43.052,
    43.644,
    44.85,
    45.534,
    46.574,
    47.456,
    48.136,
    49.022,
    49.912,
    50.396,
    51.136,
    51.47,
    52.33,
    52.382,
    53.13,
    53.868,
    54.184,
    54.796,
    55.32,
    56.0,
    56.582,
    56.672,
    57.096,
    57.36,
    57.674,
    58.222,
    58.338,
    58.854,
    58.96,
    59.364,
    59.774,
    60.362,
    60.608,
    60.636,
    61.056,
    61.346,
    61.628,
    61.532,
    62.256,
    62.204,
    62.79,
    63.06,
    63.35,
    63.474,
    63.664,
    63.806,
    64.182,
    64.27,
    64.586,
    64.738,
    64.882,
    65.324,
    65.222,
    65.5,
    65.85,
    65.68,
    66.102,
    66.122,
    66.444,
    66.538,
    66.666,
    66.828,
    66.756,
    66.916,
    66.994,
    67.148,
    67.15,
    67.488,
    67.44,
    67.754,
    67.684,
    68.078,
    68.238,
    67.982,
    68.24,
    67.82,
    68.232,
    68.376,
    68.442,
    68.112,
    68.348,
    68.282,
    68.3,
    68.556,
    68.25,
    68.494,
    68.218
  ],
  "train_acc5": [
    18.908,
    30.394,
    39.768,
    47.564,
    53.744,
    57.906,
    60.89,
    63.674,
    65.458,
    67.584,
    69.034,
    70.48,
    71.606,
    72.882,
    73.736,
    74.796,
    75.194,
    75.898,
    76.53,
    77.006,
    77.66,
    78.444,
    78.854,
    79.586,
    79.728,
    80.392,
    80.448,
    80.946,
    81.58,
    81.604,
    81.974,
    82.314,
    82.602,
    82.918,
    82.94,
    83.374,
    83.484,
    83.606,
    84.266,
    84.208,
    84.554,
    84.452,
    85.004,
    85.264,
    85.18,
    85.696,
    85.756,
    85.848,
    86.23,
    86.352,
    86.216,
    86.434,
    86.768,
    86.692,
    86.978,
    87.08,
    87.126,
    87.18,
    87.516,
    87.486,
    87.792,
    88.072,
    88.142,
    88.104,
    88.362,
    88.242,
    88.544,
    88.66,
    88.422,
    88.892,
    88.76,
    88.878,
    89.018,
    88.9,
    89.154,
    89.012,
    89.238,
    89.206,
    89.286,
    89.258,
    89.436,
    89.562,
    89.578,
    89.412,
    89.538,
    89.664,
    89.804,
    89.638,
    89.584,
    89.928,
    89.726,
    89.938,
    89.872,
    90.202,
    89.822,
    90.174,
    90.128,
    89.78,
    89.968,
    89.594
  ],
  "test_loss": [
    4.261888766479492,
    3.8372201625823976,
    3.500745925140381,
    3.135292710494995,
    2.916443253707886,
    2.935798245239258,
    2.6906657531738283,
    2.613554264450073,
    2.5917537796020507,
    2.587913563537598,
    2.456012621307373,
    2.4138814014434815,
    2.358246212005615,
    2.284051927947998,
    2.2860267627716064,
    2.2626387409210205,
    2.1825631874084475,
    2.220589797592163,
    2.136090105628967,
    2.164405545806885,
    2.0852854484558105,
    2.092280953216553,
    2.0929198825836184,
    2.042644251251221,
    2.0456382717132566,
    2.029359355163574,
    1.993135580253601,
    2.0534791336059572,
    1.9849853910446167,
    1.971336658859253,
    2.004052870941162,
    1.9499730428695679,
    1.946119076538086,
    1.945110538482666,
    1.9108979202270509,
    1.9405613069534302,
    1.8708373149871826,
    1.910476078414917,
    1.8840133796691894,
    1.880525064277649,
    1.8776840614318848,
    1.8755932901382446,
    1.8739178817749023,
    1.8514608768463134,
    1.8442890144348145,
    1.856111414718628,
    1.8442216188430787,
    1.8216635478973389,
    1.8414163516998292,
    1.815603510284424,
    1.816359850692749,
    1.8215892234802247,
    1.8240188472747803,
    1.7991830205917358,
    1.8022482217788696,
    1.8042809951782226,
    1.7919295780181885,
    1.7938437099456788,
    1.7813882787704467,
    1.7627975143432617,
    1.768938367843628,
    1.7752164333343505,
    1.7670166896820068,
    1.7681800088882447,
    1.7623352657318114,
    1.7553101514816285,
    1.7556444227218628,
    1.7510915348052978,
    1.7572543899536133,
    1.7499112224578857,
    1.7450560287475585,
    1.7466507453918456,
    1.7416502071380615,
    1.73605915184021,
    1.7383033039093017,
    1.7330664123535156,
    1.7351749797821046,
    1.7297676887512208,
    1.7333539022445679,
    1.731320852279663,
    1.7307246742248534,
    1.7272536670684815,
    1.7216421447753907,
    1.7251903434753417,
    1.7282631351470947,
    1.7263672643661498,
    1.7219856964111329,
    1.7198293907165527,
    1.7223170854568481,
    1.7218633562088013,
    1.721629978942871,
    1.7218875297546388,
    1.7200831047058105,
    1.7193399698257446,
    1.7199435428619385,
    1.721056658935547,
    1.71718098487854,
    1.71869408493042,
    1.7203082237243652,
    1.7197174312591552
  ],