{
  "train_loss": [
    4.320998915557861,
    4.001924986724854,
    3.7258837995147704,
    3.5087204238128664,
    3.34259285949707,
    3.205089316558838,
    3.1007823290252685,
    3.0123596454620363,
    2.923891143798828,
    2.868888901901245,
    2.7993015563201906,
    2.7492619705200196,
    2.7029607818603516,
    2.6621162519836425,
    2.6207107509613037,
    2.5941156354522703,
    2.5628202915954588,
    2.5308665676879882,
    2.505750065307617,
    2.4707386709594727,
    2.4433070023345946,
    2.422921276245117,
    2.4011589962768554,
    2.3787974420166016,
    2.368229750137329,
    2.3423714543151855,
    2.3297541972351072,
    2.314914250869751,
    2.290879253234863,
    2.286547861099243,
    2.2665817614746095,
    2.248376522598267,
    2.235618041305542,
    2.2208022510528562,
    2.2053639078521727,
    2.2016058111572265,
    2.181702918319702,
    2.1677915483856203,
    2.1560473206329345,
    2.153409110183716,
    2.140699649734497,
    2.1276417240142824,
    2.115472346725464,
    2.1051958293151856,
    2.1003385012054445,
    2.087681365661621,
    2.0694322552490236,
    2.0628196044158935,
    2.064669684829712,
    2.0498266344070433,
    2.0440903949737548,
    2.0345579246520997,
    2.0266827143096924,
    2.0170184593200684,
    2.0072803215789796,
    2.00097820350647,
    1.985352878036499,
    1.991501543045044,
    1.985995426864624,
    1.9597697564697265,
    1.9713628755187989,
    1.9609970275878905,
    1.9485027822494507,
    1.9404783743286134,
    1.944178185119629,
    1.935496495513916,
    1.9309196015930177,
    1.928288709640503,
    1.9165677251434325,
    1.9159433883285522,
    1.9116507440948487,
    1.9083293839263915,
    1.8937841494750978,
    1.898816163368225,
    1.8862779022979737,
    1.8854668032073976,
    1.887151010093689,
    1.8794764502334596,
    1.8724001444244385,
    1.8708657372283934,
    1.8661870680236816,
    1.865187713546753,
    1.8591410472106933,
    1.8614197318267822,
    1.859292784423828,
    1.8618050373077393,
    1.85993677444458,
    1.8471531266021728,
    1.8482245291137696,
    1.853720839881897,
    1.8411782511138917,
    1.8421030987548828,
    1.8477463167572021,
    1.8480601736068725,
    1.8426653574371339,
    1.8440826034164428,
    1.8460233710479736,
    1.8444675594329834,
    1.8434597178268433,
    1.841527571105957
  ],
  "train_acc": [
    5.388,
    10.614,
    16.362,
    21.018,
    25.162,
    28.812,
    31.276,
    33.236,
    35.914,
    37.74,
    39.562,
    41.02,
    42.372,
    43.26,
    44.554,
    45.388,
    46.284,
    47.15,
    47.892,
    48.958,
    49.68,
    50.31,
    51.02,
    51.8,
    51.92,
    52.58,
    53.278,
    53.694,
    54.334,
    54.712,
    55.386,
    55.7,
    56.042,
    56.514,
    56.864,
    57.076,
    57.834,
    58.114,
    58.496,
    58.574,
    59.142,
    59.52,
    59.766,
    60.028,
    60.318,
    60.518,
    61.346,
    61.448,
    61.244,
    61.774,
    61.928,
    62.436,
    62.72,
    62.876,
    63.046,
    63.572,
    63.688,
    63.656,
    63.812,
    64.748,
    64.484,
    64.624,
    65.194,
    65.394,
    65.284,
    65.514,
    65.798,
    65.838,
    66.236,
    66.278,
    66.27,
    66.65,
    66.978,
    66.744,
    67.148,
    67.42,
    67.244,
    67.35,
    67.728,
    67.41,
    67.848,
    67.996,
    68.22,
    68.054,
    67.88,
    68.032,
    67.944,
    68.506,
    68.5,
    68.402,
    68.722,
    68.65,
    68.678,
    68.554,
    68.772,
    68.578,
    68.534,
    68.674,
    69.02,
    68.738
  ],
  "train_acc5": [
    19.554,
    31.856,
    42.13,
    49.36,
    54.656,
    59.038,
    61.676,
    64.552,
    67.002,
    68.14,
    70.198,
    71.51,
    72.4,
    73.284,
    74.598,
    75.078,
    75.892,
    76.492,
    77.142,
    77.964,
    78.55,
    78.988,
    79.438,
    79.858,
    80.128,
    80.708,
    80.89,
    81.05,
    81.872,
    81.68,
    82.086,
    82.564,
    83.044,
    83.138,
    83.49,
    83.648,
    83.748,
    84.204,
    84.376,
    84.552,
    84.594,
    84.956,
    85.33,
    85.452,
    85.28,
    85.71,
    86.012,
    86.294,
    86.038,
    86.266,
    86.592,
    86.702,
    86.774,
    87.028,
    87.47,
    87.336,
    87.764,
    87.474,
    87.534,
    88.03,
    87.858,
    88.042,
    88.268,
    88.602,
    88.474,
    88.602,
    88.734,
    88.73,
    88.812,
    88.772,
    88.952,
    88.878,
    89.12,
    89.12,
    89.37,
    89.248,
    89.378,
    89.636,
    89.574,
    89.698,
    89.766,
    89.672,
    89.768,
    89.798,
    89.892,
    89.762,
    89.878,
    89.944,
    89.972,
    89.806,
    90.01,
    90.142,
    89.954,
    89.964,
    90.042,
    90.072,
    90.014,
    89.994,
    90.014,
    90.204
  ],
  "test_loss": [
    4.072174353790283,
    3.7321069007873535,
    3.6119727394104,
    3.123150963973999,
    3.0100617038726805,
    2.8301233791351317,
    2.7349130268096924,
    2.618691191101074,
    2.531679797363281,
    2.438693798828125,
    2.42078673248291,
    2.343555019378662,
    2.3265607273101807,
    2.263552333068848,
    2.274163847732544,
    2.212319414520264,
    2.170123083496094,
    2.1505141426086425,
    2.1432128238677977,
    2.109255879211426,
    2.1024262046813966,
    2.061524841308594,
    2.0401515167236326,
    2.0292446010589598,
    2.013571220397949,
    2.0073806381225587,
    2.0042003162384034,
    1.9698181564331054,
    1.9969805355072021,
    1.9740590095520019,
    1.9361080947875977,
    1.9492862360000611,
    1.935718794441223,
    1.9141903972625733,
    1.9264524257659912,
    1.9115484943389893,
    1.901602492904663,
    1.8890375579833985,
    1.8751821256637573,
    1.8777400772094726,
    1.8709412086486816,
    1.851472032546997,
    1.870190089416504,
    1.8312696348190307,
    1.8252560386657715,
    1.849005923461914,
    1.8291223777770995,
    1.8180610284805299,
    1.8275084449768066,
    1.8211386302947998,
    1.8045622989654542,
    1.7989910469055175,
    1.7985952304840087,
    1.796298818588257,
    1.7830969860076904,
    1.78663582611084,
    1.787594089126587,
    1.7732447090148926,
    1.7684601362228394,
    1.7687165771484374,
    1.7570268650054932,
    1.7613805446624755,
    1.7411717586517335,
    1.7537229345321654,
    1.7551761529922485,
    1.7456691974639893,
    1.7467210056304932,
    1.7450824394226074,
    1.741898703956604,
    1.7404654867172242,
    1.7327488929748536,
    1.7324168334960937,
    1.732083111000061,
    1.7326179134368898,
    1.7359939416885375,
    1.726299993133545,
    1.7242120347976684,
    1.7204568984985351,
    1.722755697631836,
    1.7224332710266113,
    1.7138069587707518,
    1.7206762187957763,
    1.7210638187408447,
    1.7196214916229249,
    1.7126679126739501,
    1.7167833702087403,
    1.7156620136260987,
    1.7136571561813354,
    1.71335284614563,
    1.712998790359497,
    1.7116544523239137,
    1.709477603149414,
    1.71137623462677,
    1.708071943283081,
    1.7090920803070069,
    1.7082952236175537,
    1.7106972919464112,
    1.7094705266952515,
    1.7122841594696045,
    1.7104986022949218
  ],