{
  "train_loss": [
    4.312022258911133,
    3.969470076904297,
    3.671352529296875,
    3.4490859794616697,
    3.3055691439056396,
    3.1769710374450684,
    3.0838524823760984,
    2.999996310043335,
    2.9299455431365966,
    2.8601628285217284,
    2.7959852180480955,
    2.7509603384399415,
    2.7174606304168702,
    2.6700866427612304,
    2.634335276184082,
    2.5909560842895507,
    2.558361212768555,
    2.536313659515381,
    2.512288808898926,
    2.4785169185638427,
    2.451254058151245,
    2.433097546081543,
    2.409729738616943,
    2.388700541229248,
    2.3705097035217286,
    2.3519599254608154,
    2.3384282124328615,
    2.316987439727783,
    2.300744289550781,
    2.2801019509887697,
    2.2644140353393554,
    2.255397930831909,
    2.2416810762786867,
    2.2327171224975584,
    2.213517219467163,
    2.20274731842041,
    2.1797717879486083,
    2.1724497729492187,
    2.1682703706359865,
    2.1468754718017578,
    2.1414270126342774,
    2.1275152012634275,
    2.12995530166626,
    2.1074677882766726,
    2.1023825811004637,
    2.0920227852630617,
    2.0805814084625243,
    2.07072369594574,
    2.0629467456054686,
    2.0576161738586425,
    2.046792022705078,
    2.037654493904114,
    2.0260519499206544,
    2.0174335885620116,
    2.014658275756836,
    2.0064256859588623,
    1.993521537361145,
    1.9905585246276856,
    1.9774109606170653,
    1.9729556846618652,
    1.971552901763916,
    1.9611135021972657,
    1.956690735206604,
    1.949517508544922,
    1.9470219606018067,
    1.942138893737793,
    1.9290310976791383,
    1.9150270904159545,
    1.9172858974838256,
    1.9125684999847412,
    1.8998090172576905,
    1.8977399004364013,
    1.8960091910171508,
    1.8911629373931884,
    1.8877229660415649,
    1.8787793824768066,
    1.889381549911499,
    1.8660937732696534,
    1.870648691482544,
    1.860886956062317,
    1.8628327548980712,
    1.8627686013793945,
    1.8592562280654907,
    1.8532179876708985,
    1.8499767058563232,
    1.853873346862793,
    1.8402859363555908,
    1.8438518971252442,
    1.84723083984375,
    1.8348877416229248,
    1.8390927265167236,
    1.835681632118225,
    1.836367720489502,
    1.8329926967620849,
    1.8375922771453856,
    1.836308406829834,
    1.8313080410003661,
    1.8346655162811278,
    1.8326027735900878,
    1.8312804697418212
  ],
  "train_acc": [
    5.642,
    11.462,
    17.662,
    22.46,
    26.166,
    29.408,
    32.09,
    34.03,
    35.95,
    38.18,
    39.772,
    40.862,
    41.708,
    43.234,
    44.36,
    45.566,
    46.51,
    46.96,
    47.864,
    48.666,
    49.476,
    49.814,
    50.648,
    51.586,
    51.928,
    52.37,
    53.064,
    53.644,
    53.726,
    54.698,
    55.042,
    55.476,
    55.47,
    56.052,
    56.66,
    57.266,
    57.89,
    57.998,
    58.166,
    58.682,
    59.106,
    59.404,
    59.19,
    60.01,
    60.214,
    60.562,
    60.692,
    61.206,
    61.41,
    61.706,
    61.926,
    62.184,
    62.624,
    62.976,
    62.992,
    63.462,
    63.764,
    63.752,
    64.098,
    64.438,
    64.418,
    64.754,
    64.832,
    65.26,
    65.242,
    65.38,
    66.118,
    66.078,
    66.006,
    66.278,
    66.916,
    66.72,
    66.716,
    67.08,
    67.116,
    67.228,
    67.136,
    67.756,
    67.752,
    67.912,
    68.168,
    67.888,
    67.946,
    68.204,
    68.48,
    68.168,
    68.77,
    68.772,
    68.286,
    68.822,
    68.556,
    68.95,
    68.84,
    68.97,
    68.594,
    68.942,
    68.986,
    69.07,
    68.984,
    69.098
  ],
  "train_acc5": [
    20.038,
    33.43,
    43.982,
    51.338,
    55.902,
    59.944,
    62.596,
    64.774,
    66.748,
    68.48,
    69.896,
    71.42,
    72.238,
    73.38,
    73.9,
    74.93,
    75.828,
    76.394,
    76.718,
    77.72,
    78.396,
    78.69,
    79.316,
    79.526,
    80.076,
    80.366,
    80.828,
    81.22,
    81.458,
    81.848,
    82.306,
    82.286,
    82.786,
    82.96,
    83.126,
    83.464,
    83.888,
    83.982,
    84.144,
    84.634,
    84.736,
    84.842,
    84.918,
    85.218,
    85.556,
    85.524,
    85.816,
    85.948,
    86.136,
    86.388,
    86.502,
    86.544,
    86.944,
    86.972,
    87.118,
    87.108,
    87.392,
    87.426,
    87.668,
    87.612,
    88.06,
    87.888,
    88.004,
    88.094,
    88.188,
    88.204,
    88.364,
    88.804,
    88.632,
    88.78,
    89.11,
    89.292,
    89.048,
    89.182,
    89.226,
    89.43,
    89.164,
    89.686,
    89.428,
    89.712,
    89.718,
    89.512,
    89.784,
    89.904,
    89.824,
    89.702,
    90.084,
    89.926,
    89.902,
    90.104,
    90.14,
    90.022,
    90.134,
    90.246,
    90.142,
    90.152,
    90.062,
    90.142,
    90.328,
    90.218
  ],
  "test_loss": [
    3.9540617843627928,
    3.7592724418640135,
    3.2537343585968017,
    3.1886895294189452,
    2.9022228561401366,
    2.930569989013672,
    2.757125144958496,
    2.6116363464355468,
    2.625179293060303,
    2.4679567081451417,
    2.4093069759368895,
    2.366227572250366,
    2.3627737464904786,
    2.3270024963378906,
    2.323352719116211,
    2.27027940826416,
    2.181655362319946,
    2.1530460414886474,
    2.130706510543823,
    2.1632232204437254,
    2.1160144248962403,
    2.071517300415039,
    2.0822589931488036,
    2.061792839050293,
    2.032775009918213,
    2.01355521812439,
    1.9910088806152344,
    1.9725299877166749,
    1.9683566940307617,
    1.9232609477996827,
    1.9547524280548096,
    1.929554103088379,
    1.9150183040618896,
    1.9278375387191773,
    1.9208056896209718,
    1.9026783943176269,
    1.8888548103332519,
    1.8903325382232665,
    1.863265361404419,
    1.8719611513137817,
    1.8615216716766358,
    1.8327051725387573,
    1.820023398590088,
    1.8436646253585816,
    1.842606827545166,
    1.8223710786819458,
    1.8043410690307617,
    1.797993004989624,
    1.8124093364715577,
    1.8035637403488158,
    1.804143871307373,
    1.7958136203765869,
    1.7773150726318359,
    1.7955467138290406,
    1.777355776977539,
    1.7680734466552734,
    1.759246855545044,
    1.7561982067108155,
    1.774542101097107,
    1.7534523574829102,
    1.7613047946929932,
    1.7601749744415283,
    1.7419632621765138,
    1.745167504119873,
    1.7383496686935425,
    1.7382586547851562,
    1.7307198600769043,
    1.726586372756958,
    1.7318606475830078,
    1.723579250907898,
    1.7281320461273193,
    1.725330336380005,
    1.724877928161621,
    1.7176885562896729,
    1.7180385375976563,
    1.7052260932922363,
    1.7112255437850952,
    1.7084259223937988,
    1.7110065858840942,
    1.7055431552886964,
    1.7014380443572998,
    1.7033273988723754,
    1.698501338005066,
    1.6982595623016357,
    1.6990966236114502,
    1.6966639934539796,
    1.6997384864807128,
    1.697824499320984,
    1.697220251083374,
    1.6931458604812621,
    1.6945893886566161,
    1.6925971900939942,
    1.6935459892272948,
    1.6922939682006837,
    1.692352753829956,
    1.6963501678466797,
    1.694294440841675,
    1.6935990200042725,
    1.6945304363250733,
    1.692715125656128
  ],